{"stats":{"minecraft:killed_by":{"minecraft:player":2,"minecraft:creeper":1,"minecraft:zombie":1},"minecraft:crafted":{"minecraft:oak_planks":44,"minecraft:cooked_porkchop":2,"minecraft:crafting_table":2,"minecraft:stick":16,"minecraft:wooden_pickaxe":2,"minecraft:stone_pickaxe":1,"minecraft:stone_sword":1,"minecraft:stone_axe":1},"minecraft:picked_up":{"minecraft:crafting_table":3,"minecraft:wooden_pickaxe":1,"minecraft:sand":2,"minecraft:oak_log":11,"minecraft:dirt":20,"minecraft:wheat_seeds":1,"minecraft:oak_planks":23,"minecraft:coal":4,"minecraft:cobblestone":60},"minecraft:used":{"minecraft:stone_pickaxe":56,"minecraft:oak_planks":6,"minecraft:wooden_pickaxe":32,"minecraft:stone_axe":1,"minecraft:dirt":3,"minecraft:sand":2,"minecraft:cobblestone":1,"minecraft:crafting_table":4},"minecraft:custom":{"minecraft:time_since_rest":3841,"minecraft:interact_with_furnace":1,"minecraft:sprint_one_cm":30128,"minecraft:damage_taken":1449,"minecraft:walk_one_cm":29517,"minecraft:damage_dealt":197,"minecraft:swim_one_cm":7073,"minecraft:interact_with_crafting_table":3,"minecraft:fly_one_cm":79640,"minecraft:crouch_one_cm":136,"minecraft:play_time":17381,"minecraft:deaths":5,"minecraft:sneak_time":74,"minecraft:walk_under_water_one_cm":5056,"minecraft:jump":337,"minecraft:time_since_death":3811,"minecraft:walk_on_water_one_cm":7421,"minecraft:total_world_time":17381,"minecraft:climb_one_cm":480,"minecraft:fall_one_cm":13853},"minecraft:mined":{"minecraft:crafting_table":2,"minecraft:grass":5,"minecraft:coal_ore":4,"minecraft:grass_block":3,"minecraft:oak_log":11,"minecraft:sand":2,"minecraft:dirt":17,"minecraft:stone":56,"minecraft:oak_leaves":1,"minecraft:fern":3}},"DataVersion":3105}