{"stats":{"minecraft:killed_by":{"minecraft:player":1},"minecraft:crafted":{"minecraft:oak_planks":12,"minecraft:crafting_table":1,"minecraft:stick":4,"minecraft:wooden_pickaxe":1},"minecraft:picked_up":{"minecraft:wheat_seeds":1,"minecraft:sand":2,"minecraft:oak_log":3,"minecraft:dirt":10,"minecraft:cobblestone":6},"minecraft:used":{"minecraft:sand":2,"minecraft:crafting_table":1,"minecraft:wooden_pickaxe":22},"minecraft:custom":{"minecraft:time_since_rest":1412,"minecraft:deaths":2,"minecraft:crouch_one_cm":33,"minecraft:play_time":5381,"minecraft:sprint_one_cm":6406,"minecraft:damage_taken":525,"minecraft:walk_one_cm":9378,"minecraft:sneak_time":19,"minecraft:walk_under_water_one_cm":287,"minecraft:jump":93,"minecraft:damage_dealt":174,"minecraft:walk_on_water_one_cm":1845,"minecraft:time_since_death":1304,"minecraft:total_world_time":5381,"minecraft:interact_with_crafting_table":1,"minecraft:fall_one_cm":4361,"minecraft:fly_one_cm":16375},"minecraft:mined":{"minecraft:grass":3,"minecraft:grass_block":3,"minecraft:oak_log":3,"minecraft:dirt":7,"minecraft:sand":2,"minecraft:stone":6,"minecraft:fern":1}},"DataVersion":3105}