{"stats":{"minecraft:killed_by":{"minecraft:player":2,"minecraft:creeper":1,"minecraft:zombie":1},"minecraft:crafted":{"minecraft:oak_planks":44,"minecraft:stone_shovel":1,"minecraft:cooked_porkchop":2,"minecraft:crafting_table":3,"minecraft:wooden_pickaxe":2,"minecraft:furnace":6,"minecraft:stone_axe":1,"minecraft:cooked_mutton":2,"minecraft:stick":24,"minecraft:stone_pickaxe":3,"minecraft:stone_sword":1,"minecraft:torch":8},"minecraft:picked_up":{"minecraft:crafting_table":5,"minecraft:clay_ball":42,"minecraft:andesite":17,"minecraft:wooden_pickaxe":1,"minecraft:oak_log":11,"minecraft:dirt":20,"minecraft:wheat_seeds":2,"minecraft:cobbled_deepslate":4,"minecraft:oak_planks":23,"minecraft:moss_block":1,"minecraft:stick":3,"minecraft:raw_iron":51,"minecraft:sandstone":6,"minecraft:big_dripleaf":1,"minecraft:torch":2,"minecraft:sand":2,"minecraft:diorite":3,"minecraft:granite":3,"minecraft:rooted_dirt":38,"minecraft:glow_berries":2,"minecraft:coal":28,"minecraft:cobblestone":178},"minecraft:used":{"minecraft:cooked_mutton":2,"minecraft:stone_shovel":41,"minecraft:stone_pickaxe":285,"minecraft:oak_planks":6,"minecraft:wooden_pickaxe":33,"minecraft:torch":6,"minecraft:dirt":3,"minecraft:sand":2,"minecraft:crafting_table":6,"minecraft:stone_axe":5,"minecraft:cobblestone":23,"minecraft:cooked_porkchop":1,"minecraft:andesite":17},"minecraft:custom":{"minecraft:interact_with_furnace":3,"minecraft:interact_with_crafting_table":10,"minecraft:time_since_death":27811,"minecraft:sleep_in_bed":1,"minecraft:climb_one_cm":1412,"minecraft:time_since_rest":22645,"minecraft:sprint_one_cm":58219,"minecraft:damage_taken":1659,"minecraft:walk_one_cm":90044,"minecraft:drop":8,"minecraft:damage_dealt":407,"minecraft:swim_one_cm":13925,"minecraft:fly_one_cm":100244,"minecraft:crouch_one_cm":1582,"minecraft:play_time":41381,"minecraft:deaths":5,"minecraft:sneak_time":440,"minecraft:walk_under_water_one_cm":6971,"minecraft:jump":643,"minecraft:walk_on_water_one_cm":16457,"minecraft:total_world_time":41381,"minecraft:fall_one_cm":18443},"minecraft:mined":{"minecraft:clay":10,"minecraft:crafting_table":4,"minecraft:granite":3,"minecraft:grass_block":3,"minecraft:moss_block":1,"minecraft:diorite":3,"minecraft:sandstone":6,"minecraft:rooted_dirt":39,"minecraft:wall_torch":1,"minecraft:big_dripleaf":1,"minecraft:iron_ore":50,"minecraft:andesite":17,"minecraft:grass":5,"minecraft:oak_log":11,"minecraft:coal_ore":28,"minecraft:cave_vines":1,"minecraft:deepslate_iron_ore":1,"minecraft:sand":2,"minecraft:dirt":17,"minecraft:stone":165,"minecraft:oak_leaves":1,"minecraft:deepslate":4,"minecraft:fern":3},"minecraft:dropped":{"minecraft:oak_planks":4,"minecraft:stick":6},"minecraft:broken":{"minecraft:stone_pickaxe":1}},"DataVersion":3105}