{"stats":{"minecraft:killed":{"minecraft:spider":6,"minecraft:skeleton":13,"minecraft:chicken":1,"minecraft:husk":1,"minecraft:pig":6,"minecraft:salmon":2,"minecraft:rabbit":1,"minecraft:creeper":2,"minecraft:sheep":18,"minecraft:zombie":20,"minecraft:cow":12},"minecraft:custom":{"minecraft:mob_kills":83,"minecraft:interact_with_crafting_table":24,"minecraft:leave_game":2,"minecraft:time_since_death":31656,"minecraft:climb_one_cm":3929,"minecraft:sprint_one_cm":256754,"minecraft:walk_one_cm":384823,"minecraft:damage_blocked_by_shield":2235,"minecraft:drop":39,"minecraft:play_time":122041,"minecraft:deaths":9,"minecraft:sneak_time":2040,"minecraft:walk_under_water_one_cm":14731,"minecraft:boat_one_cm":51401,"minecraft:jump":2273,"minecraft:walk_on_water_one_cm":31868,"minecraft:total_world_time":122041,"minecraft:interact_with_furnace":41,"minecraft:sleep_in_bed":2,"minecraft:time_since_rest":31734,"minecraft:damage_taken":3979,"minecraft:damage_dealt":11944,"minecraft:fly_one_cm":347927,"minecraft:swim_one_cm":19932,"minecraft:open_chest":4,"minecraft:crouch_one_cm":6853,"minecraft:fall_one_cm":52458},"minecraft:used":{"minecraft:stone_sword":3,"minecraft:flint_and_steel":1,"minecraft:stone_shovel":94,"minecraft:shield":55,"minecraft:rotten_flesh":12,"minecraft:oak_door":1,"minecraft:torch":17,"minecraft:dirt":4,"minecraft:granite":9,"minecraft:iron_axe":122,"minecraft:furnace":12,"minecraft:cobbled_deepslate":12,"minecraft:iron_leggings":1,"minecraft:cooked_mutton":2,"minecraft:water_bucket":21,"minecraft:stone_pickaxe":380,"minecraft:oak_planks":6,"minecraft:wooden_pickaxe":33,"minecraft:glow_berries":12,"minecraft:sand":2,"minecraft:crafting_table":16,"minecraft:white_bed":2,"minecraft:melon_slice":48,"minecraft:iron_pickaxe":68,"minecraft:gravel":24,"minecraft:stone_axe":85,"minecraft:cobblestone":136,"minecraft:cooked_porkchop":2,"minecraft:bucket":21,"minecraft:andesite":20,"minecraft:oak_boat":1,"minecraft:golden_pickaxe":1},"minecraft:crafted":{"minecraft:oak_door":3,"minecraft:oak_planks":80,"minecraft:stone_shovel":1,"minecraft:furnace":6,"minecraft:cooked_mutton":2,"minecraft:flint_and_steel":1,"minecraft:iron_boots":1,"minecraft:iron_axe":1,"minecraft:stone_pickaxe":3,"minecraft:cooked_porkchop":2,"minecraft:crafting_table":4,"minecraft:wooden_pickaxe":2,"minecraft:iron_helmet":1,"minecraft:bucket":1,"minecraft:stone_axe":1,"minecraft:air":0,"minecraft:oak_boat":1,"minecraft:iron_chestplate":1,"minecraft:shield":2,"minecraft:stick":32,"minecraft:iron_ingot":55,"minecraft:iron_pickaxe":1,"minecraft:stone_sword":1,"minecraft:iron_leggings":1,"minecraft:white_bed":2,"minecraft:torch":12},"minecraft:picked_up":{"minecraft:iron_chestplate":2,"minecraft:crafting_table":15,"minecraft:chicken":4,"minecraft:clay_ball":318,"minecraft:wooden_pickaxe":4,"minecraft:shield":3,"minecraft:string":18,"minecraft:iron_axe":5,"minecraft:raw_copper":12,"minecraft:flint_and_steel":5,"minecraft:iron_leggings":5,"minecraft:cobbled_deepslate":26,"minecraft:beef":54,"minecraft:oak_boat":1,"minecraft:azalea":4,"minecraft:iron_pickaxe":5,"minecraft:light_gray_wool":1,"minecraft:melon_slice":305,"minecraft:sugar_cane":358,"minecraft:egg":1,"minecraft:furnace":36,"minecraft:iron_boots":5,"minecraft:stick":3,"minecraft:raw_iron":127,"minecraft:sandstone":21,"minecraft:big_dripleaf":3,"minecraft:torch":10,"minecraft:porkchop":26,"minecraft:diorite":3,"minecraft:stone_shovel":4,"minecraft:rotten_flesh":40,"minecraft:arrow":36,"minecraft:cactus":1,"minecraft:stone_sword":5,"minecraft:glow_berries":12,"minecraft:mutton":118,"minecraft:white_wool":41,"minecraft:cobblestone":221,"minecraft:water_bucket":1,"minecraft:salmon":14,"minecraft:andesite":52,"minecraft:leather":54,"minecraft:flint":3,"minecraft:oak_log":20,"minecraft:gunpowder":6,"minecraft:lapis_lazuli":144,"minecraft:dirt":28,"minecraft:bone":51,"minecraft:wheat_seeds":2,"minecraft:rabbit_hide":1,"minecraft:iron_ingot":92,"minecraft:moss_block":4,"minecraft:flowering_azalea":12,"minecraft:oak_planks":113,"minecraft:gravel":117,"minecraft:sand":7,"minecraft:amethyst_shard":72,"minecraft:jungle_slab":1,"minecraft:spider_eye":1,"minecraft:iron_helmet":2,"minecraft:granite":9,"minecraft:rooted_dirt":38,"minecraft:coal":85},"minecraft:broken":{"minecraft:stone_pickaxe":2,"minecraft:shield":1,"minecraft:stone_axe":1},"minecraft:dropped":{"minecraft:moss_block":4,"minecraft:wheat_seeds":1,"minecraft:rooted_dirt":38,"minecraft:stick":6,"minecraft:dirt":4,"minecraft:diorite":3,"minecraft:melon_slice":73,"minecraft:amethyst_shard":12,"minecraft:flowering_azalea":6,"minecraft:sand":5,"minecraft:cactus":1,"minecraft:oak_door":2,"minecraft:gravel":1,"minecraft:iron_nugget":3,"minecraft:cobbled_deepslate":4,"minecraft:stone_shovel":1,"minecraft:chicken":2,"minecraft:light_gray_wool":1,"minecraft:oak_planks":4,"minecraft:salmon":4,"minecraft:big_dripleaf":3,"minecraft:rabbit_hide":1,"minecraft:azalea":1,"minecraft:spider_eye":1,"minecraft:sandstone":21,"minecraft:egg":1},"minecraft:mined":{"minecraft:dark_oak_planks":5,"minecraft:jungle_slab":4,"minecraft:granite":9,"minecraft:grass_block":9,"minecraft:jungle_planks":2,"minecraft:moss_block":4,"minecraft:sandstone":22,"minecraft:rooted_dirt":39,"minecraft:furnace":6,"minecraft:iron_ore":71,"minecraft:cobbled_deepslate":2,"minecraft:andesite":53,"minecraft:dark_oak_stairs":1,"minecraft:cave_vines":4,"minecraft:deepslate_iron_ore":1,"minecraft:flowering_azalea_leaves":2,"minecraft:vine":6,"minecraft:small_amethyst_bud":1,"minecraft:azalea_leaves":3,"minecraft:azalea":1,"minecraft:stone":199,"minecraft:flowering_azalea":2,"minecraft:amethyst_cluster":3,"minecraft:clay":16,"minecraft:crafting_table":13,"minecraft:torch":4,"minecraft:jungle_stairs":1,"minecraft:melon":14,"minecraft:tall_grass":1,"minecraft:cobblestone":5,"minecraft:lapis_ore":3,"minecraft:sugar_cane":29,"minecraft:diorite":3,"minecraft:wall_torch":5,"minecraft:big_dripleaf":2,"minecraft:grass":13,"minecraft:oak_log":20,"minecraft:coal_ore":31,"minecraft:gravel":29,"minecraft:sand":7,"minecraft:dirt":25,"minecraft:oak_leaves":3,"minecraft:deepslate":16,"minecraft:fern":3},"minecraft:killed_by":{"minecraft:player":2,"minecraft:creeper":2,"minecraft:spider":2,"minecraft:zombie":2}},"DataVersion":3105}