{"stats":{"minecraft:mined":{"minecraft:dark_oak_planks":5,"minecraft:white_bed":4,"minecraft:jungle_slab":4,"minecraft:sculk_vein":1,"minecraft:granite":9,"minecraft:grass_block":377,"minecraft:jungle_log":7,"minecraft:smooth_stone":1,"minecraft:iron_ore":71,"minecraft:cobbled_deepslate":16,"minecraft:fletching_table":2,"minecraft:dark_oak_stairs":1,"minecraft:cave_vines":4,"minecraft:water_cauldron":4,"minecraft:flowering_azalea_leaves":2,"minecraft:dirt_path":5,"minecraft:oak_stairs":3,"minecraft:small_amethyst_bud":1,"minecraft:azalea_leaves":3,"minecraft:azalea":1,"minecraft:amethyst_cluster":3,"minecraft:clay":16,"minecraft:torch":4,"minecraft:jungle_stairs":1,"minecraft:melon":20,"minecraft:dead_bush":15,"minecraft:cobblestone":10,"minecraft:sugar_cane":49,"minecraft:wall_torch":5,"minecraft:birch_log":26,"minecraft:grass":91,"minecraft:oak_log":153,"minecraft:sand":10,"minecraft:dirt":252,"minecraft:oak_leaves":41,"minecraft:deepslate":37,"minecraft:tuff":6,"minecraft:mossy_cobblestone":7,"minecraft:deepslate_diamond_ore":10,"minecraft:jungle_planks":2,"minecraft:moss_block":4,"minecraft:sandstone":22,"minecraft:rooted_dirt":39,"minecraft:furnace":14,"minecraft:andesite":66,"minecraft:deepslate_iron_ore":12,"minecraft:vine":7,"minecraft:stone":381,"minecraft:oak_slab":3,"minecraft:flowering_azalea":2,"minecraft:dandelion":1,"minecraft:crafting_table":22,"minecraft:lectern":2,"minecraft:tall_grass":28,"minecraft:copper_ore":2,"minecraft:lapis_ore":3,"minecraft:deepslate_gold_ore":25,"minecraft:diorite":7,"minecraft:big_dripleaf":2,"minecraft:coal_ore":55,"minecraft:gravel":44,"minecraft:fern":3,"minecraft:jungle_wall_sign":1},"minecraft:broken":{"minecraft:stone_pickaxe":2,"minecraft:stone_axe":1,"minecraft:stone_shovel":5,"minecraft:shield":4,"minecraft:iron_axe":2,"minecraft:iron_pickaxe":1},"minecraft:dropped":{"minecraft:moss_block":4,"minecraft:birch_planks":4,"minecraft:oak_pressure_plate":2,"minecraft:rooted_dirt":38,"minecraft:dirt":18,"minecraft:amethyst_shard":12,"minecraft:sand":5,"minecraft:sugar":1,"minecraft:iron_pickaxe":4,"minecraft:cauldron":2,"minecraft:oak_door":2,"minecraft:gravel":6,"minecraft:iron_nugget":3,"minecraft:cobbled_deepslate":8,"minecraft:rotten_flesh":42,"minecraft:oak_planks":5,"minecraft:salmon":4,"minecraft:rabbit_hide":1,"minecraft:oak_wood":3,"minecraft:azalea":1,"minecraft:egg":2,"minecraft:wheat_seeds":13,"minecraft:feather":4,"minecraft:stick":9,"minecraft:diorite":4,"minecraft:melon_slice":73,"minecraft:iron_leggings":1,"minecraft:flowering_azalea":6,"minecraft:smooth_stone":2,"minecraft:cactus":1,"minecraft:string":7,"minecraft:dandelion":2,"minecraft:tuff":5,"minecraft:stone_shovel":2,"minecraft:chicken":2,"minecraft:light_gray_wool":1,"minecraft:clay_ball":64,"minecraft:big_dripleaf":3,"minecraft:cobblestone_slab":6,"minecraft:andesite":52,"minecraft:oak_sapling":2,"minecraft:spider_eye":1,"minecraft:sandstone":21,"minecraft:wooden_pickaxe":3},"minecraft:picked_up":{"minecraft:wooden_axe":1,"minecraft:iron_chestplate":6,"minecraft:oak_stairs":3,"minecraft:string":42,"minecraft:raw_copper":12,"minecraft:iron_leggings":10,"minecraft:cobbled_deepslate":105,"minecraft:smooth_stone":3,"minecraft:bucket":1,"minecraft:cobblestone_slab":70,"minecraft:wooden_shovel":1,"minecraft:azalea":4,"minecraft:iron_pickaxe":13,"minecraft:enchanted_golden_apple":2,"minecraft:melon_slice":366,"minecraft:iron_boots":8,"minecraft:furnace":50,"minecraft:stick":341,"minecraft:big_dripleaf":3,"minecraft:torch":10,"minecraft:porkchop":29,"minecraft:diorite":5,"minecraft:cauldron":14,"minecraft:rotten_flesh":96,"minecraft:stone_sword":8,"minecraft:cactus":1,"minecraft:obsidian":3,"minecraft:cobblestone":445,"minecraft:enchanting_table":1,"minecraft:birch_log":26,"minecraft:feather":10,"minecraft:cooked_beef":25,"minecraft:birch_slab":2,"minecraft:water_bucket":2,"minecraft:andesite":100,"minecraft:jungle_log":7,"minecraft:potato":14,"minecraft:flint":5,"minecraft:tuff":16,"minecraft:lapis_lazuli":175,"minecraft:dirt":754,"minecraft:name_tag":2,"minecraft:bone":157,"minecraft:bow":4,"minecraft:wheat_seeds":33,"minecraft:raw_gold":36,"minecraft:rabbit":4,"minecraft:fletching_table":2,"minecraft:moss_block":4,"minecraft:oak_planks":182,"minecraft:oak_pressure_plate":1,"minecraft:sand":21,"minecraft:jungle_slab":1,"minecraft:sugar":1,"minecraft:diamond":24,"minecraft:granite":9,"minecraft:golden_apple":7,"minecraft:bread":1,"minecraft:emerald":24,"minecraft:rooted_dirt":38,"minecraft:oak_sapling":11,"minecraft:diamond_pickaxe":1,"minecraft:crafting_table":26,"minecraft:chicken":10,"minecraft:clay_ball":318,"minecraft:golden_pickaxe":1,"minecraft:wooden_pickaxe":8,"minecraft:cooked_rabbit":2,"minecraft:shield":6,"minecraft:cornflower":1,"minecraft:iron_axe":8,"minecraft:flint_and_steel":6,"minecraft:beef":70,"minecraft:oak_boat":9,"minecraft:iron_nugget":6,"minecraft:light_gray_wool":1,"minecraft:lectern":3,"minecraft:birch_sapling":1,"minecraft:sugar_cane":533,"minecraft:egg":6,"minecraft:raw_iron":138,"minecraft:sandstone":21,"minecraft:jungle_sign":1,"minecraft:stone_shovel":7,"minecraft:arrow":118,"minecraft:golden_hoe":1,"minecraft:saddle":4,"minecraft:gold_ingot":3,"minecraft:glow_berries":12,"minecraft:mutton":143,"minecraft:white_wool":52,"minecraft:oxeye_daisy":1,"minecraft:jungle_boat":3,"minecraft:salmon":14,"minecraft:leather":83,"minecraft:birch_planks":39,"minecraft:oak_log":158,"minecraft:gunpowder":28,"minecraft:cooked_mutton":49,"minecraft:apple":11,"minecraft:rabbit_hide":3,"minecraft:iron_ingot":96,"minecraft:flowering_azalea":12,"minecraft:book":1,"minecraft:oak_slab":3,"minecraft:birch_boat":1,"minecraft:dandelion":8,"minecraft:spyglass":2,"minecraft:gravel":133,"minecraft:amethyst_shard":83,"minecraft:white_bed":3,"minecraft:spider_eye":1,"minecraft:stone_axe":1,"minecraft:iron_helmet":5,"minecraft:diamond_axe":1,"minecraft:coal":119},"minecraft:used":{"minecraft:chest":2,"minecraft:shield":194,"minecraft:rotten_flesh":17,"minecraft:iron_chestplate":1,"minecraft:mutton":9,"minecraft:tuff":3,"minecraft:lava_bucket":2,"minecraft:bow":6,"minecraft:furnace":14,"minecraft:potato":5,"minecraft:diorite":1,"minecraft:stone_pickaxe":380,"minecraft:oak_planks":11,"minecraft:wooden_pickaxe":56,"minecraft:diamond_axe":24,"minecraft:jungle_boat":3,"minecraft:white_wool":4,"minecraft:golden_apple":2,"minecraft:glow_berries":12,"minecraft:sand":2,"minecraft:birch_slab":7,"minecraft:bread":1,"minecraft:melon_slice":105,"minecraft:lectern":3,"minecraft:gravel":28,"minecraft:jungle_sign":4,"minecraft:cooked_rabbit":3,"minecraft:andesite":30,"minecraft:oak_boat":11,"minecraft:golden_pickaxe":18,"minecraft:stone_sword":121,"minecraft:flint_and_steel":1,"minecraft:stone_shovel":757,"minecraft:wooden_shovel":21,"minecraft:oak_door":1,"minecraft:torch":27,"minecraft:dirt":298,"minecraft:spyglass":15,"minecraft:granite":9,"minecraft:wooden_axe":34,"minecraft:iron_axe":373,"minecraft:oak_stairs":2,"minecraft:beef":4,"minecraft:cooked_beef":13,"minecraft:cobbled_deepslate":55,"minecraft:iron_leggings":2,"minecraft:cooked_mutton":28,"minecraft:water_bucket":46,"minecraft:rabbit":1,"minecraft:birch_planks":15,"minecraft:birch_boat":3,"minecraft:fletching_table":3,"minecraft:glow_ink_sac":3,"minecraft:cobblestone_slab":56,"minecraft:oak_slab":152,"minecraft:crafting_table":35,"minecraft:white_bed":7,"minecraft:diamond_pickaxe":17,"minecraft:apple":1,"minecraft:chicken":2,"minecraft:iron_pickaxe":369,"minecraft:stone_axe":110,"minecraft:cobblestone":157,"minecraft:cooked_porkchop":2,"minecraft:porkchop":8,"minecraft:bucket":48},"minecraft:custom":{"minecraft:interact_with_crafting_table":85,"minecraft:open_barrel":6,"minecraft:leave_game":8,"minecraft:time_since_death":751,"minecraft:sprint_one_cm":1129977,"minecraft:damage_blocked_by_shield":9325,"minecraft:drop":92,"minecraft:talked_to_villager":42,"minecraft:play_time":404528,"minecraft:deaths":23,"minecraft:jump":8971,"minecraft:walk_on_water_one_cm":105544,"minecraft:interact_with_furnace":124,"minecraft:traded_with_villager":17,"minecraft:sleep_in_bed":7,"minecraft:damage_dealt":30002,"minecraft:crouch_one_cm":57040,"minecraft:mob_kills":196,"minecraft:climb_one_cm":5978,"minecraft:walk_one_cm":1161728,"minecraft:sneak_time":13509,"minecraft:walk_under_water_one_cm":74530,"minecraft:boat_one_cm":446902,"minecraft:total_world_time":404528,"minecraft:time_since_rest":782,"minecraft:damage_taken":10949,"minecraft:damage_absorbed":80,"minecraft:swim_one_cm":50412,"minecraft:fly_one_cm":1779943,"minecraft:open_chest":51,"minecraft:fall_one_cm":251523},"minecraft:killed":{"minecraft:spider":10,"minecraft:skeleton":39,"minecraft:chicken":7,"minecraft:wolf":1,"minecraft:pig":7,"minecraft:zombie_villager":1,"minecraft:salmon":2,"minecraft:creeper":2,"minecraft:sheep":26,"minecraft:zombie":54,"minecraft:cow":21,"minecraft:horse":9,"minecraft:husk":3,"minecraft:rabbit":10,"minecraft:enderman":1},"minecraft:crafted":{"minecraft:oak_planks":596,"minecraft:cobblestone_slab":126,"minecraft:oak_pressure_plate":1,"minecraft:birch_boat":2,"minecraft:birch_slab":12,"minecraft:bookshelf":1,"minecraft:cooked_mutton":30,"minecraft:bow":1,"minecraft:iron_boots":1,"minecraft:chest":2,"minecraft:cooked_rabbit":1,"minecraft:oak_slab":150,"minecraft:wooden_shovel":1,"minecraft:emerald":17,"minecraft:cooked_porkchop":2,"minecraft:crafting_table":15,"minecraft:jungle_boat":2,"minecraft:wooden_pickaxe":3,"minecraft:iron_helmet":1,"minecraft:copper_ingot":2,"minecraft:fletching_table":1,"minecraft:oak_wood":3,"minecraft:birch_planks":104,"minecraft:lectern":1,"minecraft:iron_chestplate":2,"minecraft:book":4,"minecraft:paper":12,"minecraft:shield":5,"minecraft:stick":745,"minecraft:iron_ingot":77,"minecraft:iron_pickaxe":3,"minecraft:stone_sword":2,"minecraft:gold_ingot":25,"minecraft:jungle_sign":3,"minecraft:oak_door":3,"minecraft:stone_shovel":6,"minecraft:spyglass":1,"minecraft:furnace":6,"minecraft:flint_and_steel":1,"minecraft:iron_axe":3,"minecraft:stone_pickaxe":3,"minecraft:cooked_beef":18,"minecraft:bucket":1,"minecraft:stone_axe":2,"minecraft:jungle_planks":24,"minecraft:air":0,"minecraft:oak_boat":5,"minecraft:wooden_axe":2,"minecraft:iron_leggings":2,"minecraft:white_bed":4,"minecraft:torch":20},"minecraft:killed_by":{"minecraft:creeper":3,"minecraft:zombie":5,"minecraft:player":2,"minecraft:spider":3,"minecraft:skeleton":3}},"DataVersion":3105}