{"stats":{"minecraft:broken":{"minecraft:stone_pickaxe":2,"minecraft:stone_axe":1,"minecraft:stone_shovel":6,"minecraft:shield":5,"minecraft:iron_axe":3,"minecraft:iron_pickaxe":2},"minecraft:used":{"minecraft:beetroot":1,"minecraft:bone_block":4,"minecraft:oak_sign":1,"minecraft:chest":8,"minecraft:shield":249,"minecraft:iron_sword":243,"minecraft:rotten_flesh":21,"minecraft:iron_chestplate":4,"minecraft:mutton":10,"minecraft:tuff":4,"minecraft:obsidian":2,"minecraft:glass":10,"minecraft:lava_bucket":19,"minecraft:iron_helmet":1,"minecraft:bow":9,"minecraft:furnace":22,"minecraft:egg":17,"minecraft:potato":17,"minecraft:diorite":1,"minecraft:stone_pickaxe":380,"minecraft:oak_planks":55,"minecraft:cookie":10,"minecraft:wooden_pickaxe":56,"minecraft:composter":3,"minecraft:sugar_cane":34,"minecraft:diamond_axe":24,"minecraft:golden_apple":2,"minecraft:jungle_boat":3,"minecraft:white_wool":4,"minecraft:glow_berries":12,"minecraft:sand":2,"minecraft:redstone_torch":6,"minecraft:melon_slice":105,"minecraft:birch_slab":7,"minecraft:bread":21,"minecraft:lectern":3,"minecraft:oak_pressure_plate":1,"minecraft:gravel":29,"minecraft:jungle_sign":4,"minecraft:smithing_table":1,"minecraft:cooked_rabbit":3,"minecraft:andesite":30,"minecraft:bone_meal":64,"minecraft:oak_boat":14,"minecraft:golden_pickaxe":18,"minecraft:oak_fence":1,"minecraft:enchanting_table":2,"minecraft:stone_sword":121,"minecraft:flint_and_steel":4,"minecraft:redstone":18,"minecraft:stone_shovel":897,"minecraft:wooden_shovel":21,"minecraft:oak_door":1,"minecraft:torch":31,"minecraft:dirt":401,"minecraft:spyglass":15,"minecraft:anvil":1,"minecraft:hopper":11,"minecraft:granite":9,"minecraft:wooden_axe":34,"minecraft:bookshelf":6,"minecraft:iron_axe":802,"minecraft:oak_stairs":2,"minecraft:beef":12,"minecraft:observer":13,"minecraft:cooked_beef":22,"minecraft:cobbled_deepslate":131,"minecraft:pointed_dripstone":2,"minecraft:iron_leggings":4,"minecraft:wheat_seeds":28,"minecraft:cooked_mutton":33,"minecraft:water_bucket":55,"minecraft:rabbit":1,"minecraft:birch_planks":15,"minecraft:baked_potato":4,"minecraft:birch_boat":3,"minecraft:cauldron":4,"minecraft:glow_ink_sac":3,"minecraft:fletching_table":3,"minecraft:cobblestone_slab":247,"minecraft:oak_slab":152,"minecraft:tnt":1,"minecraft:crafting_table":38,"minecraft:white_bed":9,"minecraft:oak_log":3,"minecraft:piston":8,"minecraft:diamond_pickaxe":17,"minecraft:apple":3,"minecraft:chicken":2,"minecraft:iron_pickaxe":1048,"minecraft:stone_axe":110,"minecraft:fishing_rod":2,"minecraft:cobblestone":302,"minecraft:porkchop":8,"minecraft:cooked_porkchop":3,"minecraft:lapis_block":1,"minecraft:bucket":76,"minecraft:pumpkin_pie":20},"minecraft:crafted":{"minecraft:oak_planks":1240,"minecraft:cobblestone_slab":294,"minecraft:oak_pressure_plate":2,"minecraft:birch_boat":2,"minecraft:birch_slab":12,"minecraft:bookshelf":8,"minecraft:cooked_mutton":35,"minecraft:hopper":6,"minecraft:glass":13,"minecraft:bow":2,"minecraft:iron_boots":2,"minecraft:chest":13,"minecraft:cooked_rabbit":1,"minecraft:oak_slab":156,"minecraft:wooden_shovel":1,"minecraft:arrow":192,"minecraft:emerald":41,"minecraft:cauldron":3,"minecraft:cooked_porkchop":3,"minecraft:smithing_table":1,"minecraft:crafting_table":16,"minecraft:jungle_boat":2,"minecraft:iron_helmet":2,"minecraft:wooden_pickaxe":3,"minecraft:baked_potato":15,"minecraft:copper_ingot":2,"minecraft:fletching_table":1,"minecraft:oak_wood":3,"minecraft:birch_planks":176,"minecraft:lectern":2,"minecraft:iron_chestplate":3,"minecraft:book":26,"minecraft:paper":105,"minecraft:shield":7,"minecraft:stick":1677,"minecraft:iron_ingot":235,"minecraft:iron_pickaxe":5,"minecraft:iron_block":3,"minecraft:stone_sword":2,"minecraft:gold_ingot":25,"minecraft:redstone_torch":3,"minecraft:jungle_sign":3,"minecraft:cookie":54,"minecraft:oak_door":3,"minecraft:stone_shovel":8,"minecraft:fishing_rod":1,"minecraft:spyglass":1,"minecraft:furnace":9,"minecraft:piston":3,"minecraft:flint_and_steel":1,"minecraft:iron_axe":6,"minecraft:stone_pickaxe":3,"minecraft:dark_oak_planks":184,"minecraft:observer":5,"minecraft:wheat":522,"minecraft:cooked_beef":34,"minecraft:bucket":1,"minecraft:stone_axe":16,"minecraft:jungle_planks":24,"minecraft:bread":128,"minecraft:air":0,"minecraft:oak_boat":6,"minecraft:golden_apple":6,"minecraft:wooden_axe":2,"minecraft:iron_leggings":3,"minecraft:anvil":1,"minecraft:white_bed":4,"minecraft:pumpkin_pie":48,"minecraft:torch":20},"minecraft:dropped":{"minecraft:iron_sword":3,"minecraft:moss_block":4,"minecraft:birch_planks":4,"minecraft:oak_pressure_plate":2,"minecraft:cooked_beef":10,"minecraft:oak_log":41,"minecraft:baked_potato":12,"minecraft:ender_pearl":1,"minecraft:cookie":16,"minecraft:rooted_dirt":38,"minecraft:leather":1,"minecraft:fletching_table":2,"minecraft:leather_helmet":1,"minecraft:emerald":23,"minecraft:flint":3,"minecraft:dirt":68,"minecraft:pumpkin_pie":17,"minecraft:bone_block":2,"minecraft:amethyst_shard":12,"minecraft:sand":15,"minecraft:sugar":1,"minecraft:iron_pickaxe":5,"minecraft:fishing_rod":1,"minecraft:white_wool":1,"minecraft:cauldron":2,"minecraft:bone":5,"minecraft:gravel":7,"minecraft:oak_door":2,"minecraft:stone_axe":8,"minecraft:sugar_cane":47,"minecraft:iron_nugget":11,"minecraft:cobbled_deepslate":8,"minecraft:birch_sapling":1,"minecraft:wheat":14,"minecraft:obsidian":38,"minecraft:beetroot":1,"minecraft:rotten_flesh":67,"minecraft:enchanted_golden_apple":1,"minecraft:oak_planks":84,"minecraft:salmon":4,"minecraft:poppy":14,"minecraft:rabbit_hide":1,"minecraft:oak_wood":3,"minecraft:charcoal":2,"minecraft:beetroot_seeds":2,"minecraft:azalea":1,"minecraft:arrow":24,"minecraft:beef":3,"minecraft:netherrack":1,"minecraft:enchanting_table":3,"minecraft:egg":6,"minecraft:iron_ingot":47,"minecraft:bread":25,"minecraft:oak_slab":5,"minecraft:wheat_seeds":31,"minecraft:tnt":9,"minecraft:mossy_cobblestone":4,"minecraft:iron_helmet":1,"minecraft:feather":9,"minecraft:cobblestone":58,"minecraft:book":3,"minecraft:grass_block":3,"minecraft:coal":40,"minecraft:stick":11,"minecraft:oxeye_daisy":1,"minecraft:diorite":4,"minecraft:ink_sac":2,"minecraft:melon_slice":73,"minecraft:iron_leggings":2,"minecraft:flowering_azalea":6,"minecraft:iron_axe":1,"minecraft:cactus":1,"minecraft:smooth_stone":2,"minecraft:paper":3,"minecraft:string":36,"minecraft:bucket":1,"minecraft:lapis_block":19,"minecraft:redstone_block":11,"minecraft:dandelion":5,"minecraft:tuff":5,"minecraft:stone_shovel":8,"minecraft:chicken":3,"minecraft:light_gray_wool":1,"minecraft:clay_ball":64,"minecraft:iron_boots":2,"minecraft:oak_sign":2,"minecraft:flint_and_steel":2,"minecraft:big_dripleaf":3,"minecraft:potato":7,"minecraft:cobblestone_slab":32,"minecraft:shield":2,"minecraft:iron_chestplate":2,"minecraft:diamond_pickaxe":2,"minecraft:andesite":52,"minecraft:oak_boat":1,"minecraft:oak_sapling":6,"minecraft:spider_eye":11,"minecraft:sandstone":21,"minecraft:wooden_pickaxe":3},"minecraft:picked_up":{"minecraft:wooden_axe":2,"minecraft:iron_chestplate":18,"minecraft:wheat":189,"minecraft:redstone_block":55,"minecraft:oak_stairs":4,"minecraft:enchanted_book":3,"minecraft:lapis_block":19,"minecraft:string":99,"minecraft:raw_copper":12,"minecraft:iron_leggings":19,"minecraft:oak_sign":4,"minecraft:beetroot":2,"minecraft:diamond_leggings":2,"minecraft:cobbled_deepslate":248,"minecraft:smooth_stone":3,"minecraft:bucket":8,"minecraft:redstone_torch":9,"minecraft:cobblestone_slab":141,"minecraft:calcite":14,"minecraft:azalea":4,"minecraft:wooden_shovel":1,"minecraft:iron_pickaxe":21,"minecraft:enchanted_golden_apple":4,"minecraft:melon_slice":366,"minecraft:iron_boots":18,"minecraft:furnace":51,"minecraft:stick":873,"minecraft:composter":3,"minecraft:big_dripleaf":3,"minecraft:oak_fence":1,"minecraft:torch":102,"minecraft:porkchop":31,"minecraft:pointed_dripstone":2,"minecraft:diorite":5,"minecraft:cauldron":15,"minecraft:goat_horn":5,"minecraft:stone_sword":8,"minecraft:cactus":1,"minecraft:rotten_flesh":142,"minecraft:bookshelf":1,"minecraft:obsidian":91,"minecraft:cobblestone":1554,"minecraft:birch_log":44,"minecraft:enchanting_table":7,"minecraft:magma_block":1,"minecraft:feather":21,"minecraft:cooked_beef":44,"minecraft:birch_slab":2,"minecraft:water_bucket":8,"minecraft:andesite":100,"minecraft:jungle_log":7,"minecraft:potato":75,"minecraft:flint":11,"minecraft:tuff":17,"minecraft:map":2,"minecraft:lapis_lazuli":190,"minecraft:dirt":995,"minecraft:name_tag":2,"minecraft:bone":180,"minecraft:glass":12,"minecraft:acacia_planks":3,"minecraft:bow":18,"minecraft:wheat_seeds":173,"minecraft:raw_gold":41,"minecraft:bell":2,"minecraft:rabbit":4,"minecraft:fletching_table":7,"minecraft:diamond_helmet":2,"minecraft:glowstone_dust":2,"minecraft:moss_block":4,"minecraft:stone_hoe":1,"minecraft:oak_planks":575,"minecraft:oak_pressure_plate":1,"minecraft:sand":51,"minecraft:ink_sac":4,"minecraft:grass_block":3,"minecraft:jungle_slab":1,"minecraft:dark_oak_log":46,"minecraft:mossy_cobblestone":5,"minecraft:sugar":1,"minecraft:diamond":26,"minecraft:granite":9,"minecraft:golden_apple":10,"minecraft:emerald":143,"minecraft:golden_horse_armor":2,"minecraft:bread":219,"minecraft:rooted_dirt":38,"minecraft:netherrack":2,"minecraft:oak_sapling":51,"minecraft:diamond_pickaxe":6,"minecraft:charcoal":24,"minecraft:crafting_table":29,"minecraft:chicken":11,"minecraft:leather_leggings":2,"minecraft:clay_ball":318,"minecraft:golden_pickaxe":1,"minecraft:wooden_pickaxe":8,"minecraft:cooked_rabbit":2,"minecraft:gold_block":7,"minecraft:shield":13,"minecraft:cornflower":1,"minecraft:iron_axe":15,"minecraft:flint_and_steel":13,"minecraft:beef":128,"minecraft:oak_boat":16,"minecraft:observer":8,"minecraft:light_gray_wool":2,"minecraft:iron_nugget":21,"minecraft:poppy":22,"minecraft:birch_sapling":2,"minecraft:lectern":3,"minecraft:chest":20,"minecraft:sugar_cane":685,"minecraft:piston":5,"minecraft:egg":32,"minecraft:raw_iron":480,"minecraft:sandstone":21,"minecraft:cookie":29,"minecraft:carrot":25,"minecraft:redstone":15,"minecraft:jungle_sign":1,"minecraft:dark_oak_planks":141,"minecraft:tnt":18,"minecraft:stone_shovel":25,"minecraft:arrow":400,"minecraft:beetroot_seeds":2,"minecraft:pumpkin_pie":13,"minecraft:golden_hoe":2,"minecraft:shears":1,"minecraft:hay_block":2,"minecraft:saddle":6,"minecraft:gold_ingot":18,"minecraft:bone_block":6,"minecraft:glow_berries":12,"minecraft:mutton":152,"minecraft:white_wool":66,"minecraft:oxeye_daisy":4,"minecraft:stripped_oak_log":13,"minecraft:jungle_boat":3,"minecraft:salmon":14,"minecraft:leather":125,"minecraft:birch_planks":39,"minecraft:oak_log":482,"minecraft:gunpowder":30,"minecraft:paper":8,"minecraft:cooked_mutton":49,"minecraft:apple":61,"minecraft:rabbit_hide":3,"minecraft:iron_ingot":193,"minecraft:stone_pickaxe":1,"minecraft:iron_sword":14,"minecraft:flowering_azalea":12,"minecraft:book":4,"minecraft:oak_slab":6,"minecraft:birch_boat":1,"minecraft:quartz":11,"minecraft:dandelion":13,"minecraft:spyglass":2,"minecraft:gravel":136,"minecraft:lava_bucket":4,"minecraft:amethyst_shard":83,"minecraft:white_bed":6,"minecraft:spider_eye":13,"minecraft:leather_helmet":3,"minecraft:stone_axe":11,"minecraft:iron_helmet":13,"minecraft:diamond_axe":1,"minecraft:baked_potato":1,"minecraft:coal":292,"minecraft:hopper":5,"minecraft:ender_pearl":2},"minecraft:custom":{"minecraft:animals_bred":2,"minecraft:interact_with_crafting_table":196,"minecraft:open_barrel":6,"minecraft:bell_ring":6,"minecraft:leave_game":16,"minecraft:time_since_death":4789,"minecraft:sprint_one_cm":1802491,"minecraft:damage_blocked_by_shield":12136,"minecraft:drop":375,"minecraft:talked_to_villager":102,"minecraft:play_time":703478,"minecraft:deaths":41,"minecraft:jump":14449,"minecraft:walk_on_water_one_cm":192885,"minecraft:enchant_item":3,"minecraft:interact_with_furnace":280,"minecraft:traded_with_villager":82,"minecraft:sleep_in_bed":19,"minecraft:damage_dealt":57373,"minecraft:player_kills":4,"minecraft:crouch_one_cm":76807,"minecraft:use_cauldron":4,"minecraft:horse_one_cm":1255,"minecraft:interact_with_anvil":10,"minecraft:mob_kills":320,"minecraft:climb_one_cm":5978,"minecraft:walk_one_cm":2033019,"minecraft:sneak_time":22503,"minecraft:walk_under_water_one_cm":172648,"minecraft:boat_one_cm":593074,"minecraft:total_world_time":703478,"minecraft:time_since_rest":4815,"minecraft:damage_absorbed":80,"minecraft:damage_taken":19142,"minecraft:swim_one_cm":209983,"minecraft:fly_one_cm":2870336,"minecraft:open_chest":224,"minecraft:fall_one_cm":348028},"minecraft:mined":{"minecraft:dark_oak_planks":7,"minecraft:white_bed":6,"minecraft:jungle_slab":4,"minecraft:sculk_vein":1,"minecraft:granite":9,"minecraft:grass_block":412,"minecraft:jungle_log":7,"minecraft:composter":3,"minecraft:hopper":5,"minecraft:oxeye_daisy":1,"minecraft:smooth_stone":1,"minecraft:tall_seagrass":2,"minecraft:iron_ore":222,"minecraft:cobbled_deepslate":53,"minecraft:fire":1,"minecraft:fletching_table":2,"minecraft:dark_oak_stairs":1,"minecraft:flowering_azalea_leaves":2,"minecraft:pointed_dripstone":3,"minecraft:cave_vines":4,"minecraft:water_cauldron":4,"minecraft:dirt_path":5,"minecraft:small_amethyst_bud":1,"minecraft:oak_stairs":3,"minecraft:azalea_leaves":3,"minecraft:azalea":1,"minecraft:amethyst_cluster":3,"minecraft:clay":16,"minecraft:torch":4,"minecraft:jungle_stairs":1,"minecraft:poppy":2,"minecraft:melon":20,"minecraft:chest":3,"minecraft:dead_bush":15,"minecraft:nether_quartz_ore":8,"minecraft:glass":2,"minecraft:cobblestone":53,"minecraft:sugar_cane":75,"minecraft:oak_planks":34,"minecraft:wall_torch":5,"minecraft:cauldron":1,"minecraft:birch_log":44,"minecraft:wheat":30,"minecraft:grass":110,"minecraft:oak_log":288,"minecraft:beetroots":1,"minecraft:sand":30,"minecraft:dirt":321,"minecraft:netherrack":1,"minecraft:piston":3,"minecraft:oak_leaves":46,"minecraft:deepslate":37,"minecraft:tuff":7,"minecraft:mossy_cobblestone":8,"minecraft:deepslate_diamond_ore":10,"minecraft:dark_oak_log":46,"minecraft:jungle_planks":2,"minecraft:redstone_wire":9,"minecraft:moss_block":4,"minecraft:sandstone":22,"minecraft:rooted_dirt":39,"minecraft:hay_block":2,"minecraft:furnace":15,"minecraft:andesite":66,"minecraft:bookshelf":1,"minecraft:potatoes":1,"minecraft:deepslate_iron_ore":12,"minecraft:cobblestone_slab":30,"minecraft:vine":8,"minecraft:stripped_oak_log":13,"minecraft:redstone_wall_torch":5,"minecraft:stone":672,"minecraft:bone_block":6,"minecraft:white_wool":11,"minecraft:oak_slab":3,"minecraft:flowering_azalea":2,"minecraft:observer":8,"minecraft:dandelion":2,"minecraft:oak_fence":1,"minecraft:crafting_table":25,"minecraft:emerald_ore":8,"minecraft:lectern":2,"minecraft:copper_ore":2,"minecraft:tall_grass":31,"minecraft:lapis_ore":3,"minecraft:deepslate_gold_ore":25,"minecraft:diorite":7,"minecraft:big_dripleaf":2,"minecraft:redstone_torch":1,"minecraft:coal_ore":123,"minecraft:gravel":64,"minecraft:jungle_wall_sign":1,"minecraft:fern":4},"minecraft:killed":{"minecraft:spider":24,"minecraft:skeleton":59,"minecraft:chicken":8,"minecraft:cat":2,"minecraft:wolf":1,"minecraft:pig":8,"minecraft:zombie_villager":1,"minecraft:salmon":2,"minecraft:iron_golem":6,"minecraft:creeper":11,"minecraft:sheep":30,"minecraft:pillager":7,"minecraft:zombie":86,"minecraft:cow":40,"minecraft:horse":10,"minecraft:drowned":7,"minecraft:husk":3,"minecraft:rabbit":10,"minecraft:enderman":1},"minecraft:killed_by":{"minecraft:creeper":4,"minecraft:zombie":5,"minecraft:player":12,"minecraft:spider":3,"minecraft:iron_golem":1,"minecraft:skeleton":5}},"DataVersion":3105}