{"stats":{"minecraft:broken":{"minecraft:stone_pickaxe":2,"minecraft:stone_axe":1,"minecraft:stone_shovel":5,"minecraft:shield":4,"minecraft:iron_axe":2,"minecraft:iron_pickaxe":2},"minecraft:used":{"minecraft:beetroot":1,"minecraft:bone_block":4,"minecraft:oak_sign":1,"minecraft:chest":3,"minecraft:shield":223,"minecraft:iron_sword":78,"minecraft:rotten_flesh":20,"minecraft:iron_chestplate":4,"minecraft:mutton":9,"minecraft:tuff":3,"minecraft:glass":10,"minecraft:lava_bucket":18,"minecraft:iron_helmet":1,"minecraft:bow":8,"minecraft:furnace":22,"minecraft:egg":17,"minecraft:potato":17,"minecraft:diorite":1,"minecraft:stone_pickaxe":380,"minecraft:oak_planks":41,"minecraft:wooden_pickaxe":56,"minecraft:sugar_cane":7,"minecraft:diamond_axe":24,"minecraft:golden_apple":2,"minecraft:jungle_boat":3,"minecraft:white_wool":4,"minecraft:glow_berries":12,"minecraft:sand":2,"minecraft:melon_slice":105,"minecraft:birch_slab":7,"minecraft:bread":21,"minecraft:lectern":3,"minecraft:oak_pressure_plate":1,"minecraft:gravel":29,"minecraft:jungle_sign":4,"minecraft:cooked_rabbit":3,"minecraft:andesite":30,"minecraft:oak_boat":14,"minecraft:golden_pickaxe":18,"minecraft:oak_fence":1,"minecraft:enchanting_table":2,"minecraft:stone_sword":121,"minecraft:flint_and_steel":4,"minecraft:stone_shovel":830,"minecraft:wooden_shovel":21,"minecraft:oak_door":1,"minecraft:torch":31,"minecraft:dirt":358,"minecraft:spyglass":15,"minecraft:anvil":1,"minecraft:granite":9,"minecraft:wooden_axe":34,"minecraft:bookshelf":6,"minecraft:iron_axe":592,"minecraft:oak_stairs":2,"minecraft:beef":12,"minecraft:cooked_beef":21,"minecraft:cobbled_deepslate":70,"minecraft:pointed_dripstone":2,"minecraft:iron_leggings":4,"minecraft:cooked_mutton":31,"minecraft:water_bucket":52,"minecraft:rabbit":1,"minecraft:birch_planks":15,"minecraft:baked_potato":4,"minecraft:birch_boat":3,"minecraft:cauldron":4,"minecraft:glow_ink_sac":3,"minecraft:fletching_table":3,"minecraft:cobblestone_slab":222,"minecraft:oak_slab":152,"minecraft:tnt":1,"minecraft:crafting_table":38,"minecraft:white_bed":9,"minecraft:oak_log":3,"minecraft:diamond_pickaxe":17,"minecraft:apple":3,"minecraft:chicken":2,"minecraft:iron_pickaxe":626,"minecraft:stone_axe":110,"minecraft:fishing_rod":2,"minecraft:cobblestone":188,"minecraft:porkchop":8,"minecraft:cooked_porkchop":3,"minecraft:lapis_block":1,"minecraft:bucket":72},"minecraft:crafted":{"minecraft:oak_planks":816,"minecraft:cobblestone_slab":294,"minecraft:oak_pressure_plate":2,"minecraft:birch_boat":2,"minecraft:birch_slab":12,"minecraft:bookshelf":8,"minecraft:cooked_mutton":35,"minecraft:hopper":3,"minecraft:glass":13,"minecraft:bow":2,"minecraft:iron_boots":2,"minecraft:chest":5,"minecraft:cooked_rabbit":1,"minecraft:oak_slab":156,"minecraft:wooden_shovel":1,"minecraft:emerald":17,"minecraft:cauldron":3,"minecraft:cooked_porkchop":3,"minecraft:crafting_table":16,"minecraft:jungle_boat":2,"minecraft:iron_helmet":2,"minecraft:wooden_pickaxe":3,"minecraft:baked_potato":15,"minecraft:copper_ingot":2,"minecraft:fletching_table":1,"minecraft:oak_wood":3,"minecraft:birch_planks":104,"minecraft:lectern":2,"minecraft:iron_chestplate":3,"minecraft:book":26,"minecraft:paper":78,"minecraft:shield":7,"minecraft:stick":769,"minecraft:iron_ingot":235,"minecraft:iron_pickaxe":5,"minecraft:iron_block":3,"minecraft:stone_sword":2,"minecraft:gold_ingot":25,"minecraft:jungle_sign":3,"minecraft:oak_door":3,"minecraft:stone_shovel":8,"minecraft:fishing_rod":1,"minecraft:spyglass":1,"minecraft:furnace":9,"minecraft:piston":3,"minecraft:flint_and_steel":1,"minecraft:iron_axe":5,"minecraft:stone_pickaxe":3,"minecraft:dark_oak_planks":184,"minecraft:wheat":522,"minecraft:cooked_beef":34,"minecraft:bucket":1,"minecraft:stone_axe":2,"minecraft:jungle_planks":24,"minecraft:bread":128,"minecraft:air":0,"minecraft:oak_boat":6,"minecraft:wooden_axe":2,"minecraft:iron_leggings":3,"minecraft:anvil":1,"minecraft:white_bed":4,"minecraft:torch":20},"minecraft:dropped":{"minecraft:iron_sword":3,"minecraft:moss_block":4,"minecraft:birch_planks":4,"minecraft:oak_pressure_plate":2,"minecraft:cooked_beef":10,"minecraft:oak_log":41,"minecraft:baked_potato":12,"minecraft:ender_pearl":1,"minecraft:rooted_dirt":38,"minecraft:leather":1,"minecraft:fletching_table":2,"minecraft:flint":2,"minecraft:dirt":43,"minecraft:bone_block":2,"minecraft:amethyst_shard":12,"minecraft:sand":5,"minecraft:sugar":1,"minecraft:iron_pickaxe":4,"minecraft:fishing_rod":1,"minecraft:white_wool":1,"minecraft:cauldron":2,"minecraft:gravel":6,"minecraft:oak_door":2,"minecraft:stone_axe":1,"minecraft:sugar_cane":34,"minecraft:iron_nugget":11,"minecraft:cobbled_deepslate":8,"minecraft:wheat":14,"minecraft:obsidian":38,"minecraft:beetroot":1,"minecraft:rotten_flesh":51,"minecraft:enchanted_golden_apple":1,"minecraft:oak_planks":50,"minecraft:salmon":4,"minecraft:poppy":7,"minecraft:rabbit_hide":1,"minecraft:oak_wood":3,"minecraft:charcoal":2,"minecraft:beetroot_seeds":2,"minecraft:azalea":1,"minecraft:arrow":24,"minecraft:beef":2,"minecraft:enchanting_table":3,"minecraft:egg":6,"minecraft:iron_ingot":30,"minecraft:bread":25,"minecraft:oak_slab":3,"minecraft:wheat_seeds":31,"minecraft:tnt":9,"minecraft:mossy_cobblestone":4,"minecraft:iron_helmet":1,"minecraft:feather":9,"minecraft:cobblestone":51,"minecraft:book":1,"minecraft:grass_block":3,"minecraft:coal":40,"minecraft:stick":9,"minecraft:oxeye_daisy":1,"minecraft:diorite":4,"minecraft:ink_sac":2,"minecraft:melon_slice":73,"minecraft:iron_leggings":2,"minecraft:flowering_azalea":6,"minecraft:cactus":1,"minecraft:smooth_stone":2,"minecraft:string":36,"minecraft:lapis_block":19,"minecraft:redstone_block":11,"minecraft:dandelion":5,"minecraft:tuff":5,"minecraft:stone_shovel":7,"minecraft:chicken":3,"minecraft:light_gray_wool":1,"minecraft:clay_ball":64,"minecraft:iron_boots":2,"minecraft:oak_sign":2,"minecraft:flint_and_steel":2,"minecraft:big_dripleaf":3,"minecraft:potato":7,"minecraft:cobblestone_slab":32,"minecraft:shield":2,"minecraft:iron_chestplate":2,"minecraft:diamond_pickaxe":2,"minecraft:andesite":52,"minecraft:oak_boat":1,"minecraft:oak_sapling":6,"minecraft:spider_eye":11,"minecraft:sandstone":21,"minecraft:wooden_pickaxe":3},"minecraft:picked_up":{"minecraft:wooden_axe":2,"minecraft:iron_chestplate":16,"minecraft:wheat":160,"minecraft:redstone_block":55,"minecraft:oak_stairs":4,"minecraft:lapis_block":19,"minecraft:string":77,"minecraft:raw_copper":12,"minecraft:iron_leggings":17,"minecraft:oak_sign":4,"minecraft:beetroot":2,"minecraft:diamond_leggings":2,"minecraft:cobbled_deepslate":154,"minecraft:smooth_stone":3,"minecraft:bucket":5,"minecraft:cobblestone_slab":124,"minecraft:calcite":14,"minecraft:azalea":4,"minecraft:wooden_shovel":1,"minecraft:iron_pickaxe":18,"minecraft:enchanted_golden_apple":4,"minecraft:melon_slice":366,"minecraft:iron_boots":16,"minecraft:furnace":51,"minecraft:stick":513,"minecraft:big_dripleaf":3,"minecraft:oak_fence":1,"minecraft:torch":94,"minecraft:porkchop":31,"minecraft:pointed_dripstone":2,"minecraft:diorite":5,"minecraft:cauldron":15,"minecraft:goat_horn":4,"minecraft:stone_sword":8,"minecraft:cactus":1,"minecraft:rotten_flesh":118,"minecraft:bookshelf":1,"minecraft:obsidian":91,"minecraft:cobblestone":968,"minecraft:birch_log":26,"minecraft:enchanting_table":7,"minecraft:magma_block":1,"minecraft:feather":21,"minecraft:cooked_beef":43,"minecraft:birch_slab":2,"minecraft:water_bucket":8,"minecraft:andesite":100,"minecraft:jungle_log":7,"minecraft:potato":75,"minecraft:flint":11,"minecraft:tuff":16,"minecraft:map":2,"minecraft:lapis_lazuli":175,"minecraft:dirt":938,"minecraft:name_tag":2,"minecraft:bone":178,"minecraft:glass":12,"minecraft:acacia_planks":3,"minecraft:bow":14,"minecraft:wheat_seeds":55,"minecraft:raw_gold":41,"minecraft:bell":2,"minecraft:rabbit":4,"minecraft:fletching_table":7,"minecraft:diamond_helmet":2,"minecraft:glowstone_dust":2,"minecraft:moss_block":4,"minecraft:stone_hoe":1,"minecraft:oak_planks":517,"minecraft:oak_pressure_plate":1,"minecraft:sand":36,"minecraft:ink_sac":4,"minecraft:grass_block":3,"minecraft:jungle_slab":1,"minecraft:dark_oak_log":46,"minecraft:mossy_cobblestone":5,"minecraft:sugar":1,"minecraft:diamond":26,"minecraft:granite":9,"minecraft:golden_apple":10,"minecraft:emerald":97,"minecraft:golden_horse_armor":2,"minecraft:bread":219,"minecraft:rooted_dirt":38,"minecraft:oak_sapling":39,"minecraft:diamond_pickaxe":5,"minecraft:charcoal":24,"minecraft:crafting_table":29,"minecraft:chicken":11,"minecraft:clay_ball":318,"minecraft:golden_pickaxe":1,"minecraft:wooden_pickaxe":8,"minecraft:cooked_rabbit":2,"minecraft:gold_block":7,"minecraft:shield":12,"minecraft:cornflower":1,"minecraft:iron_axe":15,"minecraft:flint_and_steel":12,"minecraft:beef":123,"minecraft:oak_boat":16,"minecraft:light_gray_wool":2,"minecraft:iron_nugget":21,"minecraft:poppy":12,"minecraft:birch_sapling":1,"minecraft:lectern":3,"minecraft:chest":15,"minecraft:sugar_cane":635,"minecraft:egg":32,"minecraft:raw_iron":480,"minecraft:sandstone":21,"minecraft:carrot":12,"minecraft:jungle_sign":1,"minecraft:dark_oak_planks":89,"minecraft:tnt":18,"minecraft:stone_shovel":19,"minecraft:arrow":170,"minecraft:beetroot_seeds":2,"minecraft:golden_hoe":2,"minecraft:shears":1,"minecraft:hay_block":2,"minecraft:saddle":6,"minecraft:gold_ingot":3,"minecraft:bone_block":6,"minecraft:glow_berries":12,"minecraft:mutton":151,"minecraft:white_wool":66,"minecraft:oxeye_daisy":4,"minecraft:stripped_oak_log":13,"minecraft:jungle_boat":3,"minecraft:salmon":14,"minecraft:leather":111,"minecraft:birch_planks":39,"minecraft:oak_log":387,"minecraft:gunpowder":30,"minecraft:paper":8,"minecraft:cooked_mutton":49,"minecraft:apple":57,"minecraft:rabbit_hide":3,"minecraft:iron_ingot":145,"minecraft:stone_pickaxe":1,"minecraft:iron_sword":12,"minecraft:flowering_azalea":12,"minecraft:book":4,"minecraft:oak_slab":6,"minecraft:birch_boat":1,"minecraft:dandelion":13,"minecraft:spyglass":2,"minecraft:gravel":135,"minecraft:lava_bucket":3,"minecraft:amethyst_shard":83,"minecraft:white_bed":6,"minecraft:spider_eye":13,"minecraft:stone_axe":3,"minecraft:iron_helmet":11,"minecraft:diamond_axe":1,"minecraft:baked_potato":1,"minecraft:coal":292,"minecraft:ender_pearl":2},"minecraft:custom":{"minecraft:interact_with_crafting_table":164,"minecraft:open_barrel":6,"minecraft:leave_game":16,"minecraft:time_since_death":37077,"minecraft:sprint_one_cm":1601254,"minecraft:damage_blocked_by_shield":10541,"minecraft:drop":298,"minecraft:talked_to_villager":44,"minecraft:play_time":595478,"minecraft:deaths":39,"minecraft:jump":12995,"minecraft:walk_on_water_one_cm":164832,"minecraft:enchant_item":3,"minecraft:interact_with_furnace":268,"minecraft:traded_with_villager":17,"minecraft:sleep_in_bed":17,"minecraft:damage_dealt":42372,"minecraft:player_kills":4,"minecraft:crouch_one_cm":71197,"minecraft:use_cauldron":3,"minecraft:interact_with_anvil":6,"minecraft:mob_kills":254,"minecraft:climb_one_cm":5978,"minecraft:walk_one_cm":1670065,"minecraft:sneak_time":18901,"minecraft:walk_under_water_one_cm":126777,"minecraft:boat_one_cm":553680,"minecraft:total_world_time":595478,"minecraft:time_since_rest":37102,"minecraft:damage_absorbed":80,"minecraft:damage_taken":17524,"minecraft:swim_one_cm":191069,"minecraft:fly_one_cm":2558271,"minecraft:open_chest":166,"minecraft:fall_one_cm":333241},"minecraft:mined":{"minecraft:dark_oak_planks":7,"minecraft:white_bed":6,"minecraft:jungle_slab":4,"minecraft:sculk_vein":1,"minecraft:granite":9,"minecraft:grass_block":406,"minecraft:jungle_log":7,"minecraft:oxeye_daisy":1,"minecraft:smooth_stone":1,"minecraft:tall_seagrass":1,"minecraft:iron_ore":222,"minecraft:cobbled_deepslate":16,"minecraft:fire":1,"minecraft:fletching_table":2,"minecraft:dark_oak_stairs":1,"minecraft:flowering_azalea_leaves":2,"minecraft:pointed_dripstone":3,"minecraft:cave_vines":4,"minecraft:water_cauldron":4,"minecraft:dirt_path":5,"minecraft:small_amethyst_bud":1,"minecraft:oak_stairs":3,"minecraft:azalea_leaves":3,"minecraft:azalea":1,"minecraft:amethyst_cluster":3,"minecraft:clay":16,"minecraft:torch":4,"minecraft:jungle_stairs":1,"minecraft:poppy":2,"minecraft:melon":20,"minecraft:chest":1,"minecraft:dead_bush":15,"minecraft:glass":2,"minecraft:cobblestone":41,"minecraft:sugar_cane":71,"minecraft:oak_planks":12,"minecraft:wall_torch":5,"minecraft:cauldron":1,"minecraft:birch_log":26,"minecraft:grass":99,"minecraft:oak_log":191,"minecraft:sand":25,"minecraft:dirt":280,"minecraft:oak_leaves":41,"minecraft:deepslate":37,"minecraft:tuff":6,"minecraft:mossy_cobblestone":8,"minecraft:deepslate_diamond_ore":10,"minecraft:dark_oak_log":46,"minecraft:jungle_planks":2,"minecraft:moss_block":4,"minecraft:sandstone":22,"minecraft:rooted_dirt":39,"minecraft:hay_block":2,"minecraft:furnace":15,"minecraft:andesite":66,"minecraft:bookshelf":1,"minecraft:deepslate_iron_ore":12,"minecraft:cobblestone_slab":12,"minecraft:vine":8,"minecraft:stripped_oak_log":13,"minecraft:stone":404,"minecraft:bone_block":6,"minecraft:white_wool":11,"minecraft:oak_slab":3,"minecraft:flowering_azalea":2,"minecraft:dandelion":2,"minecraft:oak_fence":1,"minecraft:crafting_table":25,"minecraft:emerald_ore":8,"minecraft:lectern":2,"minecraft:copper_ore":2,"minecraft:tall_grass":29,"minecraft:lapis_ore":3,"minecraft:deepslate_gold_ore":25,"minecraft:diorite":7,"minecraft:big_dripleaf":2,"minecraft:coal_ore":69,"minecraft:gravel":46,"minecraft:jungle_wall_sign":1,"minecraft:fern":4},"minecraft:killed":{"minecraft:spider":12,"minecraft:skeleton":46,"minecraft:chicken":8,"minecraft:wolf":1,"minecraft:pig":8,"minecraft:zombie_villager":1,"minecraft:salmon":2,"minecraft:iron_golem":2,"minecraft:creeper":3,"minecraft:sheep":30,"minecraft:pillager":7,"minecraft:zombie":66,"minecraft:cow":39,"minecraft:horse":9,"minecraft:drowned":2,"minecraft:husk":3,"minecraft:rabbit":10,"minecraft:enderman":1},"minecraft:killed_by":{"minecraft:creeper":4,"minecraft:zombie":5,"minecraft:player":12,"minecraft:spider":3,"minecraft:skeleton":4}},"DataVersion":3105}