{"stats":{"minecraft:killed_by":{"minecraft:creeper":5,"minecraft:zombie":7,"minecraft:player":12,"minecraft:spider":4,"minecraft:enderman":1,"minecraft:iron_golem":1,"minecraft:skeleton":5},"minecraft:broken":{"minecraft:iron_boots":1,"minecraft:iron_chestplate":1,"minecraft:stone_pickaxe":2,"minecraft:stone_axe":1,"minecraft:stone_shovel":6,"minecraft:shield":5,"minecraft:iron_axe":3,"minecraft:iron_pickaxe":4,"minecraft:iron_helmet":1},"minecraft:killed":{"minecraft:spider":31,"minecraft:skeleton":68,"minecraft:chicken":9,"minecraft:cat":3,"minecraft:wolf":1,"minecraft:pig":9,"minecraft:zombie_villager":1,"minecraft:salmon":2,"minecraft:iron_golem":6,"minecraft:creeper":17,"minecraft:sheep":30,"minecraft:pillager":7,"minecraft:zombie":104,"minecraft:cow":40,"minecraft:phantom":1,"minecraft:horse":11,"minecraft:drowned":8,"minecraft:husk":3,"minecraft:rabbit":10,"minecraft:enderman":3},"minecraft:dropped":{"minecraft:iron_sword":3,"minecraft:moss_block":4,"minecraft:birch_planks":4,"minecraft:oak_pressure_plate":2,"minecraft:cooked_beef":10,"minecraft:oak_log":41,"minecraft:baked_potato":26,"minecraft:ender_pearl":1,"minecraft:cookie":31,"minecraft:rooted_dirt":38,"minecraft:leather":1,"minecraft:fletching_table":2,"minecraft:leather_helmet":1,"minecraft:flint":3,"minecraft:emerald":23,"minecraft:dirt":70,"minecraft:pumpkin_pie":17,"minecraft:amethyst_shard":12,"minecraft:bone_block":2,"minecraft:sand":15,"minecraft:sugar":1,"minecraft:iron_pickaxe":5,"minecraft:fishing_rod":1,"minecraft:white_wool":1,"minecraft:cauldron":2,"minecraft:bone":5,"minecraft:gravel":69,"minecraft:oak_door":2,"minecraft:stone_axe":8,"minecraft:sugar_cane":47,"minecraft:iron_nugget":11,"minecraft:cobbled_deepslate":19,"minecraft:wheat":14,"minecraft:birch_sapling":1,"minecraft:obsidian":38,"minecraft:beetroot":1,"minecraft:rotten_flesh":69,"minecraft:enchanted_golden_apple":1,"minecraft:oak_planks":104,"minecraft:salmon":4,"minecraft:poppy":14,"minecraft:rabbit_hide":1,"minecraft:oak_wood":3,"minecraft:charcoal":2,"minecraft:beetroot_seeds":2,"minecraft:hopper":2,"minecraft:azalea":1,"minecraft:arrow":24,"minecraft:beef":3,"minecraft:netherrack":1,"minecraft:enchanting_table":3,"minecraft:egg":6,"minecraft:iron_ingot":47,"minecraft:bread":25,"minecraft:oak_slab":5,"minecraft:wheat_seeds":31,"minecraft:tnt":9,"minecraft:mossy_cobblestone":4,"minecraft:iron_helmet":2,"minecraft:feather":9,"minecraft:cobblestone":418,"minecraft:book":3,"minecraft:apple":2,"minecraft:grass_block":3,"minecraft:coal":66,"minecraft:stick":11,"minecraft:oxeye_daisy":1,"minecraft:diorite":4,"minecraft:ink_sac":2,"minecraft:melon_slice":73,"minecraft:iron_leggings":4,"minecraft:flowering_azalea":6,"minecraft:iron_axe":2,"minecraft:cactus":1,"minecraft:smooth_stone":2,"minecraft:paper":3,"minecraft:string":44,"minecraft:bucket":1,"minecraft:dandelion":5,"minecraft:lapis_block":19,"minecraft:redstone_block":11,"minecraft:tuff":5,"minecraft:stone_shovel":8,"minecraft:chicken":3,"minecraft:light_gray_wool":1,"minecraft:clay_ball":64,"minecraft:iron_boots":3,"minecraft:oak_sign":2,"minecraft:flint_and_steel":2,"minecraft:big_dripleaf":3,"minecraft:potato":7,"minecraft:cobblestone_slab":51,"minecraft:shield":2,"minecraft:diamond_pickaxe":2,"minecraft:iron_chestplate":3,"minecraft:andesite":52,"minecraft:oak_boat":1,"minecraft:oak_sapling":6,"minecraft:spider_eye":11,"minecraft:sandstone":21,"minecraft:wooden_pickaxe":3},"minecraft:used":{"minecraft:beetroot":1,"minecraft:bone_block":4,"minecraft:oak_sign":1,"minecraft:chest":18,"minecraft:shield":249,"minecraft:iron_sword":367,"minecraft:rotten_flesh":21,"minecraft:iron_chestplate":8,"minecraft:mutton":10,"minecraft:carrot":4,"minecraft:tuff":4,"minecraft:obsidian":2,"minecraft:glass":10,"minecraft:lava_bucket":19,"minecraft:iron_helmet":1,"minecraft:bow":9,"minecraft:furnace":22,"minecraft:egg":17,"minecraft:potato":17,"minecraft:diorite":1,"minecraft:stone_pickaxe":380,"minecraft:oak_planks":102,"minecraft:cookie":23,"minecraft:sugar_cane":34,"minecraft:diamond_axe":24,"minecraft:wooden_pickaxe":56,"minecraft:glow_berries":12,"minecraft:composter":3,"minecraft:golden_apple":2,"minecraft:jungle_boat":3,"minecraft:white_wool":4,"minecraft:sand":2,"minecraft:redstone_torch":6,"minecraft:melon_slice":105,"minecraft:birch_slab":7,"minecraft:bread":21,"minecraft:lectern":3,"minecraft:oak_pressure_plate":1,"minecraft:gravel":29,"minecraft:jungle_sign":4,"minecraft:smithing_table":1,"minecraft:cooked_rabbit":3,"minecraft:andesite":30,"minecraft:golden_pickaxe":18,"minecraft:oak_boat":14,"minecraft:bone_meal":64,"minecraft:oak_trapdoor":65,"minecraft:oak_fence":1,"minecraft:stone_sword":121,"minecraft:enchanting_table":2,"minecraft:flint_and_steel":4,"minecraft:stone_shovel":928,"minecraft:redstone":18,"minecraft:wooden_shovel":21,"minecraft:oak_door":3,"minecraft:torch":95,"minecraft:spyglass":15,"minecraft:dirt":472,"minecraft:anvil":2,"minecraft:hopper":21,"minecraft:granite":9,"minecraft:wooden_axe":34,"minecraft:bookshelf":6,"minecraft:iron_axe":866,"minecraft:oak_stairs":2,"minecraft:iron_boots":1,"minecraft:beef":12,"minecraft:pointed_dripstone":2,"minecraft:cooked_beef":22,"minecraft:observer":13,"minecraft:cobbled_deepslate":139,"minecraft:iron_leggings":4,"minecraft:wheat_seeds":28,"minecraft:cooked_mutton":33,"minecraft:water_bucket":146,"minecraft:rabbit":1,"minecraft:birch_planks":15,"minecraft:baked_potato":21,"minecraft:birch_boat":3,"minecraft:cauldron":4,"minecraft:glow_ink_sac":3,"minecraft:fletching_table":3,"minecraft:cobblestone_slab":264,"minecraft:tnt":1,"minecraft:crafting_table":39,"minecraft:oak_slab":152,"minecraft:white_bed":9,"minecraft:oak_log":3,"minecraft:piston":8,"minecraft:diamond_pickaxe":387,"minecraft:apple":3,"minecraft:chicken":2,"minecraft:iron_pickaxe":1391,"minecraft:stone_axe":110,"minecraft:fishing_rod":2,"minecraft:cobblestone":582,"minecraft:porkchop":8,"minecraft:cooked_porkchop":3,"minecraft:bucket":170,"minecraft:lapis_block":1,"minecraft:pumpkin_pie":27},"minecraft:custom":{"minecraft:animals_bred":2,"minecraft:interact_with_crafting_table":212,"minecraft:open_barrel":6,"minecraft:bell_ring":6,"minecraft:leave_game":16,"minecraft:time_since_death":49415,"minecraft:sprint_one_cm":2074608,"minecraft:damage_blocked_by_shield":12136,"minecraft:drop":443,"minecraft:talked_to_villager":104,"minecraft:play_time":799313,"minecraft:deaths":47,"minecraft:jump":16449,"minecraft:walk_on_water_one_cm":234289,"minecraft:enchant_item":3,"minecraft:interact_with_furnace":304,"minecraft:traded_with_villager":82,"minecraft:sleep_in_bed":20,"minecraft:damage_dealt":65629,"minecraft:player_kills":4,"minecraft:crouch_one_cm":83503,"minecraft:use_cauldron":6,"minecraft:horse_one_cm":1255,"minecraft:interact_with_anvil":11,"minecraft:mob_kills":368,"minecraft:inspect_hopper":1,"minecraft:climb_one_cm":5978,"minecraft:walk_one_cm":2367914,"minecraft:sneak_time":24124,"minecraft:walk_under_water_one_cm":224445,"minecraft:boat_one_cm":593074,"minecraft:total_world_time":799313,"minecraft:time_since_rest":29997,"minecraft:damage_absorbed":80,"minecraft:damage_taken":22111,"minecraft:swim_one_cm":214979,"minecraft:fly_one_cm":3220286,"minecraft:open_chest":261,"minecraft:fall_one_cm":388752},"minecraft:picked_up":{"minecraft:wooden_axe":2,"minecraft:iron_chestplate":27,"minecraft:wheat":189,"minecraft:redstone_block":55,"minecraft:oak_stairs":4,"minecraft:enchanted_book":7,"minecraft:lapis_block":19,"minecraft:string":109,"minecraft:raw_copper":12,"minecraft:iron_leggings":23,"minecraft:oak_sign":4,"minecraft:beetroot":2,"minecraft:diamond_leggings":2,"minecraft:smooth_stone":3,"minecraft:cobbled_deepslate":267,"minecraft:bucket":10,"minecraft:redstone_torch":9,"minecraft:cobblestone_slab":162,"minecraft:calcite":14,"minecraft:azalea":4,"minecraft:wooden_shovel":1,"minecraft:iron_pickaxe":22,"minecraft:enchanted_golden_apple":4,"minecraft:melon_slice":366,"minecraft:iron_boots":21,"minecraft:furnace":51,"minecraft:stick":934,"minecraft:composter":3,"minecraft:big_dripleaf":3,"minecraft:oak_fence":1,"minecraft:torch":116,"minecraft:porkchop":37,"minecraft:pointed_dripstone":2,"minecraft:diorite":5,"minecraft:cauldron":15,"minecraft:goat_horn":5,"minecraft:stone_sword":8,"minecraft:cactus":1,"minecraft:rotten_flesh":186,"minecraft:bookshelf":1,"minecraft:obsidian":91,"minecraft:cobblestone":3174,"minecraft:birch_log":44,"minecraft:enchanting_table":7,"minecraft:magma_block":1,"minecraft:feather":23,"minecraft:cooked_beef":44,"minecraft:birch_slab":2,"minecraft:water_bucket":13,"minecraft:andesite":100,"minecraft:jungle_log":7,"minecraft:golden_leggings":1,"minecraft:potato":75,"minecraft:flint":11,"minecraft:tuff":17,"minecraft:map":2,"minecraft:lapis_lazuli":205,"minecraft:dirt":1172,"minecraft:name_tag":2,"minecraft:glass":12,"minecraft:bone":210,"minecraft:acacia_planks":3,"minecraft:bow":26,"minecraft:wheat_seeds":173,"minecraft:raw_gold":41,"minecraft:bell":2,"minecraft:rabbit":4,"minecraft:fletching_table":7,"minecraft:diamond_helmet":2,"minecraft:glowstone_dust":2,"minecraft:moss_block":4,"minecraft:stone_hoe":1,"minecraft:oak_planks":615,"minecraft:oak_pressure_plate":1,"minecraft:sand":51,"minecraft:ink_sac":4,"minecraft:grass_block":4,"minecraft:jungle_slab":1,"minecraft:dark_oak_log":46,"minecraft:mossy_cobblestone":5,"minecraft:sugar":1,"minecraft:diamond":26,"minecraft:granite":9,"minecraft:golden_apple":10,"minecraft:emerald":159,"minecraft:golden_horse_armor":2,"minecraft:bread":219,"minecraft:rooted_dirt":38,"minecraft:oak_sapling":54,"minecraft:netherrack":2,"minecraft:diamond_pickaxe":12,"minecraft:charcoal":24,"minecraft:crafting_table":30,"minecraft:chicken":12,"minecraft:clay_ball":318,"minecraft:golden_pickaxe":1,"minecraft:leather_leggings":2,"minecraft:wooden_pickaxe":8,"minecraft:cooked_rabbit":2,"minecraft:gold_block":7,"minecraft:shield":15,"minecraft:cornflower":1,"minecraft:oak_trapdoor":7,"minecraft:iron_axe":21,"minecraft:flint_and_steel":13,"minecraft:beef":128,"minecraft:oak_boat":16,"minecraft:observer":8,"minecraft:iron_nugget":21,"minecraft:poppy":22,"minecraft:light_gray_wool":2,"minecraft:lectern":3,"minecraft:sugar_cane":685,"minecraft:chest":27,"minecraft:birch_sapling":2,"minecraft:piston":5,"minecraft:egg":32,"minecraft:raw_iron":638,"minecraft:sandstone":21,"minecraft:cookie":35,"minecraft:carrot":98,"minecraft:redstone":15,"minecraft:jungle_sign":1,"minecraft:dark_oak_planks":161,"minecraft:tnt":18,"minecraft:arrow":427,"minecraft:stone_shovel":29,"minecraft:beetroot_seeds":2,"minecraft:pumpkin_pie":24,"minecraft:golden_hoe":2,"minecraft:shears":1,"minecraft:hay_block":2,"minecraft:saddle":6,"minecraft:gold_ingot":18,"minecraft:glow_berries":12,"minecraft:mutton":152,"minecraft:bone_block":6,"minecraft:white_wool":66,"minecraft:oxeye_daisy":4,"minecraft:stripped_oak_log":13,"minecraft:jungle_boat":3,"minecraft:salmon":14,"minecraft:leather":125,"minecraft:birch_planks":39,"minecraft:oak_log":561,"minecraft:gunpowder":37,"minecraft:cobblestone_stairs":17,"minecraft:paper":8,"minecraft:cooked_mutton":49,"minecraft:apple":61,"minecraft:rabbit_hide":3,"minecraft:iron_ingot":195,"minecraft:stone_pickaxe":1,"minecraft:iron_sword":18,"minecraft:flowering_azalea":12,"minecraft:book":16,"minecraft:oak_slab":6,"minecraft:birch_boat":1,"minecraft:quartz":11,"minecraft:dandelion":13,"minecraft:spyglass":2,"minecraft:gravel":198,"minecraft:lava_bucket":4,"minecraft:amethyst_shard":83,"minecraft:white_bed":6,"minecraft:spider_eye":19,"minecraft:leather_helmet":3,"minecraft:stone_axe":11,"minecraft:iron_helmet":16,"minecraft:diamond_axe":1,"minecraft:baked_potato":266,"minecraft:coal":339,"minecraft:hopper":25,"minecraft:ender_pearl":4},"minecraft:crafted":{"minecraft:oak_planks":1556,"minecraft:cobblestone_slab":312,"minecraft:oak_pressure_plate":2,"minecraft:birch_boat":2,"minecraft:birch_slab":12,"minecraft:bookshelf":8,"minecraft:cooked_mutton":35,"minecraft:glass":13,"minecraft:hopper":6,"minecraft:bow":2,"minecraft:iron_boots":4,"minecraft:chest":14,"minecraft:cooked_rabbit":1,"minecraft:oak_slab":156,"minecraft:wooden_shovel":1,"minecraft:emerald":41,"minecraft:arrow":192,"minecraft:cauldron":3,"minecraft:cooked_porkchop":3,"minecraft:crafting_table":16,"minecraft:jungle_boat":2,"minecraft:iron_helmet":4,"minecraft:wooden_pickaxe":3,"minecraft:baked_potato":68,"minecraft:smithing_table":1,"minecraft:copper_ingot":2,"minecraft:fletching_table":1,"minecraft:oak_wood":3,"minecraft:birch_planks":176,"minecraft:lectern":2,"minecraft:iron_chestplate":5,"minecraft:book":26,"minecraft:paper":105,"minecraft:shield":8,"minecraft:stick":1717,"minecraft:iron_ingot":407,"minecraft:iron_pickaxe":7,"minecraft:iron_block":7,"minecraft:stone_sword":2,"minecraft:gold_ingot":25,"minecraft:redstone_torch":3,"minecraft:jungle_sign":3,"minecraft:oak_door":6,"minecraft:cookie":54,"minecraft:stone_shovel":10,"minecraft:fishing_rod":1,"minecraft:spyglass":1,"minecraft:furnace":9,"minecraft:piston":3,"minecraft:oak_trapdoor":68,"minecraft:flint_and_steel":1,"minecraft:iron_axe":7,"minecraft:stone_pickaxe":3,"minecraft:dark_oak_planks":184,"minecraft:observer":5,"minecraft:wheat":522,"minecraft:cooked_beef":36,"minecraft:bucket":1,"minecraft:stone_axe":16,"minecraft:bread":128,"minecraft:air":0,"minecraft:jungle_planks":24,"minecraft:oak_boat":6,"minecraft:golden_apple":6,"minecraft:wooden_axe":2,"minecraft:iron_leggings":5,"minecraft:anvil":2,"minecraft:white_bed":4,"minecraft:pumpkin_pie":48,"minecraft:torch":84},"minecraft:mined":{"minecraft:dark_oak_planks":7,"minecraft:white_bed":6,"minecraft:jungle_slab":4,"minecraft:sculk_vein":1,"minecraft:granite":9,"minecraft:grass_block":413,"minecraft:jungle_log":7,"minecraft:composter":3,"minecraft:hopper":19,"minecraft:oxeye_daisy":1,"minecraft:smooth_stone":1,"minecraft:tall_seagrass":2,"minecraft:iron_ore":336,"minecraft:fire":1,"minecraft:cobbled_deepslate":82,"minecraft:fletching_table":2,"minecraft:dark_oak_stairs":1,"minecraft:flowering_azalea_leaves":2,"minecraft:dirt_path":5,"minecraft:pointed_dripstone":3,"minecraft:cave_vines":4,"minecraft:water_cauldron":4,"minecraft:small_amethyst_bud":1,"minecraft:oak_stairs":3,"minecraft:azalea_leaves":3,"minecraft:azalea":1,"minecraft:amethyst_cluster":3,"minecraft:clay":16,"minecraft:torch":6,"minecraft:jungle_stairs":1,"minecraft:poppy":2,"minecraft:melon":20,"minecraft:chest":8,"minecraft:dead_bush":15,"minecraft:nether_quartz_ore":8,"minecraft:glass":2,"minecraft:cobblestone":111,"minecraft:oak_planks":59,"minecraft:sugar_cane":75,"minecraft:wall_torch":5,"minecraft:cauldron":1,"minecraft:birch_log":44,"minecraft:wheat":30,"minecraft:grass":111,"minecraft:oak_log":303,"minecraft:beetroots":1,"minecraft:sand":30,"minecraft:dirt":355,"minecraft:netherrack":1,"minecraft:piston":3,"minecraft:oak_leaves":47,"minecraft:deepslate":37,"minecraft:tuff":7,"minecraft:mossy_cobblestone":8,"minecraft:deepslate_diamond_ore":10,"minecraft:dark_oak_log":46,"minecraft:jungle_planks":2,"minecraft:redstone_wire":9,"minecraft:moss_block":4,"minecraft:rooted_dirt":39,"minecraft:sandstone":22,"minecraft:hay_block":2,"minecraft:oak_trapdoor":7,"minecraft:furnace":15,"minecraft:andesite":66,"minecraft:bookshelf":1,"minecraft:potatoes":1,"minecraft:vine":8,"minecraft:cobblestone_slab":33,"minecraft:deepslate_iron_ore":12,"minecraft:stripped_oak_log":13,"minecraft:stone":1112,"minecraft:bone_block":6,"minecraft:white_wool":11,"minecraft:redstone_wall_torch":5,"minecraft:oak_slab":3,"minecraft:flowering_azalea":2,"minecraft:observer":8,"minecraft:dandelion":2,"minecraft:oak_fence":1,"minecraft:crafting_table":26,"minecraft:emerald_ore":14,"minecraft:lectern":2,"minecraft:copper_ore":2,"minecraft:tall_grass":31,"minecraft:deepslate_gold_ore":25,"minecraft:lapis_ore":3,"minecraft:big_dripleaf":2,"minecraft:diorite":7,"minecraft:redstone_torch":1,"minecraft:coal_ore":169,"minecraft:gravel":64,"minecraft:jungle_wall_sign":1,"minecraft:fern":4}},"DataVersion":3105}