{"stats":{"minecraft:broken":{"minecraft:stone_pickaxe":2,"minecraft:shield":4,"minecraft:iron_axe":2,"minecraft:stone_axe":1,"minecraft:iron_pickaxe":1,"minecraft:stone_shovel":4},"minecraft:killed":{"minecraft:spider":10,"minecraft:horse":6,"minecraft:skeleton":38,"minecraft:chicken":5,"minecraft:wolf":1,"minecraft:husk":1,"minecraft:pig":6,"minecraft:zombie_villager":1,"minecraft:salmon":2,"minecraft:rabbit":1,"minecraft:creeper":2,"minecraft:sheep":25,"minecraft:zombie":51,"minecraft:enderman":1,"minecraft:cow":14},"minecraft:custom":{"minecraft:mob_kills":167,"minecraft:interact_with_crafting_table":73,"minecraft:leave_game":4,"minecraft:time_since_death":1175,"minecraft:climb_one_cm":4350,"minecraft:sprint_one_cm":769333,"minecraft:walk_one_cm":942328,"minecraft:damage_blocked_by_shield":8590,"minecraft:drop":88,"minecraft:talked_to_villager":36,"minecraft:play_time":310331,"minecraft:sneak_time":12371,"minecraft:deaths":13,"minecraft:walk_under_water_one_cm":47834,"minecraft:boat_one_cm":116003,"minecraft:jump":6032,"minecraft:walk_on_water_one_cm":73239,"minecraft:total_world_time":310331,"minecraft:interact_with_furnace":99,"minecraft:traded_with_villager":17,"minecraft:sleep_in_bed":6,"minecraft:time_since_rest":1281,"minecraft:damage_taken":8020,"minecraft:damage_absorbed":80,"minecraft:damage_dealt":26697,"minecraft:swim_one_cm":25225,"minecraft:fly_one_cm":999419,"minecraft:open_chest":42,"minecraft:crouch_one_cm":52355,"minecraft:fall_one_cm":157550},"minecraft:dropped":{"minecraft:moss_block":4,"minecraft:birch_planks":4,"minecraft:wheat_seeds":13,"minecraft:oak_pressure_plate":2,"minecraft:feather":4,"minecraft:rooted_dirt":38,"minecraft:stick":9,"minecraft:dirt":18,"minecraft:diorite":4,"minecraft:melon_slice":73,"minecraft:iron_leggings":1,"minecraft:amethyst_shard":12,"minecraft:flowering_azalea":6,"minecraft:sand":5,"minecraft:sugar":1,"minecraft:iron_pickaxe":4,"minecraft:cactus":1,"minecraft:smooth_stone":2,"minecraft:string":7,"minecraft:dandelion":2,"minecraft:cauldron":2,"minecraft:oak_door":2,"minecraft:gravel":6,"minecraft:iron_nugget":3,"minecraft:cobbled_deepslate":8,"minecraft:tuff":5,"minecraft:stone_shovel":2,"minecraft:chicken":2,"minecraft:rotten_flesh":40,"minecraft:light_gray_wool":1,"minecraft:clay_ball":64,"minecraft:oak_planks":5,"minecraft:salmon":4,"minecraft:big_dripleaf":3,"minecraft:rabbit_hide":1,"minecraft:oak_wood":3,"minecraft:andesite":44,"minecraft:azalea":1,"minecraft:oak_sapling":2,"minecraft:spider_eye":1,"minecraft:sandstone":21,"minecraft:wooden_pickaxe":3,"minecraft:egg":2},"minecraft:picked_up":{"minecraft:wooden_axe":1,"minecraft:iron_chestplate":5,"minecraft:crafting_table":24,"minecraft:chicken":7,"minecraft:clay_ball":318,"minecraft:wooden_pickaxe":8,"minecraft:oak_stairs":3,"minecraft:shield":5,"minecraft:cornflower":1,"minecraft:string":42,"minecraft:raw_copper":12,"minecraft:iron_axe":7,"minecraft:flint_and_steel":6,"minecraft:iron_leggings":9,"minecraft:smooth_stone":3,"minecraft:cobbled_deepslate":105,"minecraft:bucket":1,"minecraft:beef":54,"minecraft:oak_boat":3,"minecraft:azalea":4,"minecraft:wooden_shovel":1,"minecraft:iron_pickaxe":12,"minecraft:light_gray_wool":1,"minecraft:enchanted_golden_apple":2,"minecraft:lectern":3,"minecraft:melon_slice":305,"minecraft:sugar_cane":434,"minecraft:birch_sapling":1,"minecraft:egg":3,"minecraft:iron_boots":8,"minecraft:furnace":36,"minecraft:raw_iron":138,"minecraft:stick":317,"minecraft:sandstone":21,"minecraft:big_dripleaf":3,"minecraft:torch":10,"minecraft:porkchop":26,"minecraft:diorite":5,"minecraft:cauldron":14,"minecraft:jungle_sign":1,"minecraft:stone_sword":7,"minecraft:cactus":1,"minecraft:arrow":95,"minecraft:stone_shovel":6,"minecraft:rotten_flesh":90,"minecraft:saddle":2,"minecraft:gold_ingot":3,"minecraft:mutton":142,"minecraft:glow_berries":12,"minecraft:obsidian":3,"minecraft:oxeye_daisy":1,"minecraft:white_wool":52,"minecraft:cobblestone":250,"minecraft:birch_log":26,"minecraft:feather":4,"minecraft:cooked_beef":25,"minecraft:andesite":84,"minecraft:water_bucket":2,"minecraft:birch_slab":2,"minecraft:salmon":14,"minecraft:leather":65,"minecraft:potato":14,"minecraft:birch_planks":39,"minecraft:flint":5,"minecraft:tuff":16,"minecraft:oak_log":143,"minecraft:gunpowder":28,"minecraft:lapis_lazuli":175,"minecraft:dirt":400,"minecraft:name_tag":2,"minecraft:cooked_mutton":49,"minecraft:bone":153,"minecraft:apple":10,"minecraft:bow":3,"minecraft:wheat_seeds":22,"minecraft:raw_gold":36,"minecraft:rabbit_hide":1,"minecraft:iron_ingot":96,"minecraft:fletching_table":2,"minecraft:moss_block":4,"minecraft:oak_planks":139,"minecraft:flowering_azalea":12,"minecraft:book":1,"minecraft:oak_slab":3,"minecraft:birch_boat":1,"minecraft:dandelion":8,"minecraft:spyglass":2,"minecraft:oak_pressure_plate":1,"minecraft:gravel":133,"minecraft:sand":7,"minecraft:amethyst_shard":72,"minecraft:white_bed":1,"minecraft:jungle_slab":1,"minecraft:spider_eye":1,"minecraft:sugar":1,"minecraft:diamond":24,"minecraft:stone_axe":1,"minecraft:iron_helmet":5,"minecraft:diamond_axe":1,"minecraft:granite":9,"minecraft:golden_apple":7,"minecraft:emerald":24,"minecraft:bread":1,"minecraft:rooted_dirt":38,"minecraft:oak_sapling":6,"minecraft:coal":103,"minecraft:diamond_pickaxe":1},"minecraft:mined":{"minecraft:dark_oak_planks":5,"minecraft:tuff":6,"minecraft:white_bed":1,"minecraft:mossy_cobblestone":7,"minecraft:deepslate_diamond_ore":10,"minecraft:jungle_slab":4,"minecraft:sculk_vein":1,"minecraft:granite":9,"minecraft:grass_block":313,"minecraft:jungle_planks":2,"minecraft:moss_block":4,"minecraft:rooted_dirt":39,"minecraft:sandstone":22,"minecraft:smooth_stone":1,"minecraft:furnace":6,"minecraft:iron_ore":71,"minecraft:cobbled_deepslate":16,"minecraft:andesite":65,"minecraft:fletching_table":2,"minecraft:dark_oak_stairs":1,"minecraft:flowering_azalea_leaves":2,"minecraft:dirt_path":5,"minecraft:vine":6,"minecraft:water_cauldron":4,"minecraft:cave_vines":4,"minecraft:deepslate_iron_ore":12,"minecraft:small_amethyst_bud":1,"minecraft:oak_stairs":3,"minecraft:azalea_leaves":3,"minecraft:azalea":1,"minecraft:stone":257,"minecraft:oak_slab":3,"minecraft:flowering_azalea":2,"minecraft:amethyst_cluster":3,"minecraft:dandelion":1,"minecraft:clay":16,"minecraft:crafting_table":21,"minecraft:torch":4,"minecraft:jungle_stairs":1,"minecraft:melon":14,"minecraft:copper_ore":2,"minecraft:lectern":2,"minecraft:tall_grass":27,"minecraft:cobblestone":10,"minecraft:deepslate_gold_ore":25,"minecraft:lapis_ore":3,"minecraft:sugar_cane":34,"minecraft:diorite":7,"minecraft:wall_torch":5,"minecraft:big_dripleaf":2,"minecraft:birch_log":26,"minecraft:grass":67,"minecraft:coal_ore":49,"minecraft:oak_log":138,"minecraft:gravel":44,"minecraft:dirt":142,"minecraft:sand":7,"minecraft:jungle_wall_sign":1,"minecraft:deepslate":37,"minecraft:oak_leaves":15,"minecraft:fern":3},"minecraft:killed_by":{"minecraft:player":2,"minecraft:creeper":3,"minecraft:spider":3,"minecraft:zombie":3},"minecraft:crafted":{"minecraft:oak_door":3,"minecraft:oak_planks":536,"minecraft:stone_shovel":4,"minecraft:spyglass":1,"minecraft:oak_pressure_plate":1,"minecraft:birch_boat":2,"minecraft:birch_slab":12,"minecraft:furnace":6,"minecraft:bookshelf":1,"minecraft:cooked_mutton":30,"minecraft:flint_and_steel":1,"minecraft:bow":1,"minecraft:iron_boots":1,"minecraft:iron_axe":2,"minecraft:stone_pickaxe":3,"minecraft:chest":2,"minecraft:cooked_beef":18,"minecraft:oak_slab":150,"minecraft:wooden_shovel":1,"minecraft:emerald":17,"minecraft:cooked_porkchop":2,"minecraft:crafting_table":9,"minecraft:iron_helmet":1,"minecraft:wooden_pickaxe":2,"minecraft:copper_ingot":2,"minecraft:fletching_table":1,"minecraft:bucket":1,"minecraft:oak_wood":3,"minecraft:birch_planks":104,"minecraft:stone_axe":2,"minecraft:air":0,"minecraft:oak_boat":2,"minecraft:lectern":1,"minecraft:iron_chestplate":1,"minecraft:book":4,"minecraft:paper":12,"minecraft:shield":4,"minecraft:stick":733,"minecraft:iron_ingot":55,"minecraft:iron_pickaxe":2,"minecraft:wooden_axe":1,"minecraft:stone_sword":1,"minecraft:iron_leggings":1,"minecraft:gold_ingot":25,"minecraft:white_bed":4,"minecraft:torch":20,"minecraft:jungle_sign":3},"minecraft:used":{"minecraft:stone_sword":120,"minecraft:flint_and_steel":1,"minecraft:stone_shovel":571,"minecraft:chest":2,"minecraft:shield":183,"minecraft:wooden_shovel":21,"minecraft:rotten_flesh":17,"minecraft:oak_door":1,"minecraft:torch":27,"minecraft:dirt":272,"minecraft:spyglass":15,"minecraft:mutton":8,"minecraft:tuff":3,"minecraft:granite":9,"minecraft:wooden_axe":32,"minecraft:iron_axe":332,"minecraft:oak_stairs":2,"minecraft:furnace":12,"minecraft:potato":5,"minecraft:cooked_beef":13,"minecraft:cobbled_deepslate":55,"minecraft:iron_leggings":1,"minecraft:cooked_mutton":28,"minecraft:diorite":1,"minecraft:water_bucket":46,"minecraft:birch_planks":15,"minecraft:stone_pickaxe":380,"minecraft:oak_planks":11,"minecraft:wooden_pickaxe":41,"minecraft:birch_boat":3,"minecraft:diamond_axe":24,"minecraft:glow_ink_sac":3,"minecraft:fletching_table":3,"minecraft:golden_apple":2,"minecraft:white_wool":4,"minecraft:glow_berries":12,"minecraft:sand":2,"minecraft:oak_slab":152,"minecraft:crafting_table":29,"minecraft:white_bed":5,"minecraft:diamond_pickaxe":17,"minecraft:melon_slice":71,"minecraft:birch_slab":7,"minecraft:bread":1,"minecraft:iron_pickaxe":257,"minecraft:lectern":3,"minecraft:gravel":28,"minecraft:stone_axe":110,"minecraft:jungle_sign":4,"minecraft:cobblestone":147,"minecraft:cooked_porkchop":2,"minecraft:andesite":30,"minecraft:bucket":46,"minecraft:oak_boat":4,"minecraft:golden_pickaxe":1}},"DataVersion":3105}