{"stats":{"minecraft:broken":{"minecraft:iron_boots":1,"minecraft:iron_chestplate":1,"minecraft:stone_pickaxe":2,"minecraft:stone_axe":1,"minecraft:stone_shovel":6,"minecraft:shield":6,"minecraft:iron_axe":3,"minecraft:iron_pickaxe":6,"minecraft:iron_helmet":1},"minecraft:used":{"minecraft:beetroot":1,"minecraft:bone_block":11,"minecraft:oak_sign":1,"minecraft:chest":19,"minecraft:shield":320,"minecraft:iron_sword":444,"minecraft:rotten_flesh":35,"minecraft:iron_chestplate":9,"minecraft:mutton":11,"minecraft:soul_sand":8,"minecraft:jungle_planks":4,"minecraft:carrot":8,"minecraft:tuff":4,"minecraft:obsidian":2,"minecraft:glass":10,"minecraft:lava_bucket":19,"minecraft:iron_helmet":2,"minecraft:bow":80,"minecraft:furnace":22,"minecraft:egg":17,"minecraft:potato":17,"minecraft:diorite":18,"minecraft:cookie":49,"minecraft:oak_planks":169,"minecraft:sugar_cane":35,"minecraft:stone_pickaxe":485,"minecraft:blackstone":63,"minecraft:diamond_axe":24,"minecraft:sandstone":1,"minecraft:wooden_pickaxe":56,"minecraft:glow_berries":12,"minecraft:composter":3,"minecraft:golden_apple":2,"minecraft:jungle_boat":7,"minecraft:white_wool":6,"minecraft:sand":2,"minecraft:redstone_torch":6,"minecraft:melon_slice":192,"minecraft:birch_slab":7,"minecraft:string":1,"minecraft:bread":28,"minecraft:lectern":3,"minecraft:oak_pressure_plate":1,"minecraft:gravel":29,"minecraft:jungle_sign":4,"minecraft:smithing_table":1,"minecraft:cooked_rabbit":3,"minecraft:andesite":36,"minecraft:golden_pickaxe":18,"minecraft:oak_boat":17,"minecraft:bone_meal":64,"minecraft:experience_bottle":1,"minecraft:oak_fence":1,"minecraft:oak_trapdoor":67,"minecraft:stone_sword":140,"minecraft:enchanting_table":2,"minecraft:flint_and_steel":4,"minecraft:stone_shovel":928,"minecraft:redstone":18,"minecraft:wooden_shovel":21,"minecraft:netherrack":400,"minecraft:oak_door":4,"minecraft:torch":111,"minecraft:spyglass":15,"minecraft:dirt":556,"minecraft:anvil":2,"minecraft:hopper":21,"minecraft:granite":9,"minecraft:wooden_axe":34,"minecraft:bookshelf":6,"minecraft:iron_axe":977,"minecraft:oak_stairs":18,"minecraft:polished_blackstone_brick_stairs":1,"minecraft:iron_boots":2,"minecraft:basalt":273,"minecraft:beef":12,"minecraft:soul_soil":3,"minecraft:pointed_dripstone":2,"minecraft:cooked_beef":23,"minecraft:observer":13,"minecraft:cobbled_deepslate":142,"minecraft:iron_leggings":5,"minecraft:wheat_seeds":28,"minecraft:cooked_mutton":33,"minecraft:water_bucket":199,"minecraft:rabbit":1,"minecraft:birch_planks":15,"minecraft:baked_potato":38,"minecraft:birch_boat":3,"minecraft:brown_mushroom":1,"minecraft:cauldron":4,"minecraft:glow_ink_sac":3,"minecraft:fletching_table":3,"minecraft:cobblestone_slab":267,"minecraft:polished_blackstone_bricks":23,"minecraft:tnt":1,"minecraft:crafting_table":43,"minecraft:oak_slab":152,"minecraft:white_bed":14,"minecraft:oak_log":3,"minecraft:piston":8,"minecraft:diamond_pickaxe":985,"minecraft:apple":3,"minecraft:cracked_polished_blackstone_bricks":24,"minecraft:chicken":2,"minecraft:iron_pickaxe":1890,"minecraft:stone_axe":117,"minecraft:fishing_rod":2,"minecraft:cobblestone":626,"minecraft:porkchop":8,"minecraft:cooked_porkchop":3,"minecraft:bucket":223,"minecraft:lapis_block":1,"minecraft:pumpkin_pie":27},"minecraft:crafted":{"minecraft:oak_planks":1568,"minecraft:cobblestone_slab":312,"minecraft:oak_pressure_plate":2,"minecraft:birch_boat":2,"minecraft:birch_slab":12,"minecraft:bookshelf":8,"minecraft:cooked_mutton":35,"minecraft:glass":13,"minecraft:hopper":6,"minecraft:bow":5,"minecraft:iron_boots":5,"minecraft:chest":15,"minecraft:cooked_rabbit":1,"minecraft:oak_slab":156,"minecraft:wooden_shovel":1,"minecraft:arrow":192,"minecraft:emerald":41,"minecraft:cauldron":3,"minecraft:cooked_porkchop":3,"minecraft:crafting_table":19,"minecraft:jungle_boat":4,"minecraft:iron_helmet":5,"minecraft:wooden_pickaxe":3,"minecraft:baked_potato":68,"minecraft:smithing_table":1,"minecraft:copper_ingot":2,"minecraft:fletching_table":1,"minecraft:oak_wood":3,"minecraft:birch_planks":176,"minecraft:lectern":2,"minecraft:iron_chestplate":6,"minecraft:book":26,"minecraft:paper":105,"minecraft:shield":8,"minecraft:stick":1725,"minecraft:iron_ingot":407,"minecraft:iron_pickaxe":9,"minecraft:iron_block":7,"minecraft:stone_sword":3,"minecraft:gold_ingot":25,"minecraft:redstone_torch":3,"minecraft:jungle_sign":3,"minecraft:oak_door":6,"minecraft:cookie":54,"minecraft:stone_shovel":10,"minecraft:fishing_rod":1,"minecraft:spyglass":1,"minecraft:furnace":9,"minecraft:piston":3,"minecraft:oak_trapdoor":68,"minecraft:flint_and_steel":1,"minecraft:iron_axe":8,"minecraft:stone_pickaxe":6,"minecraft:dark_oak_planks":184,"minecraft:observer":5,"minecraft:wheat":522,"minecraft:cooked_beef":36,"minecraft:bucket":1,"minecraft:stone_axe":16,"minecraft:air":0,"minecraft:bread":135,"minecraft:jungle_planks":52,"minecraft:oak_boat":7,"minecraft:golden_apple":6,"minecraft:oak_stairs":12,"minecraft:wooden_axe":2,"minecraft:iron_leggings":6,"minecraft:anvil":2,"minecraft:white_bed":5,"minecraft:pumpkin_pie":48,"minecraft:torch":84},"minecraft:dropped":{"minecraft:iron_sword":4,"minecraft:moss_block":4,"minecraft:brown_mushroom":4,"minecraft:birch_planks":4,"minecraft:lapis_lazuli":10,"minecraft:oak_pressure_plate":2,"minecraft:cooked_beef":11,"minecraft:oak_log":41,"minecraft:baked_potato":31,"minecraft:ender_pearl":1,"minecraft:cookie":41,"minecraft:rooted_dirt":38,"minecraft:leather":1,"minecraft:fletching_table":2,"minecraft:leather_helmet":1,"minecraft:flint":3,"minecraft:emerald":23,"minecraft:dirt":74,"minecraft:pumpkin_pie":17,"minecraft:amethyst_shard":12,"minecraft:bone_block":2,"minecraft:sand":15,"minecraft:sugar":1,"minecraft:iron_pickaxe":5,"minecraft:fishing_rod":1,"minecraft:white_wool":3,"minecraft:cauldron":2,"minecraft:bone":5,"minecraft:gravel":69,"minecraft:oak_door":2,"minecraft:stone_axe":9,"minecraft:sugar_cane":47,"minecraft:iron_nugget":11,"minecraft:cobbled_deepslate":62,"minecraft:wheat":14,"minecraft:birch_sapling":1,"minecraft:obsidian":38,"minecraft:beetroot":1,"minecraft:rotten_flesh":69,"minecraft:enchanted_golden_apple":1,"minecraft:oak_planks":104,"minecraft:salmon":4,"minecraft:carrot":4,"minecraft:poppy":14,"minecraft:rabbit_hide":1,"minecraft:oak_wood":3,"minecraft:charcoal":2,"minecraft:beetroot_seeds":2,"minecraft:hopper":2,"minecraft:azalea":1,"minecraft:basalt":18,"minecraft:arrow":28,"minecraft:beef":3,"minecraft:netherrack":3,"minecraft:enchanting_table":3,"minecraft:egg":6,"minecraft:iron_ingot":74,"minecraft:bread":25,"minecraft:oak_slab":5,"minecraft:wheat_seeds":36,"minecraft:tnt":9,"minecraft:mossy_cobblestone":4,"minecraft:book":3,"minecraft:iron_helmet":2,"minecraft:golden_axe":1,"minecraft:feather":13,"minecraft:cobblestone":419,"minecraft:apple":2,"minecraft:grass_block":4,"minecraft:coal":66,"minecraft:stick":11,"minecraft:oxeye_daisy":1,"minecraft:diorite":4,"minecraft:ink_sac":2,"minecraft:melon_slice":73,"minecraft:iron_leggings":4,"minecraft:flowering_azalea":6,"minecraft:iron_axe":2,"minecraft:jungle_boat":1,"minecraft:cactus":1,"minecraft:smooth_stone":2,"minecraft:paper":3,"minecraft:string":44,"minecraft:bucket":2,"minecraft:dandelion":5,"minecraft:lapis_block":19,"minecraft:redstone_block":11,"minecraft:tuff":5,"minecraft:stone_shovel":8,"minecraft:chicken":6,"minecraft:light_gray_wool":1,"minecraft:clay_ball":64,"minecraft:iron_boots":3,"minecraft:oak_sign":2,"minecraft:flint_and_steel":2,"minecraft:big_dripleaf":3,"minecraft:potato":7,"minecraft:cobblestone_slab":51,"minecraft:shield":4,"minecraft:diamond_pickaxe":2,"minecraft:iron_chestplate":3,"minecraft:andesite":70,"minecraft:golden_leggings":1,"minecraft:oak_boat":1,"minecraft:oak_sapling":81,"minecraft:spider_eye":16,"minecraft:sandstone":21,"minecraft:stone_pickaxe":1,"minecraft:wooden_pickaxe":3},"minecraft:picked_up":{"minecraft:wooden_axe":2,"minecraft:iron_chestplate":36,"minecraft:wheat":189,"minecraft:redstone_block":55,"minecraft:oak_stairs":8,"minecraft:enchanted_book":8,"minecraft:golden_sword":2,"minecraft:lapis_block":19,"minecraft:polished_blackstone_brick_stairs":2,"minecraft:string":162,"minecraft:soul_soil":4,"minecraft:raw_copper":12,"minecraft:iron_leggings":32,"minecraft:oak_sign":4,"minecraft:beetroot":2,"minecraft:diamond_leggings":2,"minecraft:smooth_stone":3,"minecraft:gold_nugget":20,"minecraft:cobbled_deepslate":392,"minecraft:bucket":12,"minecraft:redstone_torch":9,"minecraft:cobblestone_slab":162,"minecraft:calcite":14,"minecraft:azalea":4,"minecraft:wooden_shovel":1,"minecraft:iron_pickaxe":25,"minecraft:enchanted_golden_apple":4,"minecraft:melon_slice":465,"minecraft:iron_boots":31,"minecraft:furnace":51,"minecraft:stick":1057,"minecraft:composter":3,"minecraft:big_dripleaf":3,"minecraft:oak_fence":1,"minecraft:torch":144,"minecraft:porkchop":37,"minecraft:golden_axe":2,"minecraft:pointed_dripstone":2,"minecraft:diorite":15,"minecraft:cauldron":15,"minecraft:goat_horn":5,"minecraft:stone_sword":12,"minecraft:cactus":1,"minecraft:rotten_flesh":293,"minecraft:bookshelf":1,"minecraft:obsidian":141,"minecraft:cobblestone":3193,"minecraft:birch_log":44,"minecraft:enchanting_table":7,"minecraft:magma_block":5,"minecraft:andesite":124,"minecraft:water_bucket":13,"minecraft:feather":31,"minecraft:cooked_beef":46,"minecraft:magma_cream":10,"minecraft:birch_slab":2,"minecraft:jungle_log":14,"minecraft:golden_leggings":2,"minecraft:potato":75,"minecraft:flint":11,"minecraft:tuff":17,"minecraft:map":2,"minecraft:lapis_lazuli":398,"minecraft:dirt":1496,"minecraft:name_tag":2,"minecraft:glass":12,"minecraft:bone":267,"minecraft:acacia_planks":3,"minecraft:bow":32,"minecraft:wheat_seeds":179,"minecraft:raw_gold":41,"minecraft:bell":2,"minecraft:diamond_helmet":2,"minecraft:bamboo":32,"minecraft:fletching_table":7,"minecraft:rabbit":4,"minecraft:glowstone_dust":2,"minecraft:moss_block":4,"minecraft:oak_planks":738,"minecraft:stone_hoe":4,"minecraft:oak_pressure_plate":1,"minecraft:sand":51,"minecraft:jungle_planks":9,"minecraft:ink_sac":4,"minecraft:grass_block":5,"minecraft:jungle_slab":1,"minecraft:spectral_arrow":20,"minecraft:dark_oak_log":46,"minecraft:mossy_cobblestone":5,"minecraft:sugar":1,"minecraft:diamond":26,"minecraft:cracked_polished_blackstone_bricks":24,"minecraft:crossbow":3,"minecraft:granite":9,"minecraft:golden_apple":10,"minecraft:emerald":159,"minecraft:golden_horse_armor":2,"minecraft:bread":223,"minecraft:rooted_dirt":38,"minecraft:piglin_banner_pattern":1,"minecraft:oak_sapling":144,"minecraft:netherrack":532,"minecraft:diamond_pickaxe":14,"minecraft:charcoal":24,"minecraft:crafting_table":32,"minecraft:chicken":14,"minecraft:clay_ball":318,"minecraft:golden_pickaxe":1,"minecraft:leather_leggings":3,"minecraft:brown_mushroom":10,"minecraft:wooden_pickaxe":8,"minecraft:cooked_rabbit":2,"minecraft:gold_block":31,"minecraft:shield":22,"minecraft:cornflower":1,"minecraft:oak_trapdoor":23,"minecraft:iron_axe":29,"minecraft:wooden_sword":4,"minecraft:flint_and_steel":13,"minecraft:blackstone":65,"minecraft:beef":128,"minecraft:oak_boat":18,"minecraft:observer":8,"minecraft:iron_nugget":21,"minecraft:poppy":30,"minecraft:light_gray_wool":2,"minecraft:lectern":3,"minecraft:sugar_cane":697,"minecraft:chest":27,"minecraft:birch_sapling":2,"minecraft:egg":33,"minecraft:piston":5,"minecraft:raw_iron":638,"minecraft:sandstone":22,"minecraft:polished_blackstone_bricks":33,"minecraft:cookie":84,"minecraft:carrot":137,"minecraft:redstone":15,"minecraft:jungle_sign":1,"minecraft:dark_oak_planks":161,"minecraft:tnt":18,"minecraft:arrow":715,"minecraft:stone_shovel":29,"minecraft:beetroot_seeds":2,"minecraft:pumpkin_pie":24,"minecraft:golden_hoe":2,"minecraft:shears":1,"minecraft:hay_block":2,"minecraft:saddle":6,"minecraft:gold_ingot":18,"minecraft:glow_berries":12,"minecraft:mutton":155,"minecraft:white_wool":68,"minecraft:bone_block":17,"minecraft:oxeye_daisy":4,"minecraft:stripped_oak_log":13,"minecraft:jungle_boat":7,"minecraft:basalt":297,"minecraft:salmon":14,"minecraft:leather":125,"minecraft:birch_planks":39,"minecraft:oak_log":564,"minecraft:golden_boots":1,"minecraft:gunpowder":60,"minecraft:cobblestone_stairs":17,"minecraft:paper":8,"minecraft:cooked_mutton":49,"minecraft:apple":61,"minecraft:warped_stem":7,"minecraft:rabbit_hide":3,"minecraft:iron_ingot":229,"minecraft:stone_pickaxe":8,"minecraft:iron_sword":22,"minecraft:flowering_azalea":12,"minecraft:soul_sand":34,"minecraft:book":19,"minecraft:oak_slab":6,"minecraft:birch_boat":1,"minecraft:quartz":23,"minecraft:dandelion":13,"minecraft:spyglass":2,"minecraft:gravel":198,"minecraft:lava_bucket":4,"minecraft:amethyst_shard":83,"minecraft:white_bed":14,"minecraft:spider_eye":20,"minecraft:leather_helmet":4,"minecraft:stone_axe":31,"minecraft:iron_helmet":25,"minecraft:diamond_axe":1,"minecraft:baked_potato":277,"minecraft:coal":376,"minecraft:hopper":25,"minecraft:ender_pearl":8},"minecraft:custom":{"minecraft:animals_bred":2,"minecraft:interact_with_crafting_table":243,"minecraft:open_barrel":6,"minecraft:bell_ring":6,"minecraft:leave_game":27,"minecraft:time_since_death":8770,"minecraft:sprint_one_cm":2717478,"minecraft:damage_blocked_by_shield":15436,"minecraft:drop":522,"minecraft:talked_to_villager":120,"minecraft:play_time":1050460,"minecraft:deaths":62,"minecraft:jump":21601,"minecraft:walk_on_water_one_cm":266394,"minecraft:enchant_item":5,"minecraft:interact_with_furnace":311,"minecraft:traded_with_villager":82,"minecraft:sleep_in_bed":23,"minecraft:damage_dealt":78651,"minecraft:player_kills":13,"minecraft:crouch_one_cm":176070,"minecraft:use_cauldron":6,"minecraft:horse_one_cm":1255,"minecraft:interact_with_anvil":15,"minecraft:mob_kills":456,"minecraft:inspect_hopper":1,"minecraft:climb_one_cm":9614,"minecraft:walk_one_cm":3075957,"minecraft:sneak_time":47617,"minecraft:walk_under_water_one_cm":258543,"minecraft:boat_one_cm":809271,"minecraft:total_world_time":1050460,"minecraft:time_since_rest":8794,"minecraft:damage_absorbed":80,"minecraft:damage_taken":28931,"minecraft:swim_one_cm":280779,"minecraft:fly_one_cm":4142148,"minecraft:open_chest":438,"minecraft:fall_one_cm":502024},"minecraft:mined":{"minecraft:dark_oak_planks":7,"minecraft:white_bed":12,"minecraft:jungle_slab":4,"minecraft:sculk_vein":1,"minecraft:granite":23,"minecraft:grass_block":416,"minecraft:jungle_log":12,"minecraft:cracked_polished_blackstone_bricks":24,"minecraft:soul_soil":3,"minecraft:composter":3,"minecraft:hopper":19,"minecraft:oxeye_daisy":1,"minecraft:polished_blackstone_bricks":31,"minecraft:smooth_stone":1,"minecraft:tall_seagrass":2,"minecraft:magma_block":16,"minecraft:iron_ore":337,"minecraft:fire":12,"minecraft:cobbled_deepslate":83,"minecraft:deepslate_lapis_ore":4,"minecraft:fletching_table":2,"minecraft:dark_oak_stairs":1,"minecraft:water_cauldron":4,"minecraft:pointed_dripstone":3,"minecraft:flowering_azalea_leaves":2,"minecraft:cave_vines":4,"minecraft:dirt_path":5,"minecraft:small_amethyst_bud":1,"minecraft:oak_stairs":7,"minecraft:azalea_leaves":3,"minecraft:azalea":1,"minecraft:brown_mushroom":2,"minecraft:blackstone":64,"minecraft:soul_fire":16,"minecraft:amethyst_cluster":3,"minecraft:clay":16,"minecraft:torch":6,"minecraft:jungle_stairs":1,"minecraft:melon":32,"minecraft:poppy":2,"minecraft:chest":8,"minecraft:dead_bush":15,"minecraft:glass":2,"minecraft:nether_quartz_ore":12,"minecraft:cobblestone":121,"minecraft:oak_planks":72,"minecraft:sugar_cane":83,"minecraft:wall_torch":5,"minecraft:cauldron":1,"minecraft:warped_nylium":2,"minecraft:birch_log":44,"minecraft:wheat":30,"minecraft:grass":112,"minecraft:oak_log":306,"minecraft:beetroots":1,"minecraft:sand":30,"minecraft:dirt":373,"minecraft:piston":3,"minecraft:netherrack":470,"minecraft:oak_leaves":65,"minecraft:deepslate":56,"minecraft:tuff":7,"minecraft:mossy_cobblestone":8,"minecraft:deepslate_diamond_ore":10,"minecraft:dark_oak_log":46,"minecraft:jungle_planks":2,"minecraft:redstone_wire":9,"minecraft:moss_block":4,"minecraft:rooted_dirt":39,"minecraft:sandstone":22,"minecraft:hay_block":2,"minecraft:oak_trapdoor":7,"minecraft:furnace":15,"minecraft:polished_basalt":4,"minecraft:andesite":90,"minecraft:gold_block":10,"minecraft:warped_stem":7,"minecraft:bookshelf":1,"minecraft:potatoes":1,"minecraft:cobblestone_slab":33,"minecraft:deepslate_iron_ore":12,"minecraft:vine":9,"minecraft:stripped_oak_log":13,"minecraft:stone":1267,"minecraft:bone_block":13,"minecraft:white_wool":11,"minecraft:redstone_wall_torch":5,"minecraft:oak_slab":3,"minecraft:flowering_azalea":2,"minecraft:basalt":304,"minecraft:observer":8,"minecraft:dandelion":2,"minecraft:oak_fence":1,"minecraft:crafting_table":27,"minecraft:emerald_ore":14,"minecraft:lectern":2,"minecraft:copper_ore":4,"minecraft:tall_grass":31,"minecraft:lapis_ore":11,"minecraft:deepslate_gold_ore":25,"minecraft:diorite":14,"minecraft:big_dripleaf":2,"minecraft:redstone_torch":1,"minecraft:birch_leaves":9,"minecraft:coal_ore":173,"minecraft:gravel":64,"minecraft:jungle_wall_sign":1,"minecraft:fern":5},"minecraft:killed":{"minecraft:spider":35,"minecraft:skeleton":87,"minecraft:chicken":9,"minecraft:piglin_brute":1,"minecraft:cat":3,"minecraft:magma_cube":16,"minecraft:wolf":1,"minecraft:piglin":16,"minecraft:pig":9,"minecraft:zombie_villager":1,"minecraft:salmon":2,"minecraft:iron_golem":8,"minecraft:creeper":24,"minecraft:sheep":31,"minecraft:pillager":7,"minecraft:zombie":112,"minecraft:ghast":5,"minecraft:cow":40,"minecraft:phantom":1,"minecraft:horse":11,"minecraft:drowned":10,"minecraft:husk":5,"minecraft:rabbit":10,"minecraft:bat":1,"minecraft:enderman":3},"minecraft:killed_by":{"minecraft:piglin_brute":1,"minecraft:creeper":5,"minecraft:piglin":2,"minecraft:zombie":9,"minecraft:player":13,"minecraft:spider":4,"minecraft:enderman":1,"minecraft:iron_golem":3,"minecraft:skeleton":7}},"DataVersion":3105}