{"stats":{"minecraft:killed":{"minecraft:zombie_villager":1},"minecraft:custom":{"minecraft:time_since_rest":5939,"minecraft:crouch_one_cm":2396,"minecraft:sprint_one_cm":11232,"minecraft:play_time":6541,"minecraft:deaths":1,"minecraft:damage_taken":490,"minecraft:walk_one_cm":15002,"minecraft:sneak_time":840,"minecraft:walk_under_water_one_cm":341,"minecraft:mob_kills":1,"minecraft:jump":121,"minecraft:damage_dealt":76,"minecraft:walk_on_water_one_cm":1260,"minecraft:time_since_death":5913,"minecraft:total_world_time":6541,"minecraft:climb_one_cm":782,"minecraft:swim_one_cm":2835,"minecraft:interact_with_crafting_table":2,"minecraft:fall_one_cm":2859,"minecraft:fly_one_cm":21097,"minecraft:open_chest":1},"minecraft:picked_up":{"minecraft:cocoa_beans":3,"minecraft:crafting_table":1,"minecraft:rotten_flesh":2,"minecraft:jungle_log":14,"minecraft:wheat_seeds":1,"minecraft:oak_log":7,"minecraft:oak_sapling":1,"minecraft:melon_slice":14},"minecraft:mined":{"minecraft:melon":3,"minecraft:grass":3,"minecraft:oak_log":7,"minecraft:vine":4,"minecraft:jungle_log":15,"minecraft:fern":1,"minecraft:oak_leaves":4,"minecraft:crafting_table":1},"minecraft:killed_by":{"minecraft:zombie":1},"minecraft:crafted":{"minecraft:oak_planks":28,"minecraft:stick":8,"minecraft:jungle_planks":32,"minecraft:wooden_axe":1},"minecraft:used":{"minecraft:rotten_flesh":2,"minecraft:wooden_axe":31,"minecraft:oak_sapling":1,"minecraft:melon_slice":5,"minecraft:jungle_planks":1}},"DataVersion":3105}