{"stats":{"minecraft:killed":{"minecraft:zombie_villager":1,"minecraft:sheep":1,"minecraft:chicken":1},"minecraft:custom":{"minecraft:interact_with_furnace":2,"minecraft:mob_kills":4,"minecraft:interact_with_crafting_table":6,"minecraft:leave_game":1,"minecraft:time_since_death":129,"minecraft:climb_one_cm":1919,"minecraft:time_since_rest":186,"minecraft:sprint_one_cm":77835,"minecraft:damage_taken":1025,"minecraft:walk_one_cm":42178,"minecraft:drop":3,"minecraft:damage_dealt":324,"minecraft:swim_one_cm":16360,"minecraft:fly_one_cm":117032,"minecraft:open_chest":4,"minecraft:crouch_one_cm":6235,"minecraft:play_time":21486,"minecraft:deaths":2,"minecraft:sneak_time":1804,"minecraft:walk_under_water_one_cm":839,"minecraft:jump":517,"minecraft:walk_on_water_one_cm":6484,"minecraft:total_world_time":21486,"minecraft:fall_one_cm":16051},"minecraft:dropped":{"minecraft:crafting_table":1,"minecraft:fire_charge":2,"minecraft:golden_hoe":1},"minecraft:picked_up":{"minecraft:lime_bed":1,"minecraft:cocoa_beans":3,"minecraft:crafting_table":3,"minecraft:wheat":6,"minecraft:sandstone_slab":1,"minecraft:feather":2,"minecraft:chicken":1,"minecraft:jungle_log":14,"minecraft:oak_log":7,"minecraft:cooked_mutton":1,"minecraft:smooth_sandstone":2,"minecraft:bone":1,"minecraft:wheat_seeds":2,"minecraft:light_gray_wool":1,"minecraft:melon_slice":43,"minecraft:chest":2,"minecraft:egg":1,"minecraft:furnace":2,"minecraft:book":1,"minecraft:sandstone":4,"minecraft:torch":3,"minecraft:jungle_planks":17,"minecraft:sand":3,"minecraft:dead_bush":1,"minecraft:cactus":3,"minecraft:rotten_flesh":2,"minecraft:arrow":2,"minecraft:golden_hoe":1,"minecraft:bread":5,"minecraft:terracotta":1,"minecraft:oak_sapling":1,"minecraft:mutton":1,"minecraft:coal":14,"minecraft:cobblestone":41},"minecraft:mined":{"minecraft:sandstone_slab":1,"minecraft:smooth_sandstone":2,"minecraft:crafting_table":2,"minecraft:torch":1,"minecraft:melon":8,"minecraft:chest":2,"minecraft:jungle_log":15,"minecraft:sandstone":4,"minecraft:wall_torch":2,"minecraft:lime_bed":1,"minecraft:furnace":2,"minecraft:fire":3,"minecraft:grass":3,"minecraft:oak_log":7,"minecraft:coal_ore":14,"minecraft:vine":4,"minecraft:sand":3,"minecraft:terracotta":1,"minecraft:stone":41,"minecraft:oak_leaves":4,"minecraft:fern":2},"minecraft:killed_by":{"minecraft:creeper":1,"minecraft:zombie":1},"minecraft:crafted":{"minecraft:oak_planks":28,"minecraft:wooden_pickaxe":1,"minecraft:furnace":1,"minecraft:stone_axe":1,"minecraft:jungle_planks":32,"minecraft:charcoal":6,"minecraft:stick":48,"minecraft:stone_pickaxe":1,"minecraft:wooden_axe":1,"minecraft:stone_sword":1,"minecraft:torch":24},"minecraft:used":{"minecraft:cooked_mutton":1,"minecraft:stone_pickaxe":66,"minecraft:wooden_pickaxe":3,"minecraft:rotten_flesh":2,"minecraft:torch":4,"minecraft:crafting_table":1,"minecraft:jungle_planks":7,"minecraft:wooden_axe":46,"minecraft:smooth_sandstone":2,"minecraft:melon_slice":31,"minecraft:stone_axe":3,"minecraft:cobblestone":25,"minecraft:oak_sapling":1,"minecraft:furnace":2}},"DataVersion":3105}