{"stats":{"minecraft:custom":{"minecraft:jump":39,"minecraft:open_chest":1,"minecraft:time_since_rest":227,"minecraft:damage_dealt":42,"minecraft:damage_taken":810,"minecraft:leave_game":22,"minecraft:play_time":19800,"minecraft:time_since_death":0,"minecraft:walk_one_cm":37643,"minecraft:sprint_one_cm":7261,"minecraft:deaths":3,"minecraft:walk_on_water_one_cm":476,"minecraft:sneak_time":54,"minecraft:total_world_time":19800,"minecraft:fall_one_cm":267,"minecraft:drop":2,"minecraft:fly_one_cm":3734},"minecraft:picked_up":{"minecraft:stone_axe":2},"minecraft:dropped":{"minecraft:stone_axe":2},"minecraft:killed_by":{"minecraft:husk":2,"minecraft:skeleton":1},"minecraft:used":{"minecraft:stone_axe":1}},"DataVersion":3105}