{"stats":{"minecraft:killed":{"minecraft:skeleton":4,"minecraft:chicken":6,"minecraft:pig":2,"minecraft:sheep":6,"minecraft:zombie":14},"minecraft:used":{"minecraft:moss_block":12,"minecraft:stone_sword":153,"minecraft:tropical_fish":13,"minecraft:chest":2,"minecraft:shield":44,"minecraft:cooked_chicken":6,"minecraft:rotten_flesh":14,"minecraft:torch":121,"minecraft:dirt":10,"minecraft:granite":3,"minecraft:polished_diorite":28,"minecraft:furnace":3,"minecraft:cobbled_deepslate":270,"minecraft:cooked_mutton":5,"minecraft:water_bucket":1,"minecraft:stone_pickaxe":534,"minecraft:wooden_pickaxe":26,"minecraft:clay":1,"minecraft:glow_berries":30,"minecraft:crafting_table":8,"minecraft:white_bed":1,"minecraft:diamond_pickaxe":388,"minecraft:bread":4,"minecraft:melon_slice":3,"minecraft:iron_pickaxe":257,"minecraft:stone_axe":87,"minecraft:cobblestone":9,"minecraft:cooked_porkchop":2,"minecraft:andesite":4,"minecraft:bucket":1},"minecraft:dropped":{"minecraft:wheat_seeds":22,"minecraft:amethyst_block":2,"minecraft:granite":12,"minecraft:dirt":8,"minecraft:diorite":3,"minecraft:flowering_azalea":5,"minecraft:bone_meal":1,"minecraft:string":1,"minecraft:smooth_basalt":2,"minecraft:redstone":5,"minecraft:gravel":1,"minecraft:stone_axe":1,"minecraft:moss_carpet":4,"minecraft:cobbled_deepslate":8,"minecraft:tuff":43,"minecraft:stone":3,"minecraft:diamond_pickaxe":1,"minecraft:andesite":6,"minecraft:beetroot_seeds":4,"minecraft:bamboo":1,"minecraft:bow":1,"minecraft:wooden_pickaxe":1},"minecraft:crafted":{"minecraft:oak_planks":16,"minecraft:cooked_chicken":6,"minecraft:furnace":2,"minecraft:cooked_mutton":5,"minecraft:polished_diorite":28,"minecraft:stone_pickaxe":4,"minecraft:chest":2,"minecraft:cooked_porkchop":2,"minecraft:crafting_table":6,"minecraft:wooden_pickaxe":1,"minecraft:bucket":1,"minecraft:stone_axe":1,"minecraft:jungle_planks":48,"minecraft:air":0,"minecraft:iron_chestplate":1,"minecraft:diamond_pickaxe":1,"minecraft:shield":1,"minecraft:stick":114,"minecraft:iron_ingot":15,"minecraft:iron_pickaxe":1,"minecraft:stone_sword":2,"minecraft:white_bed":1,"minecraft:torch":52,"minecraft:clay":40},"minecraft:picked_up":{"minecraft:crafting_table":5,"minecraft:iron_chestplate":6,"minecraft:chicken":6,"minecraft:clay_ball":308,"minecraft:chest_minecart":5,"minecraft:wooden_pickaxe":2,"minecraft:shield":6,"minecraft:amethyst_block":4,"minecraft:moss_carpet":16,"minecraft:string":1,"minecraft:activator_rail":6,"minecraft:cobbled_deepslate":966,"minecraft:calcite":1,"minecraft:melon_slice":11,"minecraft:sugar_cane":8,"minecraft:furnace":1,"minecraft:egg":6,"minecraft:stick":28,"minecraft:raw_iron":78,"minecraft:stone":3,"minecraft:torch":87,"minecraft:porkchop":4,"minecraft:diorite":63,"minecraft:redstone":91,"minecraft:arrow":25,"minecraft:stone_sword":3,"minecraft:rotten_flesh":65,"minecraft:tropical_fish":21,"minecraft:beetroot_seeds":4,"minecraft:glow_berries":39,"minecraft:mutton":7,"minecraft:rail":53,"minecraft:white_wool":5,"minecraft:cobblestone":268,"minecraft:feather":12,"minecraft:andesite":130,"minecraft:jungle_log":226,"minecraft:flint":6,"minecraft:tuff":120,"minecraft:oak_log":32,"minecraft:lapis_lazuli":104,"minecraft:dirt":83,"minecraft:name_tag":2,"minecraft:cooked_mutton":5,"minecraft:bone":26,"minecraft:apple":7,"minecraft:bow":1,"minecraft:wheat_seeds":31,"minecraft:raw_gold":43,"minecraft:cooked_chicken":4,"minecraft:stone_pickaxe":1,"minecraft:iron_ingot":4,"minecraft:bamboo":187,"minecraft:moss_block":20,"minecraft:flowering_azalea":5,"minecraft:oak_planks":4,"minecraft:smooth_basalt":2,"minecraft:cooked_porkchop":2,"minecraft:gravel":51,"minecraft:jungle_planks":6,"minecraft:pumpkin_seeds":6,"minecraft:polished_diorite":2,"minecraft:diamond":17,"minecraft:stone_axe":5,"minecraft:granite":19,"minecraft:bone_meal":6,"minecraft:golden_apple":2,"minecraft:bread":2,"minecraft:melon_seeds":3,"minecraft:oak_sapling":3,"minecraft:black_wool":4,"minecraft:coal":51,"minecraft:diamond_pickaxe":6},"minecraft:killed_by":{"minecraft:creeper":1,"minecraft:spider":1,"minecraft:skeleton":4,"minecraft:zombie":7},"minecraft:custom":{"minecraft:mob_kills":32,"minecraft:interact_with_crafting_table":23,"minecraft:leave_game":2,"minecraft:time_since_death":38602,"minecraft:climb_one_cm":2130,"minecraft:sprint_one_cm":393208,"minecraft:walk_one_cm":298129,"minecraft:damage_blocked_by_shield":1755,"minecraft:drop":38,"minecraft:play_time":151033,"minecraft:sneak_time":2069,"minecraft:deaths":13,"minecraft:walk_under_water_one_cm":33435,"minecraft:jump":1902,"minecraft:walk_on_water_one_cm":100652,"minecraft:total_world_time":151033,"minecraft:interact_with_furnace":13,"minecraft:sleep_in_bed":1,"minecraft:time_since_rest":38655,"minecraft:damage_taken":5248,"minecraft:damage_dealt":5027,"minecraft:swim_one_cm":99560,"minecraft:fly_one_cm":167893,"minecraft:open_chest":3,"minecraft:crouch_one_cm":7246,"minecraft:fall_one_cm":51174},"minecraft:broken":{"minecraft:stone_pickaxe":4,"minecraft:iron_pickaxe":1},"minecraft:mined":{"minecraft:tuff":71,"minecraft:deepslate_diamond_ore":16,"minecraft:glow_lichen":2,"minecraft:cave_vines_plant":13,"minecraft:granite":11,"minecraft:grass_block":6,"minecraft:jungle_log":38,"minecraft:polished_diorite":2,"minecraft:moss_block":12,"minecraft:furnace":1,"minecraft:iron_ore":6,"minecraft:cobbled_deepslate":10,"minecraft:andesite":79,"minecraft:deepslate_lapis_ore":16,"minecraft:cave_vines":16,"minecraft:deepslate_iron_ore":63,"minecraft:vine":2,"minecraft:rail":3,"minecraft:bamboo":29,"minecraft:stone":141,"minecraft:podzol":2,"minecraft:deepslate_redstone_ore":7,"minecraft:flowering_azalea":2,"minecraft:clay":43,"minecraft:crafting_table":4,"minecraft:torch":40,"minecraft:calcite":1,"minecraft:melon":2,"minecraft:tall_grass":5,"minecraft:cobblestone":1,"minecraft:deepslate_coal_ore":21,"minecraft:lapis_ore":2,"minecraft:deepslate_gold_ore":24,"minecraft:sugar_cane":2,"minecraft:diorite":31,"minecraft:wall_torch":12,"minecraft:amethyst_block":3,"minecraft:deepslate_copper_ore":1,"minecraft:grass":42,"minecraft:oak_log":8,"minecraft:coal_ore":13,"minecraft:gravel":28,"minecraft:dirt":10,"minecraft:cobweb":1,"minecraft:smooth_basalt":2,"minecraft:small_dripleaf":2,"minecraft:oak_leaves":16,"minecraft:deepslate":573,"minecraft:fern":5}},"DataVersion":3105}