{"stats":{"minecraft:killed":{"minecraft:pig":2,"minecraft:skeleton":1,"minecraft:sheep":6,"minecraft:zombie":3,"minecraft:chicken":6},"minecraft:mined":{"minecraft:podzol":2,"minecraft:deepslate_redstone_ore":1,"minecraft:tuff":61,"minecraft:flowering_azalea":1,"minecraft:deepslate_diamond_ore":7,"minecraft:clay":40,"minecraft:crafting_table":2,"minecraft:torch":10,"minecraft:cave_vines_plant":11,"minecraft:granite":4,"minecraft:grass_block":3,"minecraft:melon":2,"minecraft:jungle_log":8,"minecraft:tall_grass":1,"minecraft:deepslate_gold_ore":6,"minecraft:sugar_cane":2,"minecraft:moss_block":12,"minecraft:diorite":29,"minecraft:wall_torch":4,"minecraft:furnace":1,"minecraft:cobbled_deepslate":5,"minecraft:andesite":58,"minecraft:grass":29,"minecraft:coal_ore":12,"minecraft:cave_vines":16,"minecraft:deepslate_iron_ore":5,"minecraft:gravel":27,"minecraft:dirt":8,"minecraft:stone":101,"minecraft:small_dripleaf":1,"minecraft:oak_leaves":1,"minecraft:deepslate":418,"minecraft:fern":4},"minecraft:broken":{"minecraft:stone_pickaxe":3},"minecraft:dropped":{"minecraft:wheat_seeds":18,"minecraft:cobbled_deepslate":8,"minecraft:tuff":40,"minecraft:granite":8,"minecraft:stone":3,"minecraft:diamond_pickaxe":1,"minecraft:flowering_azalea":4,"minecraft:wooden_pickaxe":1,"minecraft:redstone":5},"minecraft:crafted":{"minecraft:cooked_porkchop":2,"minecraft:crafting_table":4,"minecraft:wooden_pickaxe":1,"minecraft:cooked_chicken":6,"minecraft:furnace":2,"minecraft:stone_axe":1,"minecraft:cooked_mutton":5,"minecraft:air":0,"minecraft:jungle_planks":32,"minecraft:diamond_pickaxe":1,"minecraft:shield":1,"minecraft:stick":19,"minecraft:iron_ingot":4,"minecraft:iron_pickaxe":1,"minecraft:stone_pickaxe":4,"minecraft:stone_sword":1,"minecraft:white_bed":1,"minecraft:torch":20,"minecraft:clay":40},"minecraft:killed_by":{"minecraft:zombie":1},"minecraft:custom":{"minecraft:interact_with_furnace":10,"minecraft:mob_kills":18,"minecraft:interact_with_crafting_table":15,"minecraft:time_since_death":29291,"minecraft:climb_one_cm":541,"minecraft:sleep_in_bed":1,"minecraft:time_since_rest":29319,"minecraft:sprint_one_cm":125297,"minecraft:damage_taken":965,"minecraft:walk_one_cm":124129,"minecraft:damage_blocked_by_shield":95,"minecraft:drop":20,"minecraft:damage_dealt":2063,"minecraft:swim_one_cm":5472,"minecraft:fly_one_cm":55761,"minecraft:crouch_one_cm":4281,"minecraft:play_time":62389,"minecraft:deaths":1,"minecraft:sneak_time":1189,"minecraft:walk_under_water_one_cm":8491,"minecraft:jump":687,"minecraft:walk_on_water_one_cm":13528,"minecraft:total_world_time":62389,"minecraft:fall_one_cm":9754},"minecraft:picked_up":{"minecraft:crafting_table":2,"minecraft:feather":12,"minecraft:chicken":6,"minecraft:clay_ball":308,"minecraft:andesite":116,"minecraft:jungle_log":10,"minecraft:wooden_pickaxe":2,"minecraft:flint":6,"minecraft:tuff":100,"minecraft:dirt":22,"minecraft:cooked_mutton":5,"minecraft:wheat_seeds":19,"minecraft:cobbled_deepslate":581,"minecraft:raw_gold":6,"minecraft:stone_pickaxe":1,"minecraft:cooked_chicken":4,"minecraft:sugar_cane":8,"minecraft:bamboo":6,"minecraft:moss_block":20,"minecraft:melon_slice":11,"minecraft:flowering_azalea":4,"minecraft:oak_planks":4,"minecraft:egg":6,"minecraft:furnace":1,"minecraft:stick":8,"minecraft:raw_iron":7,"minecraft:stone":3,"minecraft:cooked_porkchop":2,"minecraft:torch":13,"minecraft:gravel":44,"minecraft:porkchop":4,"minecraft:jungle_planks":2,"minecraft:diorite":58,"minecraft:redstone":5,"minecraft:arrow":2,"minecraft:stone_sword":1,"minecraft:rotten_flesh":2,"minecraft:diamond":7,"minecraft:stone_axe":1,"minecraft:granite":12,"minecraft:black_wool":4,"minecraft:glow_berries":12,"minecraft:mutton":7,"minecraft:coal":21,"minecraft:white_wool":5,"minecraft:cobblestone":228,"minecraft:diamond_pickaxe":1},"minecraft:used":{"minecraft:moss_block":12,"minecraft:cooked_mutton":3,"minecraft:stone_sword":98,"minecraft:stone_pickaxe":475,"minecraft:wooden_pickaxe":26,"minecraft:shield":2,"minecraft:clay":1,"minecraft:cooked_chicken":2,"minecraft:torch":32,"minecraft:glow_berries":10,"minecraft:dirt":4,"minecraft:crafting_table":5,"minecraft:white_bed":1,"minecraft:diamond_pickaxe":67,"minecraft:melon_slice":3,"minecraft:iron_pickaxe":225,"minecraft:stone_axe":2,"minecraft:cobblestone":8,"minecraft:furnace":2,"minecraft:cooked_porkchop":2,"minecraft:cobbled_deepslate":74}},"DataVersion":3105}