{"stats":{"minecraft:crafted":{"minecraft:crafting_table":1,"minecraft:stick":4,"minecraft:wooden_pickaxe":1,"minecraft:jungle_planks":12},"minecraft:picked_up":{"minecraft:jungle_log":8,"minecraft:melon_slice":7,"minecraft:sugar_cane":4},"minecraft:used":{"minecraft:crafting_table":1,"minecraft:wooden_pickaxe":4},"minecraft:custom":{"minecraft:time_since_rest":3602,"minecraft:crouch_one_cm":391,"minecraft:play_time":3602,"minecraft:sprint_one_cm":11097,"minecraft:damage_taken":20,"minecraft:walk_one_cm":2748,"minecraft:sneak_time":238,"minecraft:walk_under_water_one_cm":2716,"minecraft:jump":60,"minecraft:time_since_death":3602,"minecraft:walk_on_water_one_cm":3676,"minecraft:total_world_time":3602,"minecraft:climb_one_cm":148,"minecraft:swim_one_cm":5282,"minecraft:interact_with_crafting_table":1,"minecraft:fall_one_cm":880,"minecraft:fly_one_cm":6934},"minecraft:mined":{"minecraft:grass":1,"minecraft:melon":2,"minecraft:jungle_log":8,"minecraft:sugar_cane":2,"minecraft:fern":1}},"DataVersion":3105}