{"stats":{"minecraft:killed":{"minecraft:pig":2,"minecraft:skeleton":1,"minecraft:sheep":6,"minecraft:zombie":6,"minecraft:chicken":6},"minecraft:custom":{"minecraft:interact_with_furnace":13,"minecraft:mob_kills":21,"minecraft:interact_with_crafting_table":22,"minecraft:time_since_death":53065,"minecraft:sleep_in_bed":1,"minecraft:climb_one_cm":814,"minecraft:time_since_rest":53093,"minecraft:sprint_one_cm":152373,"minecraft:damage_taken":1393,"minecraft:walk_one_cm":156105,"minecraft:damage_blocked_by_shield":455,"minecraft:drop":21,"minecraft:damage_dealt":2642,"minecraft:swim_one_cm":11528,"minecraft:fly_one_cm":77851,"minecraft:open_chest":3,"minecraft:play_time":86163,"minecraft:crouch_one_cm":4957,"minecraft:sneak_time":1478,"minecraft:deaths":1,"minecraft:walk_under_water_one_cm":18141,"minecraft:jump":1084,"minecraft:walk_on_water_one_cm":26833,"minecraft:fall_one_cm":13037,"minecraft:total_world_time":86163},"minecraft:used":{"minecraft:cooked_mutton":5,"minecraft:moss_block":12,"minecraft:water_bucket":1,"minecraft:stone_sword":113,"minecraft:stone_pickaxe":534,"minecraft:chest":2,"minecraft:wooden_pickaxe":26,"minecraft:shield":14,"minecraft:clay":1,"minecraft:cooked_chicken":6,"minecraft:torch":64,"minecraft:glow_berries":10,"minecraft:dirt":4,"minecraft:crafting_table":7,"minecraft:white_bed":1,"minecraft:polished_diorite":28,"minecraft:granite":3,"minecraft:diamond_pickaxe":113,"minecraft:iron_pickaxe":257,"minecraft:melon_slice":3,"minecraft:cobblestone":9,"minecraft:stone_axe":79,"minecraft:furnace":3,"minecraft:cooked_porkchop":2,"minecraft:andesite":4,"minecraft:bucket":1,"minecraft:cobbled_deepslate":191},"minecraft:crafted":{"minecraft:oak_planks":16,"minecraft:cooked_porkchop":2,"minecraft:crafting_table":5,"minecraft:wooden_pickaxe":1,"minecraft:cooked_chicken":6,"minecraft:furnace":2,"minecraft:bucket":1,"minecraft:stone_axe":1,"minecraft:cooked_mutton":5,"minecraft:air":0,"minecraft:jungle_planks":40,"minecraft:polished_diorite":28,"minecraft:iron_chestplate":1,"minecraft:diamond_pickaxe":1,"minecraft:shield":1,"minecraft:stick":114,"minecraft:iron_ingot":15,"minecraft:iron_pickaxe":1,"minecraft:stone_pickaxe":4,"minecraft:stone_sword":1,"minecraft:chest":2,"minecraft:white_bed":1,"minecraft:torch":40,"minecraft:clay":40},"minecraft:picked_up":{"minecraft:crafting_table":3,"minecraft:feather":12,"minecraft:chicken":6,"minecraft:clay_ball":308,"minecraft:andesite":124,"minecraft:jungle_log":39,"minecraft:wooden_pickaxe":2,"minecraft:flint":6,"minecraft:tuff":109,"minecraft:oak_log":8,"minecraft:dirt":24,"minecraft:moss_carpet":4,"minecraft:cooked_mutton":5,"minecraft:bone":2,"minecraft:apple":1,"minecraft:wheat_seeds":20,"minecraft:cobbled_deepslate":636,"minecraft:raw_gold":6,"minecraft:stone_pickaxe":1,"minecraft:cooked_chicken":4,"minecraft:bamboo":184,"minecraft:moss_block":20,"minecraft:melon_slice":11,"minecraft:sugar_cane":8,"minecraft:oak_planks":4,"minecraft:flowering_azalea":4,"minecraft:furnace":1,"minecraft:egg":6,"minecraft:stick":9,"minecraft:raw_iron":17,"minecraft:stone":3,"minecraft:cooked_porkchop":2,"minecraft:torch":35,"minecraft:gravel":45,"minecraft:porkchop":4,"minecraft:jungle_planks":2,"minecraft:diorite":63,"minecraft:redstone":15,"minecraft:stone_sword":1,"minecraft:arrow":3,"minecraft:rotten_flesh":7,"minecraft:polished_diorite":2,"minecraft:diamond":7,"minecraft:tropical_fish":3,"minecraft:stone_axe":1,"minecraft:granite":15,"minecraft:oak_sapling":3,"minecraft:black_wool":4,"minecraft:glow_berries":13,"minecraft:mutton":7,"minecraft:coal":21,"minecraft:white_wool":5,"minecraft:cobblestone":255,"minecraft:diamond_pickaxe":1},"minecraft:dropped":{"minecraft:wheat_seeds":18,"minecraft:cobbled_deepslate":8,"minecraft:tuff":40,"minecraft:granite":8,"minecraft:stone":3,"minecraft:diorite":3,"minecraft:diamond_pickaxe":1,"minecraft:flowering_azalea":4,"minecraft:wooden_pickaxe":1,"minecraft:redstone":5},"minecraft:broken":{"minecraft:stone_pickaxe":4,"minecraft:iron_pickaxe":1},"minecraft:mined":{"minecraft:podzol":2,"minecraft:deepslate_redstone_ore":3,"minecraft:tuff":70,"minecraft:flowering_azalea":1,"minecraft:deepslate_diamond_ore":7,"minecraft:cave_vines_plant":12,"minecraft:clay":43,"minecraft:crafting_table":3,"minecraft:torch":26,"minecraft:granite":7,"minecraft:grass_block":4,"minecraft:melon":2,"minecraft:jungle_log":38,"minecraft:tall_grass":1,"minecraft:cobblestone":1,"minecraft:polished_diorite":2,"minecraft:deepslate_gold_ore":6,"minecraft:moss_block":12,"minecraft:sugar_cane":2,"minecraft:diorite":31,"minecraft:wall_torch":6,"minecraft:furnace":1,"minecraft:cobbled_deepslate":8,"minecraft:andesite":73,"minecraft:grass":29,"minecraft:cave_vines":16,"minecraft:coal_ore":12,"minecraft:oak_log":8,"minecraft:deepslate_iron_ore":15,"minecraft:vine":1,"minecraft:gravel":28,"minecraft:dirt":9,"minecraft:bamboo":29,"minecraft:stone":128,"minecraft:small_dripleaf":1,"minecraft:oak_leaves":16,"minecraft:deepslate":469,"minecraft:fern":4},"minecraft:killed_by":{"minecraft:zombie":1}},"DataVersion":3105}