{"stats":{"minecraft:broken":{"minecraft:stone_pickaxe":4,"minecraft:iron_pickaxe":1},"minecraft:used":{"minecraft:moss_block":12,"minecraft:stone_sword":143,"minecraft:tropical_fish":13,"minecraft:chest":2,"minecraft:shield":38,"minecraft:cooked_chicken":6,"minecraft:rotten_flesh":14,"minecraft:torch":79,"minecraft:dirt":10,"minecraft:granite":3,"minecraft:polished_diorite":28,"minecraft:furnace":3,"minecraft:cobbled_deepslate":228,"minecraft:cooked_mutton":5,"minecraft:water_bucket":1,"minecraft:stone_pickaxe":534,"minecraft:wooden_pickaxe":26,"minecraft:clay":1,"minecraft:glow_berries":14,"minecraft:crafting_table":8,"minecraft:white_bed":1,"minecraft:diamond_pickaxe":209,"minecraft:bread":2,"minecraft:melon_slice":3,"minecraft:iron_pickaxe":257,"minecraft:stone_axe":87,"minecraft:cobblestone":9,"minecraft:cooked_porkchop":2,"minecraft:bucket":1,"minecraft:andesite":4},"minecraft:crafted":{"minecraft:oak_planks":16,"minecraft:cooked_chicken":6,"minecraft:furnace":2,"minecraft:cooked_mutton":5,"minecraft:polished_diorite":28,"minecraft:stone_pickaxe":4,"minecraft:chest":2,"minecraft:cooked_porkchop":2,"minecraft:crafting_table":6,"minecraft:wooden_pickaxe":1,"minecraft:bucket":1,"minecraft:stone_axe":1,"minecraft:air":0,"minecraft:jungle_planks":48,"minecraft:iron_chestplate":1,"minecraft:diamond_pickaxe":1,"minecraft:shield":1,"minecraft:stick":114,"minecraft:iron_ingot":15,"minecraft:iron_pickaxe":1,"minecraft:stone_sword":2,"minecraft:white_bed":1,"minecraft:torch":52,"minecraft:clay":40},"minecraft:dropped":{"minecraft:wheat_seeds":22,"minecraft:amethyst_block":2,"minecraft:granite":8,"minecraft:diorite":3,"minecraft:flowering_azalea":5,"minecraft:redstone":5,"minecraft:stone_axe":1,"minecraft:moss_carpet":4,"minecraft:cobbled_deepslate":8,"minecraft:tuff":40,"minecraft:stone":3,"minecraft:diamond_pickaxe":1,"minecraft:bamboo":1,"minecraft:wooden_pickaxe":1},"minecraft:picked_up":{"minecraft:iron_chestplate":6,"minecraft:crafting_table":5,"minecraft:chicken":6,"minecraft:clay_ball":308,"minecraft:chest_minecart":3,"minecraft:wooden_pickaxe":2,"minecraft:shield":6,"minecraft:amethyst_block":4,"minecraft:moss_carpet":16,"minecraft:cobbled_deepslate":896,"minecraft:melon_slice":11,"minecraft:sugar_cane":8,"minecraft:egg":6,"minecraft:furnace":1,"minecraft:stick":28,"minecraft:raw_iron":56,"minecraft:stone":3,"minecraft:torch":72,"minecraft:porkchop":4,"minecraft:diorite":63,"minecraft:redstone":75,"minecraft:rotten_flesh":63,"minecraft:stone_sword":3,"minecraft:arrow":24,"minecraft:tropical_fish":21,"minecraft:beetroot_seeds":4,"minecraft:glow_berries":35,"minecraft:mutton":7,"minecraft:rail":28,"minecraft:white_wool":5,"minecraft:cobblestone":255,"minecraft:feather":12,"minecraft:andesite":124,"minecraft:jungle_log":226,"minecraft:flint":6,"minecraft:tuff":120,"minecraft:oak_log":32,"minecraft:lapis_lazuli":26,"minecraft:dirt":82,"minecraft:name_tag":1,"minecraft:cooked_mutton":5,"minecraft:bone":24,"minecraft:apple":7,"minecraft:wheat_seeds":31,"minecraft:raw_gold":40,"minecraft:iron_ingot":2,"minecraft:cooked_chicken":4,"minecraft:stone_pickaxe":1,"minecraft:bamboo":187,"minecraft:moss_block":20,"minecraft:flowering_azalea":5,"minecraft:oak_planks":4,"minecraft:smooth_basalt":2,"minecraft:cooked_porkchop":2,"minecraft:gravel":51,"minecraft:jungle_planks":6,"minecraft:diamond":9,"minecraft:stone_axe":5,"minecraft:polished_diorite":2,"minecraft:granite":15,"minecraft:bone_meal":6,"minecraft:golden_apple":1,"minecraft:bread":2,"minecraft:oak_sapling":3,"minecraft:black_wool":4,"minecraft:coal":28,"minecraft:diamond_pickaxe":6},"minecraft:custom":{"minecraft:mob_kills":30,"minecraft:interact_with_crafting_table":23,"minecraft:leave_game":2,"minecraft:time_since_death":12324,"minecraft:climb_one_cm":1714,"minecraft:sprint_one_cm":310060,"minecraft:walk_one_cm":220442,"minecraft:damage_blocked_by_shield":1440,"minecraft:drop":27,"minecraft:play_time":124755,"minecraft:deaths":13,"minecraft:sneak_time":1717,"minecraft:walk_under_water_one_cm":30369,"minecraft:jump":1713,"minecraft:walk_on_water_one_cm":83668,"minecraft:total_world_time":124755,"minecraft:interact_with_furnace":13,"minecraft:sleep_in_bed":1,"minecraft:time_since_rest":12377,"minecraft:damage_taken":5161,"minecraft:damage_dealt":4638,"minecraft:swim_one_cm":96986,"minecraft:fly_one_cm":159410,"minecraft:open_chest":3,"minecraft:crouch_one_cm":5775,"minecraft:fall_one_cm":49198},"minecraft:mined":{"minecraft:tuff":71,"minecraft:deepslate_diamond_ore":8,"minecraft:cave_vines_plant":13,"minecraft:granite":7,"minecraft:grass_block":6,"minecraft:jungle_log":38,"minecraft:polished_diorite":2,"minecraft:moss_block":12,"minecraft:furnace":1,"minecraft:cobbled_deepslate":8,"minecraft:andesite":73,"minecraft:deepslate_lapis_ore":4,"minecraft:rail":1,"minecraft:cave_vines":16,"minecraft:deepslate_iron_ore":47,"minecraft:vine":1,"minecraft:bamboo":29,"minecraft:stone":128,"minecraft:podzol":2,"minecraft:deepslate_redstone_ore":3,"minecraft:flowering_azalea":2,"minecraft:clay":43,"minecraft:crafting_table":4,"minecraft:torch":30,"minecraft:melon":2,"minecraft:tall_grass":5,"minecraft:cobblestone":1,"minecraft:deepslate_coal_ore":3,"minecraft:deepslate_gold_ore":21,"minecraft:sugar_cane":2,"minecraft:diorite":31,"minecraft:amethyst_block":3,"minecraft:wall_torch":8,"minecraft:grass":42,"minecraft:oak_log":8,"minecraft:coal_ore":12,"minecraft:gravel":28,"minecraft:dirt":9,"minecraft:smooth_basalt":2,"minecraft:small_dripleaf":2,"minecraft:oak_leaves":16,"minecraft:deepslate":499,"minecraft:fern":5},"minecraft:killed":{"minecraft:skeleton":3,"minecraft:chicken":6,"minecraft:pig":2,"minecraft:sheep":6,"minecraft:zombie":13},"minecraft:killed_by":{"minecraft:creeper":1,"minecraft:spider":1,"minecraft:skeleton":4,"minecraft:zombie":7}},"DataVersion":3105}