{"stats":{"minecraft:killed":{"minecraft:skeleton":6,"minecraft:chicken":15,"minecraft:pig":6,"minecraft:sheep":9,"minecraft:zombie":19},"minecraft:used":{"minecraft:moss_block":12,"minecraft:stone_sword":193,"minecraft:iron_shovel":29,"minecraft:tropical_fish":13,"minecraft:chest":5,"minecraft:shield":67,"minecraft:iron_sword":159,"minecraft:cooked_chicken":6,"minecraft:rotten_flesh":21,"minecraft:torch":155,"minecraft:dirt":31,"minecraft:jungle_planks":6,"minecraft:granite":3,"minecraft:polished_diorite":28,"minecraft:furnace":6,"minecraft:cobbled_deepslate":360,"minecraft:cooked_mutton":5,"minecraft:water_bucket":1,"minecraft:amethyst_block":2,"minecraft:stone_pickaxe":534,"minecraft:wooden_pickaxe":26,"minecraft:clay":1,"minecraft:glow_berries":31,"minecraft:crafting_table":9,"minecraft:white_bed":1,"minecraft:diamond_pickaxe":568,"minecraft:apple":1,"minecraft:bread":4,"minecraft:melon_slice":3,"minecraft:iron_pickaxe":257,"minecraft:stone_axe":87,"minecraft:cobblestone":41,"minecraft:cooked_porkchop":9,"minecraft:andesite":6,"minecraft:bucket":1},"minecraft:dropped":{"minecraft:wheat_seeds":22,"minecraft:cobblestone":13,"minecraft:amethyst_block":2,"minecraft:granite":12,"minecraft:jungle_planks":6,"minecraft:dirt":8,"minecraft:diorite":6,"minecraft:flowering_azalea":5,"minecraft:bone_meal":1,"minecraft:string":1,"minecraft:smooth_basalt":2,"minecraft:redstone":5,"minecraft:gravel":1,"minecraft:stone_axe":1,"minecraft:moss_carpet":4,"minecraft:cooked_chicken":1,"minecraft:cobbled_deepslate":8,"minecraft:tuff":43,"minecraft:stone":3,"minecraft:diamond_pickaxe":1,"minecraft:andesite":6,"minecraft:beetroot_seeds":4,"minecraft:bamboo":1,"minecraft:bow":1,"minecraft:wooden_pickaxe":1},"minecraft:crafted":{"minecraft:oak_planks":32,"minecraft:cooked_chicken":14,"minecraft:furnace":5,"minecraft:stone":4,"minecraft:cooked_mutton":5,"minecraft:iron_boots":1,"minecraft:polished_diorite":28,"minecraft:stone_pickaxe":4,"minecraft:chest":5,"minecraft:redstone_block":5,"minecraft:cooked_porkchop":9,"minecraft:crafting_table":6,"minecraft:iron_helmet":1,"minecraft:wooden_pickaxe":1,"minecraft:iron_sword":1,"minecraft:bucket":3,"minecraft:stone_axe":1,"minecraft:jungle_planks":88,"minecraft:air":0,"minecraft:iron_chestplate":1,"minecraft:diamond_pickaxe":1,"minecraft:shield":2,"minecraft:stick":138,"minecraft:iron_ingot":79,"minecraft:iron_pickaxe":1,"minecraft:stone_sword":2,"minecraft:iron_shovel":1,"minecraft:iron_leggings":1,"minecraft:white_bed":1,"minecraft:torch":116,"minecraft:lapis_block":15,"minecraft:clay":40},"minecraft:picked_up":{"minecraft:crafting_table":5,"minecraft:iron_chestplate":6,"minecraft:chicken":15,"minecraft:clay_ball":308,"minecraft:chest_minecart":5,"minecraft:wooden_pickaxe":2,"minecraft:shield":6,"minecraft:amethyst_block":4,"minecraft:moss_carpet":16,"minecraft:string":1,"minecraft:activator_rail":6,"minecraft:cobbled_deepslate":1001,"minecraft:calcite":1,"minecraft:melon_slice":21,"minecraft:sugar_cane":8,"minecraft:furnace":1,"minecraft:egg":10,"minecraft:stick":28,"minecraft:raw_iron":98,"minecraft:stone":3,"minecraft:torch":99,"minecraft:porkchop":11,"minecraft:diorite":63,"minecraft:redstone":112,"minecraft:arrow":27,"minecraft:stone_sword":3,"minecraft:rotten_flesh":73,"minecraft:tropical_fish":21,"minecraft:beetroot_seeds":4,"minecraft:glow_berries":39,"minecraft:mutton":10,"minecraft:rail":53,"minecraft:white_wool":7,"minecraft:cobblestone":355,"minecraft:feather":24,"minecraft:andesite":136,"minecraft:jungle_log":226,"minecraft:flint":6,"minecraft:tuff":120,"minecraft:oak_log":32,"minecraft:lapis_lazuli":134,"minecraft:dirt":123,"minecraft:name_tag":2,"minecraft:cooked_mutton":5,"minecraft:bone":31,"minecraft:apple":7,"minecraft:bow":2,"minecraft:wheat_seeds":45,"minecraft:raw_gold":43,"minecraft:cooked_chicken":5,"minecraft:stone_pickaxe":1,"minecraft:iron_ingot":4,"minecraft:bamboo":187,"minecraft:moss_block":20,"minecraft:flowering_azalea":5,"minecraft:oak_planks":4,"minecraft:smooth_basalt":2,"minecraft:cooked_porkchop":2,"minecraft:gravel":51,"minecraft:jungle_planks":10,"minecraft:pumpkin_seeds":6,"minecraft:polished_diorite":4,"minecraft:diamond":22,"minecraft:stone_axe":5,"minecraft:granite":19,"minecraft:bone_meal":6,"minecraft:golden_apple":2,"minecraft:gray_wool":1,"minecraft:bread":2,"minecraft:melon_seeds":3,"minecraft:oak_sapling":3,"minecraft:black_wool":4,"minecraft:coal":51,"minecraft:diamond_pickaxe":6},"minecraft:killed_by":{"minecraft:creeper":1,"minecraft:spider":1,"minecraft:skeleton":4,"minecraft:zombie":7},"minecraft:custom":{"minecraft:mob_kills":56,"minecraft:interact_with_crafting_table":35,"minecraft:leave_game":2,"minecraft:time_since_death":92602,"minecraft:climb_one_cm":2150,"minecraft:sprint_one_cm":547725,"minecraft:walk_one_cm":453642,"minecraft:damage_blocked_by_shield":2605,"minecraft:drop":42,"minecraft:play_time":205033,"minecraft:sneak_time":3943,"minecraft:deaths":13,"minecraft:walk_under_water_one_cm":38541,"minecraft:jump":2555,"minecraft:walk_on_water_one_cm":104106,"minecraft:total_world_time":205033,"minecraft:interact_with_furnace":38,"minecraft:sleep_in_bed":1,"minecraft:time_since_rest":92655,"minecraft:damage_taken":5835,"minecraft:damage_dealt":7523,"minecraft:swim_one_cm":101365,"minecraft:fly_one_cm":210809,"minecraft:open_chest":28,"minecraft:crouch_one_cm":10329,"minecraft:fall_one_cm":58925},"minecraft:broken":{"minecraft:stone_pickaxe":4,"minecraft:shield":1,"minecraft:iron_pickaxe":1},"minecraft:mined":{"minecraft:tuff":71,"minecraft:deepslate_diamond_ore":21,"minecraft:glow_lichen":3,"minecraft:cave_vines_plant":13,"minecraft:granite":12,"minecraft:grass_block":8,"minecraft:jungle_planks":4,"minecraft:jungle_log":38,"minecraft:polished_diorite":4,"minecraft:moss_block":12,"minecraft:furnace":1,"minecraft:iron_ore":13,"minecraft:cobbled_deepslate":24,"minecraft:andesite":85,"minecraft:deepslate_lapis_ore":21,"minecraft:cave_vines":16,"minecraft:deepslate_iron_ore":76,"minecraft:vine":2,"minecraft:rail":3,"minecraft:bamboo":29,"minecraft:stone":228,"minecraft:podzol":2,"minecraft:deepslate_redstone_ore":12,"minecraft:flowering_azalea":2,"minecraft:clay":43,"minecraft:crafting_table":4,"minecraft:torch":49,"minecraft:calcite":1,"minecraft:melon":4,"minecraft:tall_grass":27,"minecraft:cobblestone":1,"minecraft:deepslate_coal_ore":21,"minecraft:lapis_ore":3,"minecraft:deepslate_gold_ore":24,"minecraft:sugar_cane":2,"minecraft:diorite":31,"minecraft:wall_torch":13,"minecraft:amethyst_block":3,"minecraft:deepslate_copper_ore":1,"minecraft:grass":171,"minecraft:oak_log":8,"minecraft:coal_ore":13,"minecraft:gravel":28,"minecraft:dirt":51,"minecraft:cobweb":1,"minecraft:smooth_basalt":2,"minecraft:small_dripleaf":2,"minecraft:oak_leaves":16,"minecraft:deepslate":595,"minecraft:fern":5}},"DataVersion":3105}