{"stats":{"minecraft:killed":{"minecraft:pig":2,"minecraft:skeleton":1,"minecraft:sheep":6,"minecraft:zombie":3,"minecraft:chicken":6},"minecraft:mined":{"minecraft:podzol":2,"minecraft:deepslate_redstone_ore":1,"minecraft:tuff":68,"minecraft:flowering_azalea":1,"minecraft:deepslate_diamond_ore":7,"minecraft:clay":43,"minecraft:crafting_table":3,"minecraft:torch":25,"minecraft:cave_vines_plant":11,"minecraft:granite":7,"minecraft:grass_block":4,"minecraft:melon":2,"minecraft:jungle_log":32,"minecraft:cobblestone":1,"minecraft:tall_grass":1,"minecraft:polished_diorite":2,"minecraft:deepslate_gold_ore":6,"minecraft:sugar_cane":2,"minecraft:moss_block":12,"minecraft:diorite":31,"minecraft:wall_torch":5,"minecraft:furnace":1,"minecraft:cobbled_deepslate":6,"minecraft:andesite":71,"minecraft:vine":1,"minecraft:grass":29,"minecraft:oak_log":4,"minecraft:coal_ore":12,"minecraft:cave_vines":16,"minecraft:deepslate_iron_ore":15,"minecraft:gravel":27,"minecraft:dirt":9,"minecraft:bamboo":17,"minecraft:stone":128,"minecraft:small_dripleaf":1,"minecraft:oak_leaves":5,"minecraft:deepslate":445,"minecraft:fern":4},"minecraft:broken":{"minecraft:stone_pickaxe":4,"minecraft:iron_pickaxe":1},"minecraft:dropped":{"minecraft:wheat_seeds":18,"minecraft:cobbled_deepslate":8,"minecraft:tuff":40,"minecraft:granite":8,"minecraft:stone":3,"minecraft:diorite":3,"minecraft:diamond_pickaxe":1,"minecraft:flowering_azalea":4,"minecraft:wooden_pickaxe":1,"minecraft:redstone":5},"minecraft:crafted":{"minecraft:oak_planks":8,"minecraft:cooked_porkchop":2,"minecraft:crafting_table":4,"minecraft:wooden_pickaxe":1,"minecraft:cooked_chicken":6,"minecraft:furnace":2,"minecraft:bucket":1,"minecraft:stone_axe":1,"minecraft:cooked_mutton":5,"minecraft:air":0,"minecraft:jungle_planks":32,"minecraft:iron_chestplate":1,"minecraft:polished_diorite":28,"minecraft:diamond_pickaxe":1,"minecraft:shield":1,"minecraft:stick":19,"minecraft:iron_ingot":15,"minecraft:iron_pickaxe":1,"minecraft:stone_pickaxe":4,"minecraft:stone_sword":1,"minecraft:chest":1,"minecraft:white_bed":1,"minecraft:torch":20,"minecraft:clay":40},"minecraft:killed_by":{"minecraft:zombie":1},"minecraft:custom":{"minecraft:interact_with_furnace":13,"minecraft:mob_kills":18,"minecraft:interact_with_crafting_table":21,"minecraft:time_since_death":41291,"minecraft:climb_one_cm":541,"minecraft:sleep_in_bed":1,"minecraft:time_since_rest":41319,"minecraft:sprint_one_cm":127180,"minecraft:damage_taken":965,"minecraft:walk_one_cm":134012,"minecraft:damage_blocked_by_shield":95,"minecraft:drop":21,"minecraft:damage_dealt":2063,"minecraft:swim_one_cm":5472,"minecraft:fly_one_cm":57141,"minecraft:open_chest":2,"minecraft:crouch_one_cm":4581,"minecraft:play_time":74389,"minecraft:deaths":1,"minecraft:sneak_time":1320,"minecraft:walk_under_water_one_cm":12556,"minecraft:jump":856,"minecraft:walk_on_water_one_cm":15152,"minecraft:total_world_time":74389,"minecraft:fall_one_cm":10497},"minecraft:picked_up":{"minecraft:crafting_table":3,"minecraft:feather":12,"minecraft:chicken":6,"minecraft:clay_ball":308,"minecraft:andesite":122,"minecraft:jungle_log":30,"minecraft:wooden_pickaxe":2,"minecraft:flint":6,"minecraft:tuff":107,"minecraft:oak_log":4,"minecraft:dirt":24,"minecraft:cooked_mutton":5,"minecraft:apple":1,"minecraft:wheat_seeds":19,"minecraft:cobbled_deepslate":610,"minecraft:raw_gold":6,"minecraft:stone_pickaxe":1,"minecraft:cooked_chicken":4,"minecraft:sugar_cane":8,"minecraft:bamboo":100,"minecraft:moss_block":20,"minecraft:melon_slice":11,"minecraft:flowering_azalea":4,"minecraft:oak_planks":4,"minecraft:egg":6,"minecraft:furnace":1,"minecraft:stick":8,"minecraft:raw_iron":17,"minecraft:stone":3,"minecraft:cooked_porkchop":2,"minecraft:torch":32,"minecraft:gravel":44,"minecraft:porkchop":4,"minecraft:jungle_planks":2,"minecraft:diorite":63,"minecraft:redstone":5,"minecraft:arrow":2,"minecraft:stone_sword":1,"minecraft:rotten_flesh":2,"minecraft:diamond":7,"minecraft:polished_diorite":2,"minecraft:stone_axe":1,"minecraft:granite":15,"minecraft:oak_sapling":2,"minecraft:black_wool":4,"minecraft:glow_berries":12,"minecraft:mutton":7,"minecraft:coal":21,"minecraft:white_wool":5,"minecraft:cobblestone":255,"minecraft:diamond_pickaxe":1},"minecraft:used":{"minecraft:moss_block":12,"minecraft:cooked_mutton":3,"minecraft:stone_sword":98,"minecraft:stone_pickaxe":534,"minecraft:chest":1,"minecraft:wooden_pickaxe":26,"minecraft:shield":2,"minecraft:clay":1,"minecraft:cooked_chicken":3,"minecraft:torch":50,"minecraft:glow_berries":10,"minecraft:dirt":4,"minecraft:crafting_table":6,"minecraft:granite":3,"minecraft:polished_diorite":28,"minecraft:white_bed":1,"minecraft:diamond_pickaxe":80,"minecraft:melon_slice":3,"minecraft:iron_pickaxe":257,"minecraft:stone_axe":53,"minecraft:cobblestone":9,"minecraft:furnace":3,"minecraft:cooked_porkchop":2,"minecraft:andesite":2,"minecraft:cobbled_deepslate":172}},"DataVersion":3105}