{"stats":{"minecraft:killed_by":{"minecraft:player":1},"minecraft:crafted":{"minecraft:cooked_beef":17,"minecraft:oak_planks":84,"minecraft:cooked_porkchop":9,"minecraft:crafting_table":2,"minecraft:wooden_pickaxe":1,"minecraft:furnace":2,"minecraft:stone_axe":1,"minecraft:cooked_mutton":12,"minecraft:air":0,"minecraft:flint_and_steel":1,"minecraft:iron_boots":1,"minecraft:iron_chestplate":2,"minecraft:shield":2,"minecraft:stick":16,"minecraft:iron_ingot":51,"minecraft:iron_pickaxe":2,"minecraft:stone_pickaxe":1,"minecraft:wooden_axe":1,"minecraft:stone_sword":1,"minecraft:iron_leggings":2,"minecraft:white_bed":2,"minecraft:shears":1},"minecraft:picked_up":{"minecraft:crafting_table":2,"minecraft:feather":2,"minecraft:cooked_beef":1,"minecraft:chicken":2,"minecraft:leather":10,"minecraft:wooden_pickaxe":1,"minecraft:flint":1,"minecraft:oak_log":21,"minecraft:dirt":11,"minecraft:wheat_seeds":1,"minecraft:beef":27,"minecraft:stone_pickaxe":1,"minecraft:light_gray_wool":1,"minecraft:melon_slice":13,"minecraft:oak_planks":15,"minecraft:furnace":3,"minecraft:raw_iron":25,"minecraft:cooked_porkchop":8,"minecraft:torch":9,"minecraft:gravel":6,"minecraft:porkchop":9,"minecraft:white_bed":1,"minecraft:rotten_flesh":1,"minecraft:oak_sapling":1,"minecraft:black_wool":1,"minecraft:mutton":14,"minecraft:coal":3,"minecraft:white_wool":11,"minecraft:cobblestone":94},"minecraft:killed":{"minecraft:husk":1,"minecraft:pig":5,"minecraft:sheep":10,"minecraft:zombie":1,"minecraft:chicken":2,"minecraft:cow":10},"minecraft:used":{"minecraft:cooked_mutton":2,"minecraft:stone_sword":37,"minecraft:stone_pickaxe":141,"minecraft:rotten_flesh":1,"minecraft:torch":9,"minecraft:dirt":9,"minecraft:mutton":2,"minecraft:crafting_table":3,"minecraft:white_bed":2,"minecraft:wooden_axe":4,"minecraft:stone_axe":36,"minecraft:cobblestone":10,"minecraft:beef":1,"minecraft:furnace":5,"minecraft:cooked_beef":3},"minecraft:custom":{"minecraft:interact_with_furnace":47,"minecraft:mob_kills":30,"minecraft:interact_with_crafting_table":18,"minecraft:leave_game":1,"minecraft:time_since_death":34230,"minecraft:sleep_in_bed":1,"minecraft:climb_one_cm":166,"minecraft:time_since_rest":3161,"minecraft:sprint_one_cm":128190,"minecraft:damage_taken":543,"minecraft:walk_one_cm":79739,"minecraft:drop":10,"minecraft:damage_dealt":3422,"minecraft:swim_one_cm":3779,"minecraft:fly_one_cm":216519,"minecraft:player_kills":1,"minecraft:crouch_one_cm":5187,"minecraft:play_time":39280,"minecraft:deaths":1,"minecraft:sneak_time":2216,"minecraft:walk_under_water_one_cm":136,"minecraft:jump":1091,"minecraft:walk_on_water_one_cm":1832,"minecraft:total_world_time":39280,"minecraft:fall_one_cm":35381},"minecraft:mined":{"minecraft:white_bed":1,"minecraft:crafting_table":2,"minecraft:torch":1,"minecraft:grass_block":9,"minecraft:melon":2,"minecraft:cobblestone":6,"minecraft:furnace":3,"minecraft:iron_ore":24,"minecraft:andesite":1,"minecraft:grass":16,"minecraft:coal_ore":3,"minecraft:oak_log":21,"minecraft:deepslate_iron_ore":1,"minecraft:gravel":7,"minecraft:dirt":4,"minecraft:stone":73,"minecraft:fern":1},"minecraft:dropped":{"minecraft:gravel":6,"minecraft:cooked_porkchop":17,"minecraft:cobblestone":13,"minecraft:white_bed":1,"minecraft:shield":1,"minecraft:iron_chestplate":1,"minecraft:iron_leggings":1,"minecraft:iron_pickaxe":1},"minecraft:broken":{"minecraft:stone_pickaxe":1}},"DataVersion":3105}