{"stats":{"minecraft:killed_by":{"minecraft:creeper":6,"minecraft:drowned":1,"minecraft:piglin":1,"minecraft:zombie":3,"minecraft:player":15,"minecraft:enderman":1,"minecraft:iron_golem":2,"minecraft:skeleton":2},"minecraft:picked_up":{"minecraft:iron_chestplate":20,"minecraft:wheat":200,"minecraft:redstone_block":61,"minecraft:nether_brick_fence":2,"minecraft:yellow_wool":6,"minecraft:lead":4,"minecraft:oak_stairs":4,"minecraft:enchanted_book":1,"minecraft:potion":7,"minecraft:gilded_blackstone":1,"minecraft:nether_brick":92,"minecraft:brewing_stand":1,"minecraft:golden_sword":7,"minecraft:lapis_block":76,"minecraft:string":214,"minecraft:cooked_salmon":5,"minecraft:soul_soil":9,"minecraft:raw_copper":105,"minecraft:deepslate_lapis_ore":2,"minecraft:iron_leggings":15,"minecraft:oak_sign":5,"minecraft:beetroot":4,"minecraft:diamond_leggings":5,"minecraft:gold_nugget":497,"minecraft:cobbled_deepslate":1925,"minecraft:bucket":9,"minecraft:redstone_torch":18,"minecraft:cobblestone_slab":53,"minecraft:iron_pickaxe":18,"minecraft:enchanted_golden_apple":2,"minecraft:melon_slice":152,"minecraft:iron_boots":28,"minecraft:furnace":9,"minecraft:stick":830,"minecraft:composter":17,"minecraft:oak_fence":1,"minecraft:torch":182,"minecraft:acacia_log":16,"minecraft:porkchop":34,"minecraft:diorite":43,"minecraft:warped_planks":26,"minecraft:goat_horn":2,"minecraft:cactus":15,"minecraft:rotten_flesh":222,"minecraft:carved_pumpkin":1,"minecraft:blaze_rod":4,"minecraft:obsidian":182,"minecraft:cobblestone":1406,"minecraft:nautilus_shell":4,"minecraft:birch_log":5,"minecraft:enchanting_table":13,"minecraft:andesite":17,"minecraft:repeater":15,"minecraft:feather":15,"minecraft:cooked_beef":22,"minecraft:magma_cream":11,"minecraft:water_bucket":17,"minecraft:jungle_log":25,"minecraft:potato":169,"minecraft:flint":14,"minecraft:tuff":497,"minecraft:acacia_boat":2,"minecraft:lapis_lazuli":301,"minecraft:map":4,"minecraft:dirt":1595,"minecraft:leather_boots":1,"minecraft:glass":25,"minecraft:bone":175,"minecraft:acacia_planks":18,"minecraft:bow":12,"minecraft:wheat_seeds":672,"minecraft:raw_gold":60,"minecraft:bell":1,"minecraft:diamond_helmet":4,"minecraft:fletching_table":24,"minecraft:bamboo":16,"minecraft:glowstone_dust":92,"minecraft:stone_hoe":6,"minecraft:oak_planks":488,"minecraft:ghast_tear":5,"minecraft:cooked_porkchop":13,"minecraft:warped_wart_block":1,"minecraft:oak_pressure_plate":2,"minecraft:sand":674,"minecraft:jungle_planks":80,"minecraft:ink_sac":5,"minecraft:grass_block":8,"minecraft:spectral_arrow":169,"minecraft:mossy_cobblestone":3,"minecraft:deepslate":1,"minecraft:diamond":20,"minecraft:crossbow":1,"minecraft:cracked_polished_blackstone_bricks":18,"minecraft:granite":9,"minecraft:grass":1,"minecraft:bone_meal":5,"minecraft:golden_apple":3,"minecraft:bread":40,"minecraft:golden_horse_armor":2,"minecraft:emerald":55,"minecraft:oak_sapling":73,"minecraft:netherrack":533,"minecraft:charcoal":37,"minecraft:diamond_pickaxe":10,"minecraft:oak_leaves":119,"minecraft:crimson_roots":2,"minecraft:fishing_rod":2,"minecraft:cocoa_beans":110,"minecraft:crafting_table":5,"minecraft:chicken":5,"minecraft:clay_ball":6,"minecraft:brown_mushroom":34,"minecraft:wooden_pickaxe":3,"minecraft:gold_block":42,"minecraft:diamond_horse_armor":4,"minecraft:shield":18,"minecraft:oak_trapdoor":3,"minecraft:iron_axe":13,"minecraft:wooden_sword":2,"minecraft:flint_and_steel":7,"minecraft:white_carpet":3,"minecraft:blackstone":240,"minecraft:cartography_table":1,"minecraft:beef":74,"minecraft:oak_boat":21,"minecraft:sugar_cane":514,"minecraft:observer":11,"minecraft:jungle_sapling":4,"minecraft:iron_nugget":160,"minecraft:poppy":23,"minecraft:light_gray_wool":2,"minecraft:egg":111,"minecraft:lectern":26,"minecraft:phantom_membrane":2,"minecraft:chest":38,"minecraft:birch_sapling":1,"minecraft:piston":10,"minecraft:raw_iron":346,"minecraft:stone":156,"minecraft:copper_ingot":1,"minecraft:bowl":3,"minecraft:fire_charge":22,"minecraft:polished_blackstone_bricks":72,"minecraft:cookie":141,"minecraft:carrot":128,"minecraft:redstone":366,"minecraft:dark_oak_planks":173,"minecraft:tnt":26,"minecraft:arrow":188,"minecraft:stone_shovel":10,"minecraft:beetroot_seeds":11,"minecraft:pumpkin_pie":2,"minecraft:golden_hoe":7,"minecraft:nether_bricks":127,"minecraft:shears":3,"minecraft:hay_block":139,"minecraft:saddle":4,"minecraft:gold_ingot":431,"minecraft:mutton":32,"minecraft:white_wool":94,"minecraft:bone_block":220,"minecraft:oxeye_daisy":2,"minecraft:stripped_oak_log":52,"minecraft:jungle_boat":3,"minecraft:basalt":47,"minecraft:glow_ink_sac":6,"minecraft:salmon":18,"minecraft:leather":159,"minecraft:red_mushroom":5,"minecraft:mushroom_stew":1,"minecraft:crimson_fungus":5,"minecraft:oak_log":407,"minecraft:yellow_bed":25,"minecraft:gunpowder":45,"minecraft:paper":4,"minecraft:cooked_mutton":18,"minecraft:apple":19,"minecraft:stone_bricks":1,"minecraft:warped_stem":3,"minecraft:iron_ingot":287,"minecraft:stone_pickaxe":12,"minecraft:cooked_chicken":6,"minecraft:iron_sword":17,"minecraft:soul_sand":138,"minecraft:book":9,"minecraft:oak_slab":2,"minecraft:warped_fungus":21,"minecraft:pumpkin":99,"minecraft:quartz":161,"minecraft:dandelion":3,"minecraft:gravel":303,"minecraft:lava_bucket":5,"minecraft:white_bed":54,"minecraft:crying_obsidian":28,"minecraft:spider_eye":12,"minecraft:diamond_shovel":1,"minecraft:pumpkin_seeds":17,"minecraft:sculk_sensor":1,"minecraft:coal_ore":7,"minecraft:slime_ball":30,"minecraft:stone_axe":14,"minecraft:chainmail_leggings":1,"minecraft:iron_helmet":18,"minecraft:warped_roots":3,"minecraft:oak_button":3,"minecraft:baked_potato":45,"minecraft:black_wool":1,"minecraft:warped_nylium":7,"minecraft:smooth_quartz_slab":1,"minecraft:coal":478,"minecraft:hopper":4,"minecraft:ender_pearl":30},"minecraft:killed":{"minecraft:zombified_piglin":42,"minecraft:spider":13,"minecraft:skeleton":30,"minecraft:chicken":9,"minecraft:piglin_brute":4,"minecraft:magma_cube":69,"minecraft:piglin":19,"minecraft:pig":12,"minecraft:salmon":16,"minecraft:iron_golem":12,"minecraft:creeper":5,"minecraft:sheep":34,"minecraft:pillager":16,"minecraft:zombie":58,"minecraft:ghast":9,"minecraft:blaze":7,"minecraft:cow":26,"minecraft:phantom":2,"minecraft:drowned":15,"minecraft:husk":2,"minecraft:hoglin":3,"minecraft:squid":1,"minecraft:wither_skeleton":10,"minecraft:enderman":17},"minecraft:dropped":{"minecraft:iron_sword":2,"minecraft:brown_mushroom":18,"minecraft:piston":2,"minecraft:soul_sand":16,"minecraft:lapis_lazuli":18,"minecraft:oak_pressure_plate":1,"minecraft:cooked_beef":9,"minecraft:oak_log":11,"minecraft:ender_pearl":11,"minecraft:cooked_porkchop":21,"minecraft:cookie":2,"minecraft:warped_roots":3,"minecraft:jungle_planks":30,"minecraft:saddle":1,"minecraft:emerald":8,"minecraft:flint":4,"minecraft:dirt":158,"minecraft:crimson_roots":2,"minecraft:jungle_sapling":2,"minecraft:gold_nugget":9,"minecraft:bone_meal":18,"minecraft:sand":59,"minecraft:iron_pickaxe":6,"minecraft:white_wool":1,"minecraft:gold_ingot":477,"minecraft:bone":15,"minecraft:gravel":89,"minecraft:stone_axe":2,"minecraft:blackstone":5,"minecraft:sugar_cane":17,"minecraft:iron_nugget":22,"minecraft:cooked_chicken":2,"minecraft:golden_chestplate":1,"minecraft:cobbled_deepslate":322,"minecraft:wheat":25,"minecraft:rotten_flesh":32,"minecraft:oak_planks":36,"minecraft:diamond_shovel":2,"minecraft:glowstone_dust":1,"minecraft:cooked_mutton":2,"minecraft:white_bed":1,"minecraft:warped_planks":23,"minecraft:poppy":7,"minecraft:charcoal":13,"minecraft:glowstone":3,"minecraft:arrow":25,"minecraft:glass":24,"minecraft:ghast_tear":2,"minecraft:quartz":5,"minecraft:egg":5,"minecraft:bread":19,"minecraft:stone_hoe":2,"minecraft:enchanted_book":1,"minecraft:water_bucket":2,"minecraft:iron_ingot":9,"minecraft:wheat_seeds":281,"minecraft:mossy_cobblestone":1,"minecraft:iron_helmet":7,"minecraft:feather":1,"minecraft:cobblestone":51,"minecraft:observer":1,"minecraft:grass_block":3,"minecraft:coal":34,"minecraft:golden_apple":1,"minecraft:stick":33,"minecraft:oxeye_daisy":1,"minecraft:diorite":2,"minecraft:ink_sac":1,"minecraft:torch":8,"minecraft:wooden_axe":3,"minecraft:melon_slice":8,"minecraft:potion":1,"minecraft:iron_leggings":7,"minecraft:iron_axe":3,"minecraft:chainmail_leggings":1,"minecraft:paper":4,"minecraft:string":28,"minecraft:dandelion":2,"minecraft:redstone":5,"minecraft:warped_nylium":4,"minecraft:cocoa_beans":39,"minecraft:deepslate":1,"minecraft:tuff":73,"minecraft:raw_iron":33,"minecraft:stone_shovel":4,"minecraft:chicken":1,"minecraft:light_gray_wool":1,"minecraft:iron_boots":7,"minecraft:nether_bricks":2,"minecraft:oak_sign":2,"minecraft:flint_and_steel":2,"minecraft:cobblestone_slab":8,"minecraft:hay_block":29,"minecraft:stone":16,"minecraft:shield":3,"minecraft:iron_chestplate":6,"minecraft:oak_boat":1,"minecraft:golden_sword":3,"minecraft:carved_pumpkin":1,"minecraft:spider_eye":4,"minecraft:stone_bricks":1,"minecraft:bow":3,"minecraft:stone_pickaxe":3,"minecraft:wooden_pickaxe":2,"minecraft:magma_cream":2,"minecraft:nautilus_shell":2},"minecraft:crafted":{"minecraft:oak_planks":1108,"minecraft:jungle_fence_gate":1,"minecraft:cooked_chicken":2,"minecraft:stone":20,"minecraft:lever":2,"minecraft:bookshelf":8,"minecraft:cooked_mutton":12,"minecraft:warped_planks":12,"minecraft:glass":74,"minecraft:hopper":5,"minecraft:repeater":14,"minecraft:bow":2,"minecraft:iron_boots":6,"minecraft:stone_pressure_plate":1,"minecraft:chest":5,"minecraft:oak_button":1,"minecraft:stone_hoe":1,"minecraft:respawn_anchor":1,"minecraft:oak_slab":6,"minecraft:emerald":53,"minecraft:cooked_porkchop":9,"minecraft:crafting_table":20,"minecraft:jungle_boat":2,"minecraft:wooden_pickaxe":3,"minecraft:iron_helmet":5,"minecraft:baked_potato":11,"minecraft:fletching_table":3,"minecraft:gold_block":4,"minecraft:pumpkin_seeds":16,"minecraft:brewing_stand":1,"minecraft:birch_planks":20,"minecraft:iron_chestplate":5,"minecraft:book":20,"minecraft:paper":189,"minecraft:diamond_pickaxe":2,"minecraft:charcoal":32,"minecraft:shield":5,"minecraft:stick":1148,"minecraft:iron_ingot":145,"minecraft:iron_pickaxe":8,"minecraft:stone_sword":1,"minecraft:gold_ingot":288,"minecraft:redstone_torch":35,"minecraft:shears":1,"minecraft:cookie":108,"minecraft:redstone":56,"minecraft:stone_shovel":3,"minecraft:furnace":5,"minecraft:piston":15,"minecraft:yellow_bed":2,"minecraft:bone_meal":279,"minecraft:glass_pane":144,"minecraft:oak_trapdoor":6,"minecraft:flint_and_steel":2,"minecraft:iron_axe":4,"minecraft:stone_pickaxe":2,"minecraft:redstone_block":11,"minecraft:jungle_fence":3,"minecraft:dark_oak_planks":24,"minecraft:lead":2,"minecraft:golden_helmet":1,"minecraft:wheat":72,"minecraft:cooked_beef":46,"minecraft:enchanting_table":1,"minecraft:iron_sword":4,"minecraft:cooked_salmon":7,"minecraft:bucket":2,"minecraft:stone_axe":3,"minecraft:glowstone":9,"minecraft:enchanted_book":1,"minecraft:air":0,"minecraft:bread":54,"minecraft:acacia_boat":1,"minecraft:jungle_planks":160,"minecraft:oak_boat":4,"minecraft:gold_nugget":1,"minecraft:wooden_axe":3,"minecraft:iron_leggings":5,"minecraft:white_bed":5,"minecraft:pumpkin_pie":36,"minecraft:acacia_planks":56,"minecraft:torch":280,"minecraft:lapis_lazuli":23,"minecraft:lapis_block":22},"minecraft:custom":{"minecraft:animals_bred":5,"minecraft:interact_with_crafting_table":160,"minecraft:open_barrel":6,"minecraft:bell_ring":18,"minecraft:leave_game":60,"minecraft:time_since_death":74015,"minecraft:sprint_one_cm":3239789,"minecraft:damage_blocked_by_shield":2165,"minecraft:drop":478,"minecraft:talked_to_villager":145,"minecraft:play_time":1262374,"minecraft:deaths":36,"minecraft:jump":26120,"minecraft:walk_on_water_one_cm":194184,"minecraft:enchant_item":6,"minecraft:interact_with_furnace":237,"minecraft:traded_with_villager":70,"minecraft:sleep_in_bed":19,"minecraft:damage_dealt":65890,"minecraft:player_kills":11,"minecraft:crouch_one_cm":273324,"minecraft:interact_with_smoker":2,"minecraft:use_cauldron":8,"minecraft:interact_with_anvil":1,"minecraft:mob_kills":437,"minecraft:inspect_hopper":1,"minecraft:climb_one_cm":2315,"minecraft:walk_one_cm":3033843,"minecraft:sneak_time":98849,"minecraft:walk_under_water_one_cm":249880,"minecraft:boat_one_cm":520902,"minecraft:total_world_time":1262374,"minecraft:time_since_rest":30787,"minecraft:damage_taken":19528,"minecraft:swim_one_cm":669018,"minecraft:fly_one_cm":4483945,"minecraft:open_chest":781,"minecraft:fall_one_cm":529327},"minecraft:used":{"minecraft:smooth_quartz_slab":1,"minecraft:poppy":3,"minecraft:bone_block":17,"minecraft:shield":44,"minecraft:chest":14,"minecraft:nether_wart":22,"minecraft:iron_sword":696,"minecraft:stone":3,"minecraft:rotten_flesh":84,"minecraft:iron_chestplate":3,"minecraft:mutton":12,"minecraft:soul_sand":61,"minecraft:cocoa_beans":11,"minecraft:jungle_planks":49,"minecraft:nether_bricks":102,"minecraft:carrot":30,"minecraft:tuff":118,"minecraft:obsidian":56,"minecraft:glass":24,"minecraft:lava_bucket":21,"minecraft:jungle_fence_gate":1,"minecraft:warped_nylium":2,"minecraft:iron_helmet":2,"minecraft:repeater":8,"minecraft:golden_sword":5,"minecraft:bow":171,"minecraft:hay_block":1,"minecraft:oak_sapling":36,"minecraft:furnace":10,"minecraft:beetroot_seeds":1,"minecraft:egg":5,"minecraft:potato":16,"minecraft:diorite":14,"minecraft:oak_planks":533,"minecraft:stone_pickaxe":319,"minecraft:jungle_fence":3,"minecraft:blackstone":79,"minecraft:ender_pearl":7,"minecraft:wooden_pickaxe":102,"minecraft:composter":15,"minecraft:sugar_cane":37,"minecraft:jungle_boat":5,"minecraft:oak_leaves":74,"minecraft:cookie":143,"minecraft:white_wool":7,"minecraft:sand":34,"minecraft:crossbow":57,"minecraft:deepslate_lapis_ore":2,"minecraft:pumpkin_seeds":18,"minecraft:shears":123,"minecraft:redstone_torch":22,"minecraft:lever":2,"minecraft:melon_slice":34,"minecraft:bread":66,"minecraft:lectern":27,"minecraft:oak_pressure_plate":1,"minecraft:gravel":68,"minecraft:andesite":16,"minecraft:oak_fence":1,"minecraft:oak_trapdoor":8,"minecraft:oak_boat":21,"minecraft:bone_meal":139,"minecraft:enchanting_table":5,"minecraft:stone_sword":57,"minecraft:flint_and_steel":5,"minecraft:stone_shovel":497,"minecraft:redstone":39,"minecraft:cooked_salmon":7,"minecraft:stone_hoe":11,"minecraft:cooked_chicken":2,"minecraft:netherrack":490,"minecraft:torch":302,"minecraft:brewing_stand":2,"minecraft:dirt":1006,"minecraft:hopper":6,"minecraft:granite":8,"minecraft:wooden_axe":26,"minecraft:bookshelf":8,"minecraft:iron_axe":684,"minecraft:oak_stairs":5,"minecraft:iron_boots":6,"minecraft:basalt":47,"minecraft:soul_soil":3,"minecraft:beef":7,"minecraft:cooked_beef":24,"minecraft:observer":6,"minecraft:golden_axe":3,"minecraft:stone_pressure_plate":1,"minecraft:cobbled_deepslate":454,"minecraft:acacia_planks":9,"minecraft:iron_leggings":2,"minecraft:wheat_seeds":135,"minecraft:cooked_mutton":12,"minecraft:acacia_boat":2,"minecraft:water_bucket":91,"minecraft:baked_potato":22,"minecraft:fletching_table":20,"minecraft:cobblestone_slab":4,"minecraft:polished_blackstone_bricks":70,"minecraft:salmon":9,"minecraft:tnt":2,"minecraft:crafting_table":24,"minecraft:oak_slab":2,"minecraft:white_bed":55,"minecraft:piston":21,"minecraft:diamond_pickaxe":2167,"minecraft:apple":1,"minecraft:oak_button":4,"minecraft:iron_pickaxe":1526,"minecraft:stone_axe":361,"minecraft:fishing_rod":4,"minecraft:cobblestone":414,"minecraft:porkchop":17,"minecraft:cooked_porkchop":5,"minecraft:bucket":119,"minecraft:glass_pane":72,"minecraft:pumpkin_pie":25,"minecraft:yellow_bed":27,"minecraft:stripped_oak_log":1,"minecraft:dandelion":1},"minecraft:broken":{"minecraft:leather_leggings":1,"minecraft:iron_boots":2,"minecraft:iron_chestplate":1,"minecraft:stone_pickaxe":2,"minecraft:golden_sword":3,"minecraft:stone_axe":3,"minecraft:iron_sword":1,"minecraft:stone_shovel":4,"minecraft:leather_helmet":1,"minecraft:wooden_pickaxe":1,"minecraft:iron_axe":2,"minecraft:iron_pickaxe":3},"minecraft:mined":{"minecraft:oak_sapling":2,"minecraft:white_bed":51,"minecraft:sculk_vein":2,"minecraft:jungle_leaves":4,"minecraft:brewing_stand":1,"minecraft:obsidian":55,"minecraft:carved_pumpkin":1,"minecraft:granite":10,"minecraft:acacia_log":14,"minecraft:grass_block":29,"minecraft:jungle_log":15,"minecraft:cracked_polished_blackstone_bricks":30,"minecraft:oak_pressure_plate":1,"minecraft:soul_soil":6,"minecraft:crimson_fungus":4,"minecraft:composter":17,"minecraft:hopper":2,"minecraft:oak_wall_sign":1,"minecraft:oxeye_daisy":1,"minecraft:spawner":1,"minecraft:gilded_blackstone":1,"minecraft:weeping_vines_plant":1,"minecraft:polished_blackstone_bricks":106,"minecraft:tall_seagrass":1,"minecraft:glowstone":43,"minecraft:iron_ore":102,"minecraft:fire":102,"minecraft:cobbled_deepslate":64,"minecraft:pumpkin":99,"minecraft:deepslate_lapis_ore":31,"minecraft:fletching_table":20,"minecraft:enchanting_table":7,"minecraft:sculk_shrieker":6,"minecraft:oak_sign":1,"minecraft:dirt_path":4,"minecraft:oak_stairs":4,"minecraft:piston_head":1,"minecraft:deepslate_redstone_ore":50,"minecraft:brown_mushroom":15,"minecraft:blackstone":30,"minecraft:soul_fire":6,"minecraft:torch":12,"minecraft:melon":12,"minecraft:chest":14,"minecraft:dead_bush":1,"minecraft:cobblestone":349,"minecraft:smooth_quartz_slab":1,"minecraft:nether_quartz_ore":66,"minecraft:oak_planks":126,"minecraft:sugar_cane":156,"minecraft:wall_torch":16,"minecraft:deepslate_copper_ore":15,"minecraft:seagrass":2,"minecraft:repeater":1,"minecraft:warped_nylium":1,"minecraft:nether_wart_block":6,"minecraft:birch_log":5,"minecraft:yellow_wool":6,"minecraft:wheat":168,"minecraft:pumpkin_stem":2,"minecraft:warped_fungus":18,"minecraft:tnt":1,"minecraft:grass":86,"minecraft:oak_log":286,"minecraft:beetroots":1,"minecraft:sand":484,"minecraft:dirt":146,"minecraft:netherrack":547,"minecraft:piston":8,"minecraft:deepslate":868,"minecraft:attached_pumpkin_stem":5,"minecraft:nether_gold_ore":126,"minecraft:oak_leaves":142,"minecraft:tuff":239,"minecraft:deepslate_diamond_ore":9,"minecraft:nether_bricks":129,"minecraft:jungle_planks":5,"minecraft:crimson_roots":1,"minecraft:redstone_wire":25,"minecraft:red_mushroom":5,"minecraft:cartography_table":1,"minecraft:hay_block":64,"minecraft:redstone_ore":2,"minecraft:oak_trapdoor":3,"minecraft:furnace":9,"minecraft:carrots":31,"minecraft:nether_sprouts":2,"minecraft:andesite":18,"minecraft:gold_block":19,"minecraft:bell":1,"minecraft:nether_brick_fence":5,"minecraft:bookshelf":2,"minecraft:potatoes":22,"minecraft:cobblestone_slab":8,"minecraft:deepslate_iron_ore":53,"minecraft:vine":2,"minecraft:warped_stem":3,"minecraft:lantern":1,"minecraft:stripped_oak_log":36,"minecraft:stone":574,"minecraft:bone_block":171,"minecraft:white_wool":40,"minecraft:redstone_wall_torch":7,"minecraft:glass_pane":16,"minecraft:soul_sand":39,"minecraft:basalt":65,"minecraft:observer":7,"minecraft:oak_fence":4,"minecraft:crafting_table":4,"minecraft:emerald_ore":1,"minecraft:warped_roots":2,"minecraft:sculk_sensor":4,"minecraft:lectern":26,"minecraft:copper_ore":14,"minecraft:tall_grass":7,"minecraft:lapis_ore":6,"minecraft:deepslate_gold_ore":44,"minecraft:polished_blackstone_brick_stairs":2,"minecraft:sculk":184,"minecraft:diorite":41,"minecraft:warped_wart_block":1,"minecraft:redstone_torch":9,"minecraft:yellow_bed":25,"minecraft:cocoa":11,"minecraft:coal_ore":113,"minecraft:gravel":85,"minecraft:oak_button":1,"minecraft:gold_ore":5,"minecraft:fern":2}},"DataVersion":3105}