{"stats":{"minecraft:killed":{"minecraft:zombified_piglin":42,"minecraft:spider":12,"minecraft:skeleton":29,"minecraft:chicken":9,"minecraft:piglin_brute":4,"minecraft:magma_cube":50,"minecraft:piglin":19,"minecraft:pig":12,"minecraft:salmon":5,"minecraft:iron_golem":9,"minecraft:creeper":5,"minecraft:sheep":28,"minecraft:pillager":3,"minecraft:zombie":55,"minecraft:ghast":9,"minecraft:blaze":7,"minecraft:cow":15,"minecraft:phantom":2,"minecraft:drowned":10,"minecraft:husk":2,"minecraft:hoglin":3,"minecraft:squid":1,"minecraft:wither_skeleton":10,"minecraft:enderman":16},"minecraft:used":{"minecraft:smooth_quartz_slab":1,"minecraft:poppy":3,"minecraft:bone_block":17,"minecraft:chest":13,"minecraft:shield":44,"minecraft:iron_sword":689,"minecraft:rotten_flesh":79,"minecraft:iron_chestplate":3,"minecraft:mutton":8,"minecraft:soul_sand":33,"minecraft:cocoa_beans":11,"minecraft:jungle_planks":44,"minecraft:nether_bricks":102,"minecraft:carrot":30,"minecraft:tuff":118,"minecraft:obsidian":56,"minecraft:glass":24,"minecraft:lava_bucket":20,"minecraft:jungle_fence_gate":1,"minecraft:warped_nylium":2,"minecraft:iron_helmet":2,"minecraft:bow":171,"minecraft:hay_block":1,"minecraft:oak_sapling":32,"minecraft:furnace":7,"minecraft:beetroot_seeds":1,"minecraft:egg":3,"minecraft:potato":16,"minecraft:diorite":14,"minecraft:oak_planks":531,"minecraft:stone_pickaxe":141,"minecraft:jungle_fence":3,"minecraft:blackstone":79,"minecraft:ender_pearl":6,"minecraft:wooden_pickaxe":102,"minecraft:composter":15,"minecraft:sugar_cane":15,"minecraft:jungle_boat":2,"minecraft:cookie":143,"minecraft:white_wool":7,"minecraft:sand":16,"minecraft:crossbow":20,"minecraft:pumpkin_seeds":13,"minecraft:shears":1,"minecraft:redstone_torch":6,"minecraft:melon_slice":28,"minecraft:bread":59,"minecraft:lectern":27,"minecraft:oak_pressure_plate":1,"minecraft:gravel":68,"minecraft:andesite":16,"minecraft:oak_fence":1,"minecraft:oak_trapdoor":8,"minecraft:oak_boat":21,"minecraft:bone_meal":139,"minecraft:enchanting_table":5,"minecraft:stone_sword":57,"minecraft:flint_and_steel":5,"minecraft:stone_shovel":497,"minecraft:redstone":5,"minecraft:stone_hoe":11,"minecraft:cooked_chicken":2,"minecraft:netherrack":479,"minecraft:torch":300,"minecraft:brewing_stand":2,"minecraft:dirt":235,"minecraft:hopper":6,"minecraft:granite":8,"minecraft:wooden_axe":26,"minecraft:bookshelf":8,"minecraft:iron_axe":587,"minecraft:oak_stairs":1,"minecraft:iron_boots":4,"minecraft:basalt":47,"minecraft:soul_soil":3,"minecraft:beef":4,"minecraft:cooked_beef":22,"minecraft:observer":6,"minecraft:stone_pressure_plate":1,"minecraft:cobbled_deepslate":454,"minecraft:acacia_planks":9,"minecraft:golden_axe":1,"minecraft:iron_leggings":2,"minecraft:wheat_seeds":112,"minecraft:cooked_mutton":12,"minecraft:acacia_boat":2,"minecraft:water_bucket":86,"minecraft:baked_potato":22,"minecraft:fletching_table":20,"minecraft:cobblestone_slab":2,"minecraft:polished_blackstone_bricks":70,"minecraft:salmon":5,"minecraft:tnt":2,"minecraft:crafting_table":22,"minecraft:oak_slab":2,"minecraft:white_bed":53,"minecraft:piston":5,"minecraft:diamond_pickaxe":2167,"minecraft:oak_button":4,"minecraft:iron_pickaxe":1514,"minecraft:stone_axe":222,"minecraft:fishing_rod":4,"minecraft:cobblestone":337,"minecraft:porkchop":17,"minecraft:cooked_porkchop":5,"minecraft:bucket":113,"minecraft:glass_pane":15,"minecraft:pumpkin_pie":17,"minecraft:yellow_bed":27,"minecraft:stripped_oak_log":1,"minecraft:dandelion":1},"minecraft:dropped":{"minecraft:iron_sword":1,"minecraft:brown_mushroom":18,"minecraft:piston":2,"minecraft:soul_sand":16,"minecraft:lapis_lazuli":18,"minecraft:oak_pressure_plate":1,"minecraft:cooked_beef":9,"minecraft:ender_pearl":8,"minecraft:cooked_porkchop":21,"minecraft:cookie":2,"minecraft:warped_roots":3,"minecraft:jungle_planks":6,"minecraft:saddle":1,"minecraft:flint":4,"minecraft:emerald":8,"minecraft:dirt":27,"minecraft:crimson_roots":2,"minecraft:jungle_sapling":2,"minecraft:gold_nugget":9,"minecraft:bone_meal":18,"minecraft:sand":2,"minecraft:iron_pickaxe":5,"minecraft:white_wool":1,"minecraft:gold_ingot":345,"minecraft:bone":13,"minecraft:gravel":89,"minecraft:blackstone":5,"minecraft:sugar_cane":17,"minecraft:iron_nugget":22,"minecraft:cooked_chicken":2,"minecraft:golden_chestplate":1,"minecraft:cobbled_deepslate":321,"minecraft:wheat":25,"minecraft:rotten_flesh":31,"minecraft:oak_planks":34,"minecraft:diamond_shovel":2,"minecraft:glowstone_dust":1,"minecraft:white_bed":1,"minecraft:warped_planks":23,"minecraft:poppy":4,"minecraft:charcoal":13,"minecraft:glowstone":3,"minecraft:arrow":2,"minecraft:glass":24,"minecraft:ghast_tear":2,"minecraft:quartz":5,"minecraft:egg":3,"minecraft:stone_hoe":1,"minecraft:enchanted_book":1,"minecraft:water_bucket":1,"minecraft:iron_ingot":9,"minecraft:bread":19,"minecraft:wheat_seeds":236,"minecraft:mossy_cobblestone":1,"minecraft:iron_helmet":3,"minecraft:feather":1,"minecraft:cobblestone":43,"minecraft:observer":1,"minecraft:grass_block":3,"minecraft:coal":34,"minecraft:golden_apple":1,"minecraft:stick":33,"minecraft:oxeye_daisy":1,"minecraft:diorite":2,"minecraft:ink_sac":1,"minecraft:wooden_axe":3,"minecraft:melon_slice":6,"minecraft:iron_leggings":3,"minecraft:iron_axe":3,"minecraft:chainmail_leggings":1,"minecraft:paper":4,"minecraft:string":28,"minecraft:dandelion":2,"minecraft:redstone":4,"minecraft:warped_nylium":4,"minecraft:cocoa_beans":39,"minecraft:tuff":73,"minecraft:raw_iron":33,"minecraft:stone_shovel":2,"minecraft:chicken":1,"minecraft:light_gray_wool":1,"minecraft:iron_boots":2,"minecraft:nether_bricks":2,"minecraft:oak_sign":2,"minecraft:flint_and_steel":2,"minecraft:cobblestone_slab":8,"minecraft:hay_block":29,"minecraft:stone":6,"minecraft:shield":2,"minecraft:iron_chestplate":3,"minecraft:oak_boat":1,"minecraft:golden_sword":3,"minecraft:carved_pumpkin":1,"minecraft:spider_eye":4,"minecraft:bow":3,"minecraft:stone_pickaxe":2,"minecraft:wooden_pickaxe":2,"minecraft:magma_cream":2,"minecraft:nautilus_shell":2},"minecraft:crafted":{"minecraft:oak_planks":1108,"minecraft:jungle_fence_gate":1,"minecraft:cooked_chicken":2,"minecraft:stone":2,"minecraft:bookshelf":8,"minecraft:cooked_mutton":12,"minecraft:warped_planks":12,"minecraft:glass":74,"minecraft:hopper":5,"minecraft:bow":2,"minecraft:iron_boots":5,"minecraft:stone_pressure_plate":1,"minecraft:chest":5,"minecraft:oak_button":1,"minecraft:stone_hoe":1,"minecraft:respawn_anchor":1,"minecraft:oak_slab":6,"minecraft:emerald":45,"minecraft:cooked_porkchop":9,"minecraft:crafting_table":18,"minecraft:jungle_boat":1,"minecraft:iron_helmet":4,"minecraft:wooden_pickaxe":3,"minecraft:baked_potato":11,"minecraft:fletching_table":3,"minecraft:gold_block":4,"minecraft:pumpkin_seeds":16,"minecraft:brewing_stand":1,"minecraft:birch_planks":20,"minecraft:iron_chestplate":4,"minecraft:book":20,"minecraft:paper":60,"minecraft:diamond_pickaxe":2,"minecraft:charcoal":32,"minecraft:shield":5,"minecraft:stick":1148,"minecraft:iron_ingot":143,"minecraft:iron_pickaxe":7,"minecraft:stone_sword":1,"minecraft:gold_ingot":204,"minecraft:redstone_torch":5,"minecraft:shears":1,"minecraft:cookie":108,"minecraft:redstone":2,"minecraft:stone_shovel":3,"minecraft:furnace":4,"minecraft:piston":2,"minecraft:yellow_bed":2,"minecraft:bone_meal":279,"minecraft:glass_pane":64,"minecraft:oak_trapdoor":6,"minecraft:flint_and_steel":2,"minecraft:iron_axe":3,"minecraft:stone_pickaxe":1,"minecraft:redstone_block":11,"minecraft:jungle_fence":3,"minecraft:dark_oak_planks":24,"minecraft:lead":2,"minecraft:golden_helmet":1,"minecraft:wheat":72,"minecraft:cooked_beef":42,"minecraft:enchanting_table":1,"minecraft:iron_sword":3,"minecraft:bucket":2,"minecraft:stone_axe":2,"minecraft:glowstone":9,"minecraft:enchanted_book":1,"minecraft:air":0,"minecraft:bread":47,"minecraft:acacia_boat":1,"minecraft:jungle_planks":96,"minecraft:oak_boat":4,"minecraft:wooden_axe":3,"minecraft:iron_leggings":4,"minecraft:white_bed":5,"minecraft:pumpkin_pie":28,"minecraft:acacia_planks":20,"minecraft:torch":280,"minecraft:lapis_lazuli":23,"minecraft:lapis_block":22},"minecraft:picked_up":{"minecraft:iron_chestplate":16,"minecraft:wheat":177,"minecraft:redstone_block":55,"minecraft:nether_brick_fence":2,"minecraft:yellow_wool":6,"minecraft:lead":4,"minecraft:potion":3,"minecraft:gilded_blackstone":1,"minecraft:nether_brick":73,"minecraft:brewing_stand":1,"minecraft:golden_sword":7,"minecraft:lapis_block":76,"minecraft:string":187,"minecraft:soul_soil":9,"minecraft:raw_copper":105,"minecraft:deepslate_lapis_ore":2,"minecraft:iron_leggings":10,"minecraft:oak_sign":5,"minecraft:beetroot":4,"minecraft:diamond_leggings":5,"minecraft:gold_nugget":497,"minecraft:cobbled_deepslate":1921,"minecraft:bucket":8,"minecraft:redstone_torch":1,"minecraft:cobblestone_slab":25,"minecraft:iron_pickaxe":17,"minecraft:enchanted_golden_apple":2,"minecraft:melon_slice":144,"minecraft:iron_boots":18,"minecraft:furnace":7,"minecraft:stick":345,"minecraft:composter":17,"minecraft:oak_fence":1,"minecraft:torch":170,"minecraft:acacia_log":7,"minecraft:porkchop":34,"minecraft:diorite":43,"minecraft:warped_planks":26,"minecraft:goat_horn":2,"minecraft:cactus":15,"minecraft:rotten_flesh":201,"minecraft:carved_pumpkin":1,"minecraft:blaze_rod":4,"minecraft:obsidian":178,"minecraft:cobblestone":1187,"minecraft:nautilus_shell":4,"minecraft:birch_log":5,"minecraft:enchanting_table":13,"minecraft:feather":15,"minecraft:cooked_beef":22,"minecraft:andesite":17,"minecraft:magma_cream":10,"minecraft:water_bucket":15,"minecraft:jungle_log":25,"minecraft:potato":169,"minecraft:flint":14,"minecraft:tuff":497,"minecraft:acacia_boat":2,"minecraft:map":4,"minecraft:lapis_lazuli":301,"minecraft:dirt":1219,"minecraft:leather_boots":1,"minecraft:glass":25,"minecraft:bone":169,"minecraft:bow":12,"minecraft:wheat_seeds":603,"minecraft:raw_gold":60,"minecraft:bell":1,"minecraft:diamond_helmet":4,"minecraft:fletching_table":24,"minecraft:bamboo":16,"minecraft:glowstone_dust":92,"minecraft:oak_planks":482,"minecraft:stone_hoe":4,"minecraft:ghast_tear":5,"minecraft:cooked_porkchop":13,"minecraft:warped_wart_block":1,"minecraft:oak_pressure_plate":2,"minecraft:sand":496,"minecraft:jungle_planks":22,"minecraft:ink_sac":3,"minecraft:grass_block":8,"minecraft:spectral_arrow":119,"minecraft:mossy_cobblestone":3,"minecraft:diamond":20,"minecraft:cracked_polished_blackstone_bricks":18,"minecraft:granite":9,"minecraft:bone_meal":3,"minecraft:golden_apple":3,"minecraft:emerald":55,"minecraft:golden_horse_armor":2,"minecraft:bread":40,"minecraft:oak_sapling":69,"minecraft:netherrack":499,"minecraft:charcoal":37,"minecraft:crimson_roots":2,"minecraft:diamond_pickaxe":10,"minecraft:fishing_rod":2,"minecraft:cocoa_beans":110,"minecraft:crafting_table":5,"minecraft:chicken":5,"minecraft:brown_mushroom":34,"minecraft:wooden_pickaxe":3,"minecraft:gold_block":42,"minecraft:diamond_horse_armor":4,"minecraft:shield":17,"minecraft:oak_trapdoor":3,"minecraft:iron_axe":13,"minecraft:wooden_sword":2,"minecraft:flint_and_steel":7,"minecraft:white_carpet":3,"minecraft:blackstone":182,"minecraft:cartography_table":1,"minecraft:beef":50,"minecraft:oak_boat":21,"minecraft:sugar_cane":363,"minecraft:observer":7,"minecraft:jungle_sapling":4,"minecraft:iron_nugget":134,"minecraft:poppy":20,"minecraft:light_gray_wool":2,"minecraft:egg":105,"minecraft:lectern":26,"minecraft:phantom_membrane":2,"minecraft:chest":37,"minecraft:birch_sapling":1,"minecraft:piston":5,"minecraft:raw_iron":346,"minecraft:stone":41,"minecraft:bowl":3,"minecraft:fire_charge":17,"minecraft:polished_blackstone_bricks":72,"minecraft:cookie":141,"minecraft:carrot":128,"minecraft:redstone":239,"minecraft:dark_oak_planks":173,"minecraft:tnt":26,"minecraft:arrow":165,"minecraft:stone_shovel":5,"minecraft:beetroot_seeds":11,"minecraft:golden_hoe":7,"minecraft:nether_bricks":127,"minecraft:shears":3,"minecraft:hay_block":139,"minecraft:saddle":4,"minecraft:gold_ingot":345,"minecraft:mutton":24,"minecraft:white_wool":87,"minecraft:bone_block":220,"minecraft:oxeye_daisy":2,"minecraft:stripped_oak_log":52,"minecraft:jungle_boat":1,"minecraft:basalt":47,"minecraft:glow_ink_sac":6,"minecraft:salmon":5,"minecraft:leather":136,"minecraft:red_mushroom":5,"minecraft:mushroom_stew":1,"minecraft:crimson_fungus":5,"minecraft:oak_log":329,"minecraft:yellow_bed":25,"minecraft:gunpowder":45,"minecraft:paper":4,"minecraft:cooked_mutton":16,"minecraft:apple":18,"minecraft:warped_stem":3,"minecraft:iron_ingot":194,"minecraft:stone_pickaxe":4,"minecraft:cooked_chicken":6,"minecraft:iron_sword":16,"minecraft:soul_sand":119,"minecraft:book":9,"minecraft:oak_slab":2,"minecraft:warped_fungus":21,"minecraft:pumpkin":53,"minecraft:quartz":112,"minecraft:dandelion":3,"minecraft:gravel":273,"minecraft:lava_bucket":4,"minecraft:white_bed":52,"minecraft:crying_obsidian":17,"minecraft:spider_eye":6,"minecraft:diamond_shovel":1,"minecraft:pumpkin_seeds":6,"minecraft:sculk_sensor":1,"minecraft:coal_ore":7,"minecraft:slime_ball":30,"minecraft:stone_axe":8,"minecraft:chainmail_leggings":1,"minecraft:iron_helmet":13,"minecraft:warped_roots":3,"minecraft:oak_button":3,"minecraft:baked_potato":45,"minecraft:black_wool":1,"minecraft:warped_nylium":7,"minecraft:smooth_quartz_slab":1,"minecraft:coal":477,"minecraft:hopper":4,"minecraft:ender_pearl":28},"minecraft:killed_by":{"minecraft:creeper":4,"minecraft:piglin":1,"minecraft:zombie":3,"minecraft:player":5,"minecraft:enderman":1,"minecraft:iron_golem":2,"minecraft:skeleton":1},"minecraft:custom":{"minecraft:animals_bred":4,"minecraft:interact_with_crafting_table":126,"minecraft:open_barrel":6,"minecraft:bell_ring":18,"minecraft:leave_game":54,"minecraft:time_since_death":1224,"minecraft:sprint_one_cm":2667906,"minecraft:damage_blocked_by_shield":2165,"minecraft:drop":380,"minecraft:talked_to_villager":131,"minecraft:play_time":1072211,"minecraft:deaths":20,"minecraft:jump":22036,"minecraft:walk_on_water_one_cm":141521,"minecraft:enchant_item":6,"minecraft:interact_with_furnace":190,"minecraft:traded_with_villager":60,"minecraft:sleep_in_bed":17,"minecraft:damage_dealt":58627,"minecraft:player_kills":9,"minecraft:crouch_one_cm":242660,"minecraft:use_cauldron":7,"minecraft:interact_with_anvil":1,"minecraft:mob_kills":363,"minecraft:inspect_hopper":1,"minecraft:climb_one_cm":2315,"minecraft:walk_one_cm":2609242,"minecraft:sneak_time":89359,"minecraft:walk_under_water_one_cm":165689,"minecraft:boat_one_cm":409292,"minecraft:total_world_time":1072211,"minecraft:time_since_rest":1767,"minecraft:damage_taken":14009,"minecraft:swim_one_cm":478594,"minecraft:fly_one_cm":3526488,"minecraft:open_chest":634,"minecraft:fall_one_cm":444792},"minecraft:broken":{"minecraft:iron_boots":2,"minecraft:iron_chestplate":1,"minecraft:stone_pickaxe":1,"minecraft:stone_axe":1,"minecraft:iron_sword":1,"minecraft:stone_shovel":4,"minecraft:wooden_pickaxe":1,"minecraft:iron_axe":2,"minecraft:iron_pickaxe":3},"minecraft:mined":{"minecraft:oak_sapling":2,"minecraft:white_bed":49,"minecraft:sculk_vein":2,"minecraft:jungle_leaves":4,"minecraft:brewing_stand":1,"minecraft:obsidian":55,"minecraft:carved_pumpkin":1,"minecraft:granite":10,"minecraft:acacia_log":5,"minecraft:grass_block":24,"minecraft:jungle_log":15,"minecraft:cracked_polished_blackstone_bricks":30,"minecraft:oak_pressure_plate":1,"minecraft:soul_soil":6,"minecraft:crimson_fungus":4,"minecraft:composter":17,"minecraft:hopper":2,"minecraft:oak_wall_sign":1,"minecraft:spawner":1,"minecraft:gilded_blackstone":1,"minecraft:weeping_vines_plant":1,"minecraft:polished_blackstone_bricks":106,"minecraft:tall_seagrass":1,"minecraft:glowstone":43,"minecraft:iron_ore":102,"minecraft:fire":102,"minecraft:cobbled_deepslate":63,"minecraft:pumpkin":53,"minecraft:deepslate_lapis_ore":31,"minecraft:fletching_table":20,"minecraft:enchanting_table":7,"minecraft:sculk_shrieker":6,"minecraft:oak_sign":1,"minecraft:dirt_path":4,"minecraft:deepslate_redstone_ore":50,"minecraft:brown_mushroom":15,"minecraft:blackstone":30,"minecraft:soul_fire":6,"minecraft:torch":10,"minecraft:melon":12,"minecraft:chest":13,"minecraft:dead_bush":1,"minecraft:cobblestone":241,"minecraft:smooth_quartz_slab":1,"minecraft:nether_quartz_ore":66,"minecraft:oak_planks":122,"minecraft:sugar_cane":91,"minecraft:wall_torch":16,"minecraft:deepslate_copper_ore":15,"minecraft:seagrass":2,"minecraft:warped_nylium":1,"minecraft:nether_wart_block":6,"minecraft:birch_log":5,"minecraft:yellow_wool":6,"minecraft:wheat":145,"minecraft:warped_fungus":18,"minecraft:tnt":1,"minecraft:grass":76,"minecraft:oak_log":230,"minecraft:beetroots":1,"minecraft:sand":465,"minecraft:dirt":104,"minecraft:netherrack":511,"minecraft:piston":5,"minecraft:deepslate":868,"minecraft:oak_leaves":8,"minecraft:attached_pumpkin_stem":2,"minecraft:nether_gold_ore":126,"minecraft:tuff":239,"minecraft:deepslate_diamond_ore":9,"minecraft:nether_bricks":129,"minecraft:jungle_planks":4,"minecraft:crimson_roots":1,"minecraft:redstone_wire":5,"minecraft:red_mushroom":5,"minecraft:cartography_table":1,"minecraft:hay_block":64,"minecraft:redstone_ore":2,"minecraft:oak_trapdoor":3,"minecraft:furnace":7,"minecraft:carrots":31,"minecraft:nether_sprouts":2,"minecraft:andesite":18,"minecraft:gold_block":19,"minecraft:bell":1,"minecraft:nether_brick_fence":5,"minecraft:bookshelf":2,"minecraft:potatoes":22,"minecraft:cobblestone_slab":8,"minecraft:deepslate_iron_ore":53,"minecraft:vine":2,"minecraft:warped_stem":3,"minecraft:lantern":1,"minecraft:stripped_oak_log":36,"minecraft:stone":554,"minecraft:bone_block":171,"minecraft:white_wool":40,"minecraft:glass_pane":15,"minecraft:soul_sand":39,"minecraft:basalt":65,"minecraft:observer":6,"minecraft:oak_fence":4,"minecraft:crafting_table":4,"minecraft:emerald_ore":1,"minecraft:warped_roots":2,"minecraft:sculk_sensor":4,"minecraft:lectern":26,"minecraft:copper_ore":14,"minecraft:tall_grass":4,"minecraft:lapis_ore":6,"minecraft:deepslate_gold_ore":44,"minecraft:polished_blackstone_brick_stairs":2,"minecraft:sculk":184,"minecraft:diorite":41,"minecraft:warped_wart_block":1,"minecraft:redstone_torch":1,"minecraft:yellow_bed":25,"minecraft:cocoa":11,"minecraft:coal_ore":112,"minecraft:gravel":85,"minecraft:oak_button":1,"minecraft:gold_ore":5,"minecraft:fern":2}},"DataVersion":3105}