{"stats":{"minecraft:killed":{"minecraft:husk":1,"minecraft:pig":5,"minecraft:spider":1,"minecraft:creeper":1,"minecraft:sheep":10,"minecraft:skeleton":4,"minecraft:zombie":11,"minecraft:chicken":2,"minecraft:cow":10},"minecraft:mined":{"minecraft:deepslate_redstone_ore":4,"minecraft:tuff":64,"minecraft:white_bed":1,"minecraft:deepslate_diamond_ore":6,"minecraft:obsidian":2,"minecraft:crafting_table":2,"minecraft:torch":1,"minecraft:grass_block":9,"minecraft:melon":2,"minecraft:cobblestone":6,"minecraft:deepslate_gold_ore":16,"minecraft:sculk":14,"minecraft:wall_torch":1,"minecraft:furnace":3,"minecraft:iron_ore":28,"minecraft:andesite":1,"minecraft:deepslate_lapis_ore":11,"minecraft:grass":16,"minecraft:sculk_shrieker":2,"minecraft:oak_log":21,"minecraft:coal_ore":3,"minecraft:deepslate_iron_ore":25,"minecraft:gravel":7,"minecraft:dirt":4,"minecraft:stone":73,"minecraft:white_wool":1,"minecraft:deepslate":167,"minecraft:fern":1},"minecraft:broken":{"minecraft:stone_pickaxe":1},"minecraft:dropped":{"minecraft:gravel":6,"minecraft:cooked_porkchop":21,"minecraft:iron_helmet":1,"minecraft:cobblestone":13,"minecraft:iron_boots":1,"minecraft:white_bed":1,"minecraft:coal":4,"minecraft:shield":1,"minecraft:iron_chestplate":1,"minecraft:iron_leggings":1,"minecraft:stone_pickaxe":1,"minecraft:iron_pickaxe":1},"minecraft:crafted":{"minecraft:cooked_beef":17,"minecraft:oak_planks":84,"minecraft:cooked_porkchop":9,"minecraft:crafting_table":2,"minecraft:wooden_pickaxe":1,"minecraft:iron_helmet":2,"minecraft:iron_sword":1,"minecraft:furnace":2,"minecraft:bucket":1,"minecraft:stone_axe":1,"minecraft:cooked_mutton":12,"minecraft:air":0,"minecraft:flint_and_steel":1,"minecraft:iron_boots":2,"minecraft:iron_chestplate":2,"minecraft:diamond_pickaxe":1,"minecraft:shield":2,"minecraft:stick":32,"minecraft:iron_ingot":102,"minecraft:iron_pickaxe":2,"minecraft:stone_pickaxe":1,"minecraft:wooden_axe":1,"minecraft:gold_ingot":5,"minecraft:stone_sword":1,"minecraft:iron_leggings":2,"minecraft:white_bed":2,"minecraft:torch":64,"minecraft:shears":1},"minecraft:killed_by":{"minecraft:player":1},"minecraft:custom":{"minecraft:interact_with_furnace":68,"minecraft:mob_kills":46,"minecraft:interact_with_crafting_table":24,"minecraft:leave_game":1,"minecraft:time_since_death":69506,"minecraft:sleep_in_bed":2,"minecraft:climb_one_cm":166,"minecraft:time_since_rest":34518,"minecraft:sprint_one_cm":230551,"minecraft:damage_taken":1438,"minecraft:walk_one_cm":157953,"minecraft:damage_blocked_by_shield":235,"minecraft:drop":15,"minecraft:damage_dealt":6363,"minecraft:swim_one_cm":4803,"minecraft:player_kills":1,"minecraft:fly_one_cm":331726,"minecraft:open_chest":9,"minecraft:crouch_one_cm":16915,"minecraft:play_time":74556,"minecraft:deaths":1,"minecraft:sneak_time":6923,"minecraft:walk_under_water_one_cm":312,"minecraft:jump":1925,"minecraft:walk_on_water_one_cm":4725,"minecraft:total_world_time":74556,"minecraft:fall_one_cm":67082},"minecraft:picked_up":{"minecraft:crafting_table":2,"minecraft:feather":2,"minecraft:cooked_beef":1,"minecraft:chicken":2,"minecraft:glow_ink_sac":6,"minecraft:leather":10,"minecraft:wooden_pickaxe":1,"minecraft:flint":1,"minecraft:tuff":64,"minecraft:oak_log":21,"minecraft:gunpowder":1,"minecraft:lapis_lazuli":73,"minecraft:string":2,"minecraft:dirt":11,"minecraft:bone":7,"minecraft:wheat_seeds":1,"minecraft:cobbled_deepslate":163,"minecraft:raw_gold":16,"minecraft:beef":27,"minecraft:stone_pickaxe":1,"minecraft:light_gray_wool":1,"minecraft:melon_slice":13,"minecraft:oak_planks":15,"minecraft:furnace":3,"minecraft:raw_iron":53,"minecraft:cooked_porkchop":12,"minecraft:torch":12,"minecraft:gravel":6,"minecraft:porkchop":9,"minecraft:white_bed":1,"minecraft:redstone":19,"minecraft:spider_eye":1,"minecraft:arrow":4,"minecraft:rotten_flesh":12,"minecraft:diamond":7,"minecraft:obsidian":2,"minecraft:oak_sapling":1,"minecraft:black_wool":1,"minecraft:mutton":14,"minecraft:coal":3,"minecraft:white_wool":11,"minecraft:cobblestone":94},"minecraft:used":{"minecraft:cooked_mutton":12,"minecraft:water_bucket":1,"minecraft:stone_sword":57,"minecraft:stone_pickaxe":141,"minecraft:shield":4,"minecraft:iron_sword":33,"minecraft:rotten_flesh":1,"minecraft:white_wool":2,"minecraft:torch":59,"minecraft:dirt":9,"minecraft:mutton":2,"minecraft:crafting_table":4,"minecraft:white_bed":2,"minecraft:shears":1,"minecraft:obsidian":1,"minecraft:wooden_axe":4,"minecraft:diamond_pickaxe":179,"minecraft:lava_bucket":2,"minecraft:iron_pickaxe":127,"minecraft:iron_helmet":1,"minecraft:iron_boots":1,"minecraft:stone_axe":36,"minecraft:cobblestone":10,"minecraft:beef":1,"minecraft:furnace":5,"minecraft:bucket":4,"minecraft:cooked_beef":6,"minecraft:cobbled_deepslate":13}},"DataVersion":3105}