{"stats":{"minecraft:killed_by":{"minecraft:player":1},"minecraft:crafted":{"minecraft:cooked_beef":9,"minecraft:oak_planks":84,"minecraft:cooked_porkchop":9,"minecraft:crafting_table":2,"minecraft:wooden_pickaxe":1,"minecraft:furnace":2,"minecraft:stone_axe":1,"minecraft:cooked_mutton":7,"minecraft:air":0,"minecraft:flint_and_steel":1,"minecraft:stick":8,"minecraft:iron_ingot":3,"minecraft:wooden_axe":1,"minecraft:stone_sword":1,"minecraft:white_bed":2,"minecraft:shears":1},"minecraft:picked_up":{"minecraft:crafting_table":1,"minecraft:feather":2,"minecraft:cooked_beef":1,"minecraft:chicken":2,"minecraft:leather":10,"minecraft:wooden_pickaxe":1,"minecraft:flint":1,"minecraft:oak_log":21,"minecraft:dirt":11,"minecraft:wheat_seeds":1,"minecraft:beef":25,"minecraft:stone_pickaxe":1,"minecraft:light_gray_wool":1,"minecraft:melon_slice":13,"minecraft:oak_planks":5,"minecraft:furnace":1,"minecraft:raw_iron":3,"minecraft:torch":1,"minecraft:gravel":6,"minecraft:porkchop":9,"minecraft:rotten_flesh":1,"minecraft:oak_sapling":1,"minecraft:black_wool":1,"minecraft:mutton":14,"minecraft:white_wool":11,"minecraft:cobblestone":57},"minecraft:killed":{"minecraft:husk":1,"minecraft:pig":5,"minecraft:sheep":10,"minecraft:chicken":2,"minecraft:cow":10},"minecraft:used":{"minecraft:cooked_mutton":2,"minecraft:stone_sword":34,"minecraft:stone_pickaxe":75,"minecraft:rotten_flesh":1,"minecraft:torch":1,"minecraft:dirt":5,"minecraft:mutton":2,"minecraft:crafting_table":3,"minecraft:wooden_axe":4,"minecraft:stone_axe":35,"minecraft:cobblestone":10,"minecraft:beef":1,"minecraft:furnace":3,"minecraft:cooked_beef":3},"minecraft:custom":{"minecraft:interact_with_furnace":19,"minecraft:mob_kills":29,"minecraft:interact_with_crafting_table":8,"minecraft:leave_game":1,"minecraft:time_since_death":22230,"minecraft:climb_one_cm":166,"minecraft:time_since_rest":22265,"minecraft:sprint_one_cm":100718,"minecraft:damage_taken":513,"minecraft:walk_one_cm":56176,"minecraft:drop":2,"minecraft:damage_dealt":3222,"minecraft:swim_one_cm":3779,"minecraft:fly_one_cm":199710,"minecraft:player_kills":1,"minecraft:crouch_one_cm":1767,"minecraft:play_time":27280,"minecraft:deaths":1,"minecraft:sneak_time":998,"minecraft:walk_under_water_one_cm":136,"minecraft:jump":956,"minecraft:walk_on_water_one_cm":1832,"minecraft:total_world_time":27280,"minecraft:fall_one_cm":31540},"minecraft:mined":{"minecraft:crafting_table":1,"minecraft:torch":1,"minecraft:grass_block":9,"minecraft:melon":2,"minecraft:cobblestone":6,"minecraft:furnace":1,"minecraft:iron_ore":3,"minecraft:grass":16,"minecraft:oak_log":21,"minecraft:gravel":7,"minecraft:dirt":4,"minecraft:stone":36,"minecraft:fern":1},"minecraft:dropped":{"minecraft:gravel":6,"minecraft:cobblestone":13}},"DataVersion":3105}