{"stats":{"minecraft:broken":{"minecraft:iron_boots":2,"minecraft:iron_chestplate":1,"minecraft:stone_pickaxe":1,"minecraft:stone_axe":1,"minecraft:stone_shovel":1,"minecraft:iron_axe":2},"minecraft:crafted":{"minecraft:oak_planks":1108,"minecraft:jungle_fence_gate":1,"minecraft:cooked_chicken":2,"minecraft:cooked_mutton":12,"minecraft:glass":45,"minecraft:hopper":5,"minecraft:bow":2,"minecraft:iron_boots":5,"minecraft:chest":5,"minecraft:stone_hoe":1,"minecraft:oak_slab":6,"minecraft:emerald":37,"minecraft:cooked_porkchop":9,"minecraft:crafting_table":9,"minecraft:jungle_boat":1,"minecraft:iron_helmet":4,"minecraft:wooden_pickaxe":1,"minecraft:baked_potato":11,"minecraft:fletching_table":3,"minecraft:gold_block":4,"minecraft:pumpkin_seeds":16,"minecraft:diamond_pickaxe":2,"minecraft:iron_chestplate":4,"minecraft:book":2,"minecraft:paper":6,"minecraft:charcoal":32,"minecraft:shield":5,"minecraft:stick":1148,"minecraft:iron_ingot":123,"minecraft:iron_pickaxe":3,"minecraft:stone_sword":1,"minecraft:gold_ingot":84,"minecraft:shears":1,"minecraft:cookie":108,"minecraft:furnace":4,"minecraft:piston":2,"minecraft:yellow_bed":2,"minecraft:bone_meal":279,"minecraft:oak_trapdoor":6,"minecraft:flint_and_steel":2,"minecraft:iron_axe":3,"minecraft:stone_pickaxe":1,"minecraft:redstone_block":11,"minecraft:jungle_fence":3,"minecraft:dark_oak_planks":24,"minecraft:lead":2,"minecraft:wheat":72,"minecraft:cooked_beef":29,"minecraft:enchanting_table":1,"minecraft:iron_sword":3,"minecraft:bucket":2,"minecraft:stone_axe":2,"minecraft:enchanted_book":1,"minecraft:air":0,"minecraft:acacia_boat":1,"minecraft:bread":39,"minecraft:jungle_planks":96,"minecraft:oak_boat":2,"minecraft:wooden_axe":3,"minecraft:iron_leggings":4,"minecraft:white_bed":5,"minecraft:acacia_planks":20,"minecraft:torch":272,"minecraft:lapis_lazuli":23,"minecraft:lapis_block":22},"minecraft:used":{"minecraft:poppy":2,"minecraft:bone_block":6,"minecraft:chest":12,"minecraft:shield":32,"minecraft:iron_sword":336,"minecraft:rotten_flesh":46,"minecraft:iron_chestplate":2,"minecraft:mutton":8,"minecraft:soul_sand":31,"minecraft:cocoa_beans":11,"minecraft:jungle_planks":44,"minecraft:carrot":27,"minecraft:tuff":116,"minecraft:obsidian":40,"minecraft:glass":24,"minecraft:lava_bucket":2,"minecraft:jungle_fence_gate":1,"minecraft:iron_helmet":2,"minecraft:bow":48,"minecraft:hay_block":1,"minecraft:oak_sapling":32,"minecraft:furnace":7,"minecraft:beetroot_seeds":1,"minecraft:egg":3,"minecraft:potato":16,"minecraft:diorite":14,"minecraft:oak_planks":531,"minecraft:stone_pickaxe":141,"minecraft:jungle_fence":3,"minecraft:ender_pearl":5,"minecraft:composter":15,"minecraft:sugar_cane":15,"minecraft:jungle_boat":2,"minecraft:cookie":110,"minecraft:white_wool":7,"minecraft:sand":16,"minecraft:shears":1,"minecraft:pumpkin_seeds":13,"minecraft:melon_slice":28,"minecraft:bread":51,"minecraft:lectern":27,"minecraft:oak_pressure_plate":1,"minecraft:gravel":59,"minecraft:andesite":9,"minecraft:oak_boat":11,"minecraft:oak_fence":1,"minecraft:oak_trapdoor":8,"minecraft:bone_meal":139,"minecraft:enchanting_table":3,"minecraft:stone_sword":57,"minecraft:flint_and_steel":3,"minecraft:stone_shovel":103,"minecraft:redstone":5,"minecraft:cooked_chicken":2,"minecraft:stone_hoe":11,"minecraft:torch":288,"minecraft:dirt":228,"minecraft:hopper":6,"minecraft:granite":2,"minecraft:wooden_axe":26,"minecraft:iron_axe":504,"minecraft:oak_stairs":1,"minecraft:iron_boots":4,"minecraft:beef":4,"minecraft:soul_soil":3,"minecraft:cooked_beef":21,"minecraft:cobbled_deepslate":435,"minecraft:acacia_planks":9,"minecraft:observer":6,"minecraft:iron_leggings":2,"minecraft:wheat_seeds":88,"minecraft:cooked_mutton":12,"minecraft:acacia_boat":2,"minecraft:water_bucket":84,"minecraft:baked_potato":22,"minecraft:fletching_table":20,"minecraft:oak_slab":2,"minecraft:tnt":1,"minecraft:crafting_table":12,"minecraft:white_bed":53,"minecraft:piston":5,"minecraft:diamond_pickaxe":1499,"minecraft:iron_pickaxe":473,"minecraft:stone_axe":222,"minecraft:fishing_rod":4,"minecraft:cobblestone":247,"minecraft:porkchop":10,"minecraft:bucket":90,"minecraft:glass_pane":15,"minecraft:yellow_bed":27,"minecraft:stripped_oak_log":1,"minecraft:dandelion":1},"minecraft:custom":{"minecraft:animals_bred":3,"minecraft:interact_with_crafting_table":91,"minecraft:open_barrel":6,"minecraft:bell_ring":18,"minecraft:leave_game":25,"minecraft:time_since_death":25756,"minecraft:sprint_one_cm":2015953,"minecraft:damage_blocked_by_shield":1550,"minecraft:drop":184,"minecraft:talked_to_villager":103,"minecraft:play_time":718021,"minecraft:deaths":19,"minecraft:jump":15901,"minecraft:walk_on_water_one_cm":130128,"minecraft:enchant_item":5,"minecraft:interact_with_furnace":166,"minecraft:traded_with_villager":44,"minecraft:sleep_in_bed":14,"minecraft:damage_dealt":37089,"minecraft:player_kills":9,"minecraft:crouch_one_cm":112561,"minecraft:use_cauldron":4,"minecraft:interact_with_anvil":1,"minecraft:mob_kills":161,"minecraft:climb_one_cm":1533,"minecraft:walk_one_cm":1682823,"minecraft:sneak_time":40455,"minecraft:walk_under_water_one_cm":156331,"minecraft:boat_one_cm":308490,"minecraft:total_world_time":718021,"minecraft:time_since_rest":25781,"minecraft:damage_taken":11693,"minecraft:swim_one_cm":450836,"minecraft:fly_one_cm":2782815,"minecraft:open_chest":444,"minecraft:fall_one_cm":341939},"minecraft:dropped":{"minecraft:iron_sword":1,"minecraft:brown_mushroom":7,"minecraft:piston":2,"minecraft:soul_sand":2,"minecraft:lapis_lazuli":18,"minecraft:cooked_beef":9,"minecraft:cooked_porkchop":21,"minecraft:cookie":2,"minecraft:jungle_planks":6,"minecraft:saddle":1,"minecraft:flint":2,"minecraft:emerald":8,"minecraft:dirt":27,"minecraft:jungle_sapling":2,"minecraft:bone_meal":18,"minecraft:sand":2,"minecraft:iron_pickaxe":3,"minecraft:white_wool":1,"minecraft:bone":10,"minecraft:gravel":6,"minecraft:sugar_cane":17,"minecraft:cooked_chicken":2,"minecraft:iron_nugget":1,"minecraft:golden_chestplate":1,"minecraft:cobbled_deepslate":321,"minecraft:wheat":24,"minecraft:rotten_flesh":31,"minecraft:oak_planks":34,"minecraft:white_bed":1,"minecraft:poppy":4,"minecraft:charcoal":13,"minecraft:arrow":2,"minecraft:glass":2,"minecraft:egg":3,"minecraft:water_bucket":1,"minecraft:stone_hoe":1,"minecraft:enchanted_book":1,"minecraft:iron_ingot":9,"minecraft:bread":19,"minecraft:wheat_seeds":236,"minecraft:mossy_cobblestone":1,"minecraft:iron_helmet":1,"minecraft:feather":1,"minecraft:cobblestone":43,"minecraft:observer":1,"minecraft:grass_block":3,"minecraft:coal":34,"minecraft:golden_apple":1,"minecraft:stick":33,"minecraft:oxeye_daisy":1,"minecraft:diorite":2,"minecraft:ink_sac":1,"minecraft:wooden_axe":3,"minecraft:iron_leggings":3,"minecraft:iron_axe":3,"minecraft:paper":4,"minecraft:string":5,"minecraft:dandelion":2,"minecraft:redstone":4,"minecraft:cocoa_beans":39,"minecraft:tuff":64,"minecraft:raw_iron":33,"minecraft:stone_shovel":2,"minecraft:chicken":1,"minecraft:light_gray_wool":1,"minecraft:iron_boots":2,"minecraft:oak_sign":2,"minecraft:flint_and_steel":1,"minecraft:cobblestone_slab":8,"minecraft:hay_block":29,"minecraft:shield":2,"minecraft:iron_chestplate":3,"minecraft:oak_boat":1,"minecraft:carved_pumpkin":1,"minecraft:spider_eye":4,"minecraft:bow":2,"minecraft:stone_pickaxe":1},"minecraft:killed":{"minecraft:spider":10,"minecraft:skeleton":15,"minecraft:chicken":5,"minecraft:magma_cube":4,"minecraft:piglin":3,"minecraft:pig":11,"minecraft:iron_golem":9,"minecraft:creeper":3,"minecraft:sheep":18,"minecraft:pillager":3,"minecraft:zombie":46,"minecraft:ghast":1,"minecraft:cow":15,"minecraft:phantom":1,"minecraft:drowned":10,"minecraft:husk":1,"minecraft:squid":1,"minecraft:enderman":4},"minecraft:mined":{"minecraft:white_bed":49,"minecraft:oak_sapling":2,"minecraft:jungle_leaves":4,"minecraft:obsidian":47,"minecraft:carved_pumpkin":1,"minecraft:granite":2,"minecraft:acacia_log":5,"minecraft:grass_block":23,"minecraft:jungle_log":15,"minecraft:oak_pressure_plate":1,"minecraft:soul_soil":6,"minecraft:composter":16,"minecraft:hopper":2,"minecraft:oak_wall_sign":1,"minecraft:tall_seagrass":1,"minecraft:iron_ore":71,"minecraft:cobbled_deepslate":63,"minecraft:fire":28,"minecraft:pumpkin":29,"minecraft:fletching_table":20,"minecraft:deepslate_lapis_ore":24,"minecraft:enchanting_table":5,"minecraft:sculk_shrieker":5,"minecraft:oak_sign":1,"minecraft:dirt_path":4,"minecraft:deepslate_redstone_ore":29,"minecraft:brown_mushroom":7,"minecraft:blackstone":3,"minecraft:torch":7,"minecraft:melon":12,"minecraft:chest":12,"minecraft:cobblestone":121,"minecraft:oak_planks":121,"minecraft:sugar_cane":42,"minecraft:wall_torch":15,"minecraft:deepslate_copper_ore":5,"minecraft:seagrass":1,"minecraft:yellow_wool":6,"minecraft:birch_log":5,"minecraft:wheat":121,"minecraft:tnt":1,"minecraft:grass":66,"minecraft:oak_log":230,"minecraft:beetroots":1,"minecraft:sand":73,"minecraft:dirt":68,"minecraft:piston":5,"minecraft:oak_leaves":8,"minecraft:deepslate":830,"minecraft:attached_pumpkin_stem":2,"minecraft:tuff":237,"minecraft:deepslate_diamond_ore":9,"minecraft:jungle_planks":4,"minecraft:redstone_wire":5,"minecraft:cartography_table":1,"minecraft:hay_block":64,"minecraft:oak_trapdoor":3,"minecraft:furnace":7,"minecraft:carrots":31,"minecraft:andesite":11,"minecraft:gold_block":3,"minecraft:bell":1,"minecraft:potatoes":22,"minecraft:vine":2,"minecraft:deepslate_iron_ore":38,"minecraft:cobblestone_slab":6,"minecraft:stripped_oak_log":36,"minecraft:stone":344,"minecraft:bone_block":28,"minecraft:white_wool":40,"minecraft:glass_pane":15,"minecraft:soul_sand":39,"minecraft:observer":6,"minecraft:oak_fence":4,"minecraft:crafting_table":3,"minecraft:emerald_ore":1,"minecraft:lectern":26,"minecraft:copper_ore":6,"minecraft:tall_grass":4,"minecraft:deepslate_gold_ore":36,"minecraft:lapis_ore":3,"minecraft:sculk":34,"minecraft:diorite":41,"minecraft:yellow_bed":25,"minecraft:coal_ore":59,"minecraft:cocoa":11,"minecraft:gravel":80,"minecraft:gold_ore":5,"minecraft:fern":2},"minecraft:killed_by":{"minecraft:creeper":4,"minecraft:piglin":1,"minecraft:zombie":3,"minecraft:player":5,"minecraft:enderman":1,"minecraft:iron_golem":2,"minecraft:skeleton":1},"minecraft:picked_up":{"minecraft:iron_chestplate":16,"minecraft:wheat":154,"minecraft:redstone_block":55,"minecraft:yellow_wool":6,"minecraft:lead":4,"minecraft:nether_brick":10,"minecraft:lapis_block":76,"minecraft:string":103,"minecraft:soul_soil":9,"minecraft:raw_copper":48,"minecraft:iron_leggings":10,"minecraft:oak_sign":5,"minecraft:beetroot":4,"minecraft:diamond_leggings":5,"minecraft:gold_nugget":2,"minecraft:cobbled_deepslate":1883,"minecraft:bucket":6,"minecraft:cobblestone_slab":20,"minecraft:iron_pickaxe":13,"minecraft:enchanted_golden_apple":2,"minecraft:melon_slice":138,"minecraft:furnace":7,"minecraft:iron_boots":15,"minecraft:stick":116,"minecraft:composter":16,"minecraft:oak_fence":1,"minecraft:torch":163,"minecraft:acacia_log":5,"minecraft:porkchop":27,"minecraft:diorite":43,"minecraft:goat_horn":2,"minecraft:cactus":15,"minecraft:rotten_flesh":122,"minecraft:carved_pumpkin":1,"minecraft:obsidian":162,"minecraft:cobblestone":860,"minecraft:birch_log":5,"minecraft:enchanting_table":11,"minecraft:feather":9,"minecraft:cooked_beef":21,"minecraft:andesite":10,"minecraft:water_bucket":14,"minecraft:jungle_log":25,"minecraft:potato":169,"minecraft:flint":12,"minecraft:tuff":489,"minecraft:acacia_boat":2,"minecraft:map":4,"minecraft:lapis_lazuli":203,"minecraft:dirt":835,"minecraft:leather_boots":1,"minecraft:bone":141,"minecraft:glass":3,"minecraft:bow":11,"minecraft:wheat_seeds":533,"minecraft:raw_gold":52,"minecraft:bell":1,"minecraft:fletching_table":24,"minecraft:diamond_helmet":4,"minecraft:stone_hoe":3,"minecraft:oak_planks":482,"minecraft:cooked_porkchop":12,"minecraft:oak_pressure_plate":1,"minecraft:sand":89,"minecraft:jungle_planks":22,"minecraft:ink_sac":3,"minecraft:grass_block":8,"minecraft:mossy_cobblestone":3,"minecraft:diamond":20,"minecraft:granite":2,"minecraft:bone_meal":3,"minecraft:golden_apple":3,"minecraft:emerald":55,"minecraft:golden_horse_armor":2,"minecraft:bread":40,"minecraft:oak_sapling":69,"minecraft:netherrack":20,"minecraft:diamond_pickaxe":10,"minecraft:charcoal":37,"minecraft:fishing_rod":2,"minecraft:cocoa_beans":110,"minecraft:crafting_table":4,"minecraft:chicken":5,"minecraft:brown_mushroom":7,"minecraft:wooden_pickaxe":1,"minecraft:gold_block":26,"minecraft:diamond_horse_armor":4,"minecraft:shield":16,"minecraft:oak_trapdoor":3,"minecraft:iron_axe":13,"minecraft:wooden_sword":1,"minecraft:flint_and_steel":7,"minecraft:white_carpet":3,"minecraft:blackstone":3,"minecraft:cartography_table":1,"minecraft:beef":50,"minecraft:oak_boat":13,"minecraft:observer":7,"minecraft:jungle_sapling":4,"minecraft:iron_nugget":52,"minecraft:poppy":19,"minecraft:light_gray_wool":2,"minecraft:lectern":26,"minecraft:sugar_cane":288,"minecraft:chest":36,"minecraft:birch_sapling":1,"minecraft:piston":5,"minecraft:phantom_membrane":1,"minecraft:egg":105,"minecraft:raw_iron":300,"minecraft:stone":6,"minecraft:fire_charge":4,"minecraft:cookie":141,"minecraft:carrot":125,"minecraft:redstone":139,"minecraft:dark_oak_planks":173,"minecraft:tnt":19,"minecraft:arrow":161,"minecraft:stone_shovel":5,"minecraft:beetroot_seeds":11,"minecraft:golden_hoe":7,"minecraft:shears":3,"minecraft:hay_block":139,"minecraft:saddle":4,"minecraft:gold_ingot":132,"minecraft:mutton":24,"minecraft:bone_block":78,"minecraft:white_wool":72,"minecraft:oxeye_daisy":2,"minecraft:stripped_oak_log":52,"minecraft:jungle_boat":1,"minecraft:glow_ink_sac":6,"minecraft:leather":83,"minecraft:oak_log":329,"minecraft:yellow_bed":25,"minecraft:gunpowder":42,"minecraft:paper":4,"minecraft:apple":18,"minecraft:iron_ingot":191,"minecraft:stone_pickaxe":2,"minecraft:cooked_chicken":2,"minecraft:iron_sword":15,"minecraft:soul_sand":71,"minecraft:book":3,"minecraft:oak_slab":2,"minecraft:pumpkin":29,"minecraft:dandelion":3,"minecraft:gravel":148,"minecraft:lava_bucket":4,"minecraft:white_bed":51,"minecraft:spider_eye":5,"minecraft:pumpkin_seeds":4,"minecraft:slime_ball":30,"minecraft:stone_axe":7,"minecraft:iron_helmet":10,"minecraft:baked_potato":45,"minecraft:black_wool":1,"minecraft:coal":399,"minecraft:hopper":3,"minecraft:ender_pearl":13}},"DataVersion":3105}