{"stats":{"minecraft:killed_by":{"minecraft:skeleton":1,"minecraft:witch":3},"minecraft:crafted":{"minecraft:cooked_beef":5,"minecraft:oak_planks":20,"minecraft:crafting_table":1,"minecraft:stick":8,"minecraft:stone_pickaxe":2,"minecraft:stone_axe":1,"minecraft:air":0},"minecraft:picked_up":{"minecraft:crafting_table":1,"minecraft:leather":2,"minecraft:wooden_pickaxe":1,"minecraft:sand":1,"minecraft:oak_log":18,"minecraft:ink_sac":1,"minecraft:dirt":12,"minecraft:rotten_flesh":2,"minecraft:wheat_seeds":1,"minecraft:beef":2,"minecraft:oak_sapling":3,"minecraft:melon_slice":18,"minecraft:sugar_cane":1,"minecraft:oak_planks":11,"minecraft:cobblestone":15,"minecraft:furnace":1},"minecraft:killed":{"minecraft:zombie":3,"minecraft:cow":1},"minecraft:used":{"minecraft:melon_slice":13,"minecraft:stone_pickaxe":9,"minecraft:wooden_pickaxe":8,"minecraft:rotten_flesh":1,"minecraft:stone_axe":27,"minecraft:dirt":4,"minecraft:crafting_table":1,"minecraft:cooked_beef":3},"minecraft:custom":{"minecraft:time_since_rest":15829,"minecraft:interact_with_furnace":4,"minecraft:sprint_one_cm":71918,"minecraft:damage_taken":1417,"minecraft:walk_one_cm":73315,"minecraft:mob_kills":4,"minecraft:drop":8,"minecraft:damage_dealt":1314,"minecraft:swim_one_cm":13356,"minecraft:interact_with_crafting_table":4,"minecraft:player_kills":2,"minecraft:fly_one_cm":149975,"minecraft:crouch_one_cm":381,"minecraft:play_time":37243,"minecraft:deaths":4,"minecraft:sneak_time":371,"minecraft:walk_under_water_one_cm":2701,"minecraft:jump":913,"minecraft:leave_game":2,"minecraft:walk_on_water_one_cm":7338,"minecraft:time_since_death":15795,"minecraft:total_world_time":37243,"minecraft:fall_one_cm":30261},"minecraft:mined":{"minecraft:seagrass":2,"minecraft:tall_seagrass":1,"minecraft:furnace":1,"minecraft:crafting_table":1,"minecraft:grass":5,"minecraft:oak_log":18,"minecraft:dead_bush":1,"minecraft:sand":1,"minecraft:stone":8,"minecraft:oak_leaves":5,"minecraft:fern":1},"minecraft:dropped":{"minecraft:melon_slice":5,"minecraft:oak_planks":5,"minecraft:stone_pickaxe":1,"minecraft:wooden_pickaxe":1}},"DataVersion":3105}