{"stats":{"minecraft:broken":{"minecraft:stone_pickaxe":18,"minecraft:stone_axe":12,"minecraft:stone_shovel":22,"minecraft:stone_sword":1,"minecraft:shield":1,"minecraft:iron_pickaxe":1,"minecraft:iron_helmet":1},"minecraft:killed":{"minecraft:spider":11,"minecraft:skeleton":23,"minecraft:salmon":23,"minecraft:creeper":4,"minecraft:zombie":45,"minecraft:cow":2,"minecraft:slime":14,"minecraft:drowned":10,"minecraft:husk":3,"minecraft:enderman":2},"minecraft:custom":{"minecraft:animals_bred":2,"minecraft:interact_with_crafting_table":171,"minecraft:leave_game":20,"minecraft:time_since_death":399703,"minecraft:sprint_one_cm":1438306,"minecraft:damage_blocked_by_shield":4400,"minecraft:drop":69,"minecraft:talked_to_villager":12,"minecraft:play_time":808726,"minecraft:deaths":11,"minecraft:jump":14599,"minecraft:walk_on_water_one_cm":219083,"minecraft:enchant_item":5,"minecraft:interact_with_furnace":122,"minecraft:traded_with_villager":1,"minecraft:sleep_in_bed":23,"minecraft:damage_dealt":22163,"minecraft:player_kills":5,"minecraft:crouch_one_cm":131570,"minecraft:mob_kills":139,"minecraft:interact_with_campfire":10,"minecraft:climb_one_cm":24290,"minecraft:walk_one_cm":2917418,"minecraft:sneak_time":38947,"minecraft:walk_under_water_one_cm":147197,"minecraft:boat_one_cm":431509,"minecraft:total_world_time":808726,"minecraft:time_since_rest":76407,"minecraft:damage_taken":7887,"minecraft:swim_one_cm":367086,"minecraft:fly_one_cm":1886154,"minecraft:open_chest":283,"minecraft:fall_one_cm":326156},"minecraft:dropped":{"minecraft:iron_sword":1,"minecraft:lapis_lazuli":2,"minecraft:cooked_beef":9,"minecraft:oak_log":46,"minecraft:diamond":3,"minecraft:cooked_porkchop":4,"minecraft:cookie":75,"minecraft:leather":14,"minecraft:birch_slab":1,"minecraft:dirt":1,"minecraft:birch_fence":1,"minecraft:amethyst_shard":4,"minecraft:bone_meal":3,"minecraft:birch_stairs":3,"minecraft:bone":16,"minecraft:stone_axe":1,"minecraft:sugar_cane":3,"minecraft:rotten_flesh":15,"minecraft:oak_planks":50,"minecraft:white_bed":1,"minecraft:chest":2,"minecraft:beef":1,"minecraft:iron_ingot":1,"minecraft:oak_slab":8,"minecraft:wheat_seeds":48,"minecraft:apple":4,"minecraft:stick":7,"minecraft:ink_sac":2,"minecraft:torch":8,"minecraft:wooden_axe":2,"minecraft:melon_slice":5,"minecraft:redstone":8,"minecraft:cocoa_beans":39,"minecraft:clay_ball":2,"minecraft:bow":1,"minecraft:stone_pickaxe":2,"minecraft:wooden_pickaxe":1},"minecraft:picked_up":{"minecraft:wooden_axe":2,"minecraft:iron_chestplate":4,"minecraft:wheat":15,"minecraft:oak_stairs":10,"minecraft:lapis_block":19,"minecraft:string":16,"minecraft:raw_copper":7,"minecraft:cooked_salmon":10,"minecraft:iron_leggings":4,"minecraft:oak_sign":1,"minecraft:cobbled_deepslate":317,"minecraft:bucket":3,"minecraft:rose_bush":10,"minecraft:iron_pickaxe":4,"minecraft:melon_slice":55,"minecraft:iron_boots":4,"minecraft:furnace":3,"minecraft:stick":235,"minecraft:oak_fence":3,"minecraft:torch":15,"minecraft:acacia_log":3,"minecraft:diorite":72,"minecraft:stone_sword":1,"minecraft:cactus":4,"minecraft:rotten_flesh":100,"minecraft:cobblestone":2802,"minecraft:birch_log":210,"minecraft:magma_block":1,"minecraft:cooked_beef":11,"minecraft:feather":3,"minecraft:birch_slab":7,"minecraft:jungle_log":12,"minecraft:potato":27,"minecraft:flint":11,"minecraft:tuff":27,"minecraft:acacia_boat":2,"minecraft:lapis_lazuli":13,"minecraft:dirt":2968,"minecraft:bone":44,"minecraft:bow":8,"minecraft:wheat_seeds":225,"minecraft:raw_gold":2,"minecraft:bell":1,"minecraft:stone_hoe":4,"minecraft:oak_planks":203,"minecraft:cooked_porkchop":14,"minecraft:sand":62,"minecraft:ink_sac":7,"minecraft:grass_block":1,"minecraft:chiseled_sandstone":1,"minecraft:diamond":3,"minecraft:bone_meal":18,"minecraft:golden_horse_armor":1,"minecraft:bread":7,"minecraft:oak_sapling":292,"minecraft:cocoa_beans":96,"minecraft:crafting_table":21,"minecraft:chicken":1,"minecraft:clay_ball":2,"minecraft:wooden_pickaxe":1,"minecraft:shield":2,"minecraft:oak_trapdoor":2,"minecraft:birch_fence":1,"minecraft:iron_shovel":3,"minecraft:beef":4,"minecraft:oak_boat":2,"minecraft:jungle_sapling":3,"minecraft:light_gray_wool":1,"minecraft:chest":6,"minecraft:sugar_cane":76,"minecraft:birch_sapling":44,"minecraft:egg":30,"minecraft:raw_iron":111,"minecraft:sandstone":47,"minecraft:oak_door":4,"minecraft:copper_ingot":1,"minecraft:stone_button":1,"minecraft:carrot":4,"minecraft:redstone":27,"minecraft:stone_pressure_plate":1,"minecraft:tnt":10,"minecraft:arrow":40,"minecraft:shears":1,"minecraft:hay_block":22,"minecraft:saddle":1,"minecraft:gold_ingot":15,"minecraft:white_wool":5,"minecraft:glow_ink_sac":6,"minecraft:salmon":22,"minecraft:cut_sandstone":10,"minecraft:leather":16,"minecraft:birch_planks":3,"minecraft:oak_log":959,"minecraft:yellow_bed":1,"minecraft:gunpowder":5,"minecraft:orange_terracotta":1,"minecraft:apple":47,"minecraft:iron_ingot":13,"minecraft:stone_pickaxe":4,"minecraft:iron_sword":1,"minecraft:oak_slab":8,"minecraft:gravel":79,"minecraft:lava_bucket":1,"minecraft:birch_stairs":4,"minecraft:amethyst_shard":20,"minecraft:white_bed":3,"minecraft:spider_eye":14,"minecraft:slime_ball":10,"minecraft:stone_axe":1,"minecraft:iron_helmet":4,"minecraft:baked_potato":1,"minecraft:melon_seeds":1,"minecraft:coal":273},"minecraft:mined":{"minecraft:stone_pressure_plate":1,"minecraft:white_bed":2,"minecraft:oak_sapling":2,"minecraft:farmland":4,"minecraft:sculk_vein":1,"minecraft:jungle_leaves":3,"minecraft:acacia_log":3,"minecraft:grass_block":1708,"minecraft:jungle_log":12,"minecraft:polished_diorite":1,"minecraft:oak_wall_sign":1,"minecraft:tall_seagrass":4,"minecraft:magma_block":1,"minecraft:iron_ore":104,"minecraft:dirt_path":1,"minecraft:oak_stairs":10,"minecraft:cut_sandstone":10,"minecraft:melon_stem":2,"minecraft:amethyst_cluster":1,"minecraft:orange_terracotta":1,"minecraft:torch":3,"minecraft:melon":7,"minecraft:chest":4,"minecraft:dead_bush":3,"minecraft:cobblestone":120,"minecraft:sugar_cane":39,"minecraft:oak_planks":50,"minecraft:wall_torch":2,"minecraft:seagrass":7,"minecraft:birch_log":211,"minecraft:lapis_block":1,"minecraft:wheat":7,"minecraft:tnt":10,"minecraft:grass":648,"minecraft:oak_log":932,"minecraft:sand":59,"minecraft:dirt":1228,"minecraft:oak_leaves":440,"minecraft:deepslate":134,"minecraft:tuff":27,"minecraft:deepslate_diamond_ore":3,"minecraft:oak_door":1,"minecraft:glow_lichen":1,"minecraft:stone_button":1,"minecraft:birch_slab":6,"minecraft:sandstone":47,"minecraft:hay_block":10,"minecraft:oak_trapdoor":2,"minecraft:furnace":3,"minecraft:carrots":1,"minecraft:chiseled_sandstone":1,"minecraft:potatoes":1,"minecraft:deepslate_iron_ore":4,"minecraft:stone":2568,"minecraft:birch_stairs":1,"minecraft:glass_pane":12,"minecraft:oak_fence":3,"minecraft:crafting_table":17,"minecraft:rose_bush":7,"minecraft:tall_grass":45,"minecraft:copper_ore":1,"minecraft:deepslate_gold_ore":2,"minecraft:sculk":33,"minecraft:diorite":73,"minecraft:birch_planks":3,"minecraft:cactus":4,"minecraft:birch_leaves":31,"minecraft:yellow_bed":1,"minecraft:coal_ore":259,"minecraft:cocoa":19,"minecraft:gravel":86,"minecraft:fern":12},"minecraft:killed_by":{"minecraft:drowned":1,"minecraft:witch":3,"minecraft:zombie":1,"minecraft:player":1,"minecraft:spider":1,"minecraft:skeleton":4},"minecraft:crafted":{"minecraft:oak_planks":640,"minecraft:cobblestone_slab":48,"minecraft:oak_sign":3,"minecraft:cooked_chicken":2,"minecraft:birch_slab":12,"minecraft:stone":42,"minecraft:cobblestone_stairs":24,"minecraft:glass":33,"minecraft:diamond_helmet":1,"minecraft:diamond_leggings":1,"minecraft:iron_boots":1,"minecraft:melon_seeds":1,"minecraft:chest":20,"minecraft:oak_button":1,"minecraft:stone_hoe":1,"minecraft:oak_fence":9,"minecraft:oak_slab":6,"minecraft:emerald":1,"minecraft:crafting_table":11,"minecraft:campfire":2,"minecraft:birch_planks":36,"minecraft:iron_chestplate":1,"minecraft:shield":1,"minecraft:birch_fence":3,"minecraft:stick":116,"minecraft:iron_ingot":34,"minecraft:iron_pickaxe":2,"minecraft:gold_ingot":4,"minecraft:birch_stairs":8,"minecraft:cookie":152,"minecraft:oak_door":3,"minecraft:stone_shovel":24,"minecraft:furnace":7,"minecraft:stone_button":8,"minecraft:bone_meal":18,"minecraft:oak_trapdoor":6,"minecraft:glass_pane":80,"minecraft:ladder":6,"minecraft:stone_pickaxe":25,"minecraft:wheat":45,"minecraft:cooked_beef":5,"minecraft:iron_sword":1,"minecraft:cooked_salmon":9,"minecraft:bucket":5,"minecraft:stone_axe":14,"minecraft:acacia_boat":1,"minecraft:air":0,"minecraft:oak_boat":4,"minecraft:wooden_axe":2,"minecraft:oak_stairs":40,"minecraft:iron_shovel":1,"minecraft:acacia_planks":12,"minecraft:torch":160},"minecraft:used":{"minecraft:iron_shovel":94,"minecraft:ladder":5,"minecraft:oak_sign":4,"minecraft:chest":24,"minecraft:shield":108,"minecraft:stone":31,"minecraft:iron_sword":87,"minecraft:rotten_flesh":105,"minecraft:iron_chestplate":6,"minecraft:cocoa_beans":23,"minecraft:carrot":4,"minecraft:tuff":13,"minecraft:jungle_sapling":3,"minecraft:lava_bucket":10,"minecraft:iron_helmet":2,"minecraft:bow":9,"minecraft:hay_block":2,"minecraft:furnace":10,"minecraft:oak_sapling":4,"minecraft:egg":10,"minecraft:potato":4,"minecraft:diorite":10,"minecraft:stone_pickaxe":3056,"minecraft:oak_planks":287,"minecraft:wooden_pickaxe":8,"minecraft:sugar_cane":12,"minecraft:cookie":77,"minecraft:white_wool":1,"minecraft:golden_hoe":1,"minecraft:sand":9,"minecraft:birch_fence":2,"minecraft:melon_slice":49,"minecraft:birch_slab":16,"minecraft:bread":6,"minecraft:stone_button":9,"minecraft:gravel":6,"minecraft:fire_charge":1,"minecraft:oak_boat":5,"minecraft:bone_meal":18,"minecraft:oak_fence":9,"minecraft:oak_trapdoor":8,"minecraft:stone_sword":78,"minecraft:stone_shovel":2910,"minecraft:cooked_salmon":19,"minecraft:stone_hoe":114,"minecraft:cooked_chicken":2,"minecraft:oak_door":7,"minecraft:torch":158,"minecraft:dirt":159,"minecraft:diamond_helmet":2,"minecraft:wooden_axe":30,"minecraft:oak_stairs":43,"minecraft:jungle_log":2,"minecraft:iron_boots":3,"minecraft:melon_seeds":6,"minecraft:stone_pressure_plate":1,"minecraft:cooked_beef":7,"minecraft:cobbled_deepslate":21,"minecraft:iron_leggings":5,"minecraft:wheat_seeds":29,"minecraft:acacia_boat":3,"minecraft:water_bucket":4,"minecraft:cobblestone_stairs":7,"minecraft:birch_planks":3,"minecraft:baked_potato":1,"minecraft:cobblestone_slab":32,"minecraft:oak_slab":2,"minecraft:tnt":1,"minecraft:crafting_table":27,"minecraft:white_bed":2,"minecraft:campfire":2,"minecraft:oak_log":1,"minecraft:apple":26,"minecraft:oak_button":1,"minecraft:iron_pickaxe":336,"minecraft:stone_axe":1475,"minecraft:cobblestone":920,"minecraft:cooked_porkchop":10,"minecraft:bucket":18,"minecraft:glass_pane":65,"minecraft:yellow_bed":1,"minecraft:diamond_leggings":2,"minecraft:birch_stairs":6}},"DataVersion":3105}