{"stats":{"minecraft:mined":{"minecraft:tuff":27,"minecraft:stone_pressure_plate":1,"minecraft:white_bed":2,"minecraft:farmland":4,"minecraft:deepslate_diamond_ore":3,"minecraft:sculk_vein":1,"minecraft:jungle_leaves":3,"minecraft:glow_lichen":1,"minecraft:acacia_log":3,"minecraft:grass_block":73,"minecraft:jungle_log":12,"minecraft:polished_diorite":1,"minecraft:sandstone":47,"minecraft:hay_block":10,"minecraft:tall_seagrass":2,"minecraft:furnace":3,"minecraft:iron_ore":76,"minecraft:chiseled_sandstone":1,"minecraft:deepslate_iron_ore":4,"minecraft:oak_stairs":1,"minecraft:stone":146,"minecraft:cut_sandstone":10,"minecraft:melon_stem":2,"minecraft:amethyst_cluster":1,"minecraft:orange_terracotta":1,"minecraft:crafting_table":14,"minecraft:melon":7,"minecraft:chest":2,"minecraft:dead_bush":3,"minecraft:copper_ore":1,"minecraft:tall_grass":43,"minecraft:cobblestone":3,"minecraft:deepslate_gold_ore":2,"minecraft:oak_planks":9,"minecraft:sugar_cane":39,"minecraft:sculk":33,"minecraft:diorite":5,"minecraft:wall_torch":2,"minecraft:seagrass":4,"minecraft:cactus":4,"minecraft:wheat":6,"minecraft:tnt":10,"minecraft:grass":578,"minecraft:oak_log":96,"minecraft:coal_ore":114,"minecraft:cocoa":19,"minecraft:dirt":32,"minecraft:sand":26,"minecraft:oak_leaves":63,"minecraft:deepslate":134,"minecraft:fern":12},"minecraft:broken":{"minecraft:stone_sword":1,"minecraft:stone_pickaxe":2,"minecraft:shield":1,"minecraft:stone_axe":3},"minecraft:dropped":{"minecraft:iron_ingot":1,"minecraft:iron_sword":1,"minecraft:wheat_seeds":47,"minecraft:lapis_lazuli":2,"minecraft:cooked_beef":9,"minecraft:diamond":3,"minecraft:cooked_porkchop":4,"minecraft:cookie":75,"minecraft:leather":14,"minecraft:stick":7,"minecraft:dirt":1,"minecraft:ink_sac":1,"minecraft:torch":8,"minecraft:wooden_axe":2,"minecraft:melon_slice":5,"minecraft:bone_meal":3,"minecraft:amethyst_shard":4,"minecraft:redstone":8,"minecraft:bone":16,"minecraft:stone_axe":1,"minecraft:sugar_cane":3,"minecraft:cocoa_beans":39,"minecraft:rotten_flesh":15,"minecraft:clay_ball":2,"minecraft:oak_planks":47,"minecraft:white_bed":1,"minecraft:chest":2,"minecraft:bow":1,"minecraft:beef":1,"minecraft:stone_pickaxe":2,"minecraft:wooden_pickaxe":1},"minecraft:picked_up":{"minecraft:wooden_axe":2,"minecraft:cocoa_beans":96,"minecraft:crafting_table":18,"minecraft:iron_chestplate":4,"minecraft:wheat":14,"minecraft:chicken":1,"minecraft:clay_ball":2,"minecraft:wooden_pickaxe":1,"minecraft:oak_stairs":1,"minecraft:shield":2,"minecraft:string":16,"minecraft:raw_copper":7,"minecraft:iron_leggings":4,"minecraft:iron_shovel":3,"minecraft:cobbled_deepslate":294,"minecraft:bucket":3,"minecraft:beef":4,"minecraft:oak_boat":2,"minecraft:jungle_sapling":3,"minecraft:iron_pickaxe":4,"minecraft:light_gray_wool":1,"minecraft:melon_slice":55,"minecraft:sugar_cane":76,"minecraft:chest":4,"minecraft:furnace":3,"minecraft:iron_boots":4,"minecraft:egg":15,"minecraft:stick":38,"minecraft:raw_iron":83,"minecraft:sandstone":47,"minecraft:torch":7,"minecraft:acacia_log":3,"minecraft:diorite":4,"minecraft:redstone":27,"minecraft:stone_pressure_plate":1,"minecraft:tnt":10,"minecraft:stone_sword":1,"minecraft:arrow":38,"minecraft:cactus":4,"minecraft:rotten_flesh":71,"minecraft:shears":1,"minecraft:hay_block":22,"minecraft:gold_ingot":15,"minecraft:white_wool":5,"minecraft:cobblestone":220,"minecraft:feather":3,"minecraft:cooked_beef":9,"minecraft:glow_ink_sac":6,"minecraft:jungle_log":12,"minecraft:cut_sandstone":10,"minecraft:leather":16,"minecraft:tuff":27,"minecraft:oak_log":95,"minecraft:gunpowder":2,"minecraft:acacia_boat":2,"minecraft:lapis_lazuli":13,"minecraft:dirt":164,"minecraft:orange_terracotta":1,"minecraft:bone":38,"minecraft:apple":4,"minecraft:bow":8,"minecraft:wheat_seeds":207,"minecraft:raw_gold":2,"minecraft:iron_ingot":13,"minecraft:stone_pickaxe":4,"minecraft:stone_hoe":4,"minecraft:iron_sword":1,"minecraft:oak_planks":75,"minecraft:cooked_porkchop":14,"minecraft:gravel":4,"minecraft:sand":29,"minecraft:amethyst_shard":20,"minecraft:ink_sac":4,"minecraft:white_bed":3,"minecraft:chiseled_sandstone":1,"minecraft:spider_eye":9,"minecraft:slime_ball":10,"minecraft:diamond":3,"minecraft:stone_axe":1,"minecraft:iron_helmet":4,"minecraft:bone_meal":18,"minecraft:bread":7,"minecraft:baked_potato":1,"minecraft:oak_sapling":14,"minecraft:melon_seeds":1,"minecraft:coal":131},"minecraft:used":{"minecraft:stone_sword":78,"minecraft:iron_shovel":94,"minecraft:chest":6,"minecraft:shield":108,"minecraft:iron_sword":78,"minecraft:cooked_chicken":2,"minecraft:rotten_flesh":77,"minecraft:stone_hoe":31,"minecraft:iron_chestplate":5,"minecraft:torch":95,"minecraft:dirt":75,"minecraft:cocoa_beans":23,"minecraft:diamond_helmet":2,"minecraft:tuff":13,"minecraft:wooden_axe":6,"minecraft:jungle_sapling":3,"minecraft:lava_bucket":10,"minecraft:jungle_log":2,"minecraft:iron_helmet":1,"minecraft:iron_boots":3,"minecraft:melon_seeds":6,"minecraft:bow":6,"minecraft:hay_block":2,"minecraft:oak_sapling":4,"minecraft:furnace":3,"minecraft:egg":1,"minecraft:stone_pressure_plate":1,"minecraft:cooked_beef":5,"minecraft:cobbled_deepslate":21,"minecraft:iron_leggings":4,"minecraft:wheat_seeds":13,"minecraft:water_bucket":1,"minecraft:acacia_boat":3,"minecraft:diorite":3,"minecraft:stone_pickaxe":488,"minecraft:baked_potato":1,"minecraft:wooden_pickaxe":8,"minecraft:sugar_cane":12,"minecraft:cookie":77,"minecraft:white_wool":1,"minecraft:sand":9,"minecraft:golden_hoe":1,"minecraft:tnt":1,"minecraft:crafting_table":18,"minecraft:white_bed":2,"minecraft:apple":9,"minecraft:melon_slice":49,"minecraft:bread":6,"minecraft:iron_pickaxe":108,"minecraft:stone_axe":250,"minecraft:cobblestone":10,"minecraft:cooked_porkchop":10,"minecraft:bucket":15,"minecraft:oak_boat":3,"minecraft:diamond_leggings":2,"minecraft:bone_meal":18},"minecraft:custom":{"minecraft:mob_kills":90,"minecraft:animals_bred":2,"minecraft:interact_with_crafting_table":68,"minecraft:leave_game":13,"minecraft:time_since_death":58227,"minecraft:climb_one_cm":9578,"minecraft:sprint_one_cm":1003573,"minecraft:walk_one_cm":1019402,"minecraft:damage_blocked_by_shield":4400,"minecraft:drop":54,"minecraft:talked_to_villager":11,"minecraft:play_time":378429,"minecraft:sneak_time":11169,"minecraft:deaths":10,"minecraft:walk_under_water_one_cm":43682,"minecraft:boat_one_cm":281460,"minecraft:jump":9344,"minecraft:walk_on_water_one_cm":86005,"minecraft:enchant_item":5,"minecraft:total_world_time":378429,"minecraft:interact_with_furnace":67,"minecraft:traded_with_villager":1,"minecraft:sleep_in_bed":7,"minecraft:time_since_rest":58374,"minecraft:damage_taken":5873,"minecraft:damage_dealt":15330,"minecraft:player_kills":2,"minecraft:swim_one_cm":166444,"minecraft:fly_one_cm":1336371,"minecraft:open_chest":144,"minecraft:crouch_one_cm":34599,"minecraft:fall_one_cm":237856},"minecraft:killed":{"minecraft:spider":9,"minecraft:slime":14,"minecraft:skeleton":17,"minecraft:drowned":1,"minecraft:husk":3,"minecraft:creeper":1,"minecraft:zombie":39,"minecraft:enderman":2,"minecraft:cow":2},"minecraft:crafted":{"minecraft:cookie":152,"minecraft:oak_planks":128,"minecraft:cooked_chicken":2,"minecraft:bone_meal":18,"minecraft:diamond_helmet":1,"minecraft:diamond_leggings":1,"minecraft:iron_boots":1,"minecraft:melon_seeds":1,"minecraft:stone_pickaxe":4,"minecraft:chest":4,"minecraft:stone_hoe":1,"minecraft:wheat":45,"minecraft:cooked_beef":5,"minecraft:emerald":1,"minecraft:crafting_table":6,"minecraft:iron_sword":1,"minecraft:bucket":4,"minecraft:stone_axe":3,"minecraft:acacia_boat":1,"minecraft:air":0,"minecraft:oak_boat":2,"minecraft:iron_chestplate":1,"minecraft:shield":1,"minecraft:stick":52,"minecraft:iron_ingot":12,"minecraft:iron_pickaxe":1,"minecraft:wooden_axe":1,"minecraft:iron_shovel":1,"minecraft:gold_ingot":4,"minecraft:acacia_planks":12,"minecraft:torch":96},"minecraft:killed_by":{"minecraft:spider":1,"minecraft:drowned":1,"minecraft:skeleton":4,"minecraft:witch":3,"minecraft:zombie":1}},"DataVersion":3105}