{"stats":{"minecraft:killed_by":{"minecraft:creeper":1,"minecraft:drowned":1,"minecraft:witch":3,"minecraft:zombie":6,"minecraft:player":11,"minecraft:spider":1,"minecraft:enderman":1,"minecraft:iron_golem":1,"minecraft:skeleton":6},"minecraft:picked_up":{"minecraft:wooden_axe":2,"minecraft:iron_chestplate":8,"minecraft:wheat":47,"minecraft:oak_stairs":10,"minecraft:golden_sword":4,"minecraft:lapis_block":19,"minecraft:polished_blackstone_brick_stairs":1,"minecraft:string":69,"minecraft:soul_soil":46,"minecraft:raw_copper":63,"minecraft:cooked_salmon":10,"minecraft:iron_leggings":9,"minecraft:oak_sign":1,"minecraft:gold_nugget":6,"minecraft:cobbled_deepslate":1461,"minecraft:bucket":7,"minecraft:rose_bush":10,"minecraft:cobblestone_slab":16,"minecraft:iron_pickaxe":6,"minecraft:melon_slice":332,"minecraft:iron_boots":8,"minecraft:furnace":3,"minecraft:stick":334,"minecraft:oak_fence":5,"minecraft:torch":96,"minecraft:acacia_log":3,"minecraft:diorite":121,"minecraft:stone_sword":2,"minecraft:cactus":9,"minecraft:rotten_flesh":207,"minecraft:polished_basalt":1,"minecraft:cobblestone":5268,"minecraft:nautilus_shell":4,"minecraft:birch_log":210,"minecraft:magma_block":1,"minecraft:feather":5,"minecraft:cooked_beef":20,"minecraft:magma_cream":8,"minecraft:birch_slab":11,"minecraft:water_bucket":1,"minecraft:andesite":41,"minecraft:jungle_log":472,"minecraft:potato":89,"minecraft:flint":25,"minecraft:tuff":153,"minecraft:acacia_boat":2,"minecraft:lapis_lazuli":18,"minecraft:dirt":7038,"minecraft:glass":22,"minecraft:bone":79,"minecraft:acacia_planks":2,"minecraft:bow":12,"minecraft:wheat_seeds":353,"minecraft:raw_gold":2,"minecraft:bell":2,"minecraft:bamboo":33,"minecraft:stone_hoe":5,"minecraft:oak_planks":267,"minecraft:cooked_porkchop":14,"minecraft:oak_pressure_plate":2,"minecraft:poisonous_potato":1,"minecraft:sand":197,"minecraft:jungle_planks":18,"minecraft:ink_sac":7,"minecraft:grass_block":2,"minecraft:spectral_arrow":20,"minecraft:chiseled_sandstone":1,"minecraft:diamond":6,"minecraft:cracked_polished_blackstone_bricks":9,"minecraft:crossbow":2,"minecraft:granite":48,"minecraft:bone_meal":20,"minecraft:golden_horse_armor":1,"minecraft:bread":7,"minecraft:oak_sapling":368,"minecraft:netherrack":946,"minecraft:diamond_pickaxe":1,"minecraft:cocoa_beans":178,"minecraft:crafting_table":24,"minecraft:chicken":1,"minecraft:clay_ball":66,"minecraft:leather_leggings":1,"minecraft:brown_mushroom":15,"minecraft:wooden_pickaxe":2,"minecraft:gold_block":6,"minecraft:shield":4,"minecraft:oak_trapdoor":18,"minecraft:iron_axe":4,"minecraft:iron_shovel":3,"minecraft:birch_fence":1,"minecraft:blackstone":31,"minecraft:glass_pane":15,"minecraft:beef":4,"minecraft:oak_boat":2,"minecraft:jungle_sapling":37,"minecraft:light_gray_wool":1,"minecraft:sugar_cane":111,"minecraft:chest":7,"minecraft:birch_sapling":44,"minecraft:egg":36,"minecraft:raw_iron":190,"minecraft:sandstone":52,"minecraft:stone":22,"minecraft:oak_door":4,"minecraft:copper_ingot":3,"minecraft:polished_blackstone_bricks":23,"minecraft:stone_button":1,"minecraft:cookie":79,"minecraft:carrot":93,"minecraft:redstone":66,"minecraft:stone_pressure_plate":1,"minecraft:jungle_sign":1,"minecraft:tnt":10,"minecraft:arrow":128,"minecraft:stone_shovel":3,"minecraft:pumpkin_pie":17,"minecraft:shears":1,"minecraft:hay_block":22,"minecraft:saddle":1,"minecraft:gold_ingot":20,"minecraft:mutton":1,"minecraft:bone_block":4,"minecraft:white_wool":5,"minecraft:jungle_boat":5,"minecraft:basalt":115,"minecraft:glow_ink_sac":6,"minecraft:salmon":26,"minecraft:cut_sandstone":10,"minecraft:leather":16,"minecraft:jungle_fence":1,"minecraft:red_mushroom":3,"minecraft:birch_planks":3,"minecraft:crimson_fungus":1,"minecraft:oak_log":1069,"minecraft:yellow_bed":1,"minecraft:gunpowder":24,"minecraft:orange_terracotta":1,"minecraft:apple":55,"minecraft:warped_stem":6,"minecraft:iron_ingot":56,"minecraft:stone_pickaxe":10,"minecraft:iron_sword":2,"minecraft:soul_sand":85,"minecraft:oak_slab":8,"minecraft:warped_fungus":2,"minecraft:pumpkin":6,"minecraft:quartz":10,"minecraft:dripstone_block":1,"minecraft:gravel":276,"minecraft:lava_bucket":1,"minecraft:birch_stairs":4,"minecraft:amethyst_shard":20,"minecraft:white_bed":5,"minecraft:spider_eye":30,"minecraft:pumpkin_seeds":19,"minecraft:slime_ball":10,"minecraft:stone_axe":7,"minecraft:chainmail_leggings":1,"minecraft:iron_helmet":10,"minecraft:baked_potato":40,"minecraft:melon_seeds":4,"minecraft:coal":387,"minecraft:ender_pearl":5},"minecraft:killed":{"minecraft:witch":1,"minecraft:spider":27,"minecraft:skeleton":49,"minecraft:magma_cube":1,"minecraft:piglin":2,"minecraft:zombie_villager":1,"minecraft:salmon":27,"minecraft:creeper":9,"minecraft:pillager":3,"minecraft:zombie":90,"minecraft:cow":2,"minecraft:slime":14,"minecraft:phantom":1,"minecraft:drowned":18,"minecraft:husk":7,"minecraft:enderman":4},"minecraft:dropped":{"minecraft:iron_sword":2,"minecraft:lapis_lazuli":2,"minecraft:cooked_beef":11,"minecraft:oak_log":110,"minecraft:baked_potato":11,"minecraft:diamond":3,"minecraft:cooked_porkchop":4,"minecraft:crossbow":1,"minecraft:cookie":104,"minecraft:leather":14,"minecraft:birch_slab":1,"minecraft:flint":2,"minecraft:gold_block":7,"minecraft:dirt":1,"minecraft:birch_fence":1,"minecraft:polished_blackstone_brick_stairs":1,"minecraft:mutton":1,"minecraft:gold_nugget":3,"minecraft:bone_meal":3,"minecraft:amethyst_shard":4,"minecraft:polished_blackstone_bricks":8,"minecraft:iron_pickaxe":1,"minecraft:birch_stairs":3,"minecraft:gold_ingot":6,"minecraft:bone":24,"minecraft:stone_axe":6,"minecraft:blackstone":2,"minecraft:sugar_cane":3,"minecraft:wheat":1,"minecraft:rotten_flesh":49,"minecraft:oak_planks":74,"minecraft:white_bed":2,"minecraft:carrot":9,"minecraft:gunpowder":8,"minecraft:chest":2,"minecraft:arrow":30,"minecraft:beef":1,"minecraft:quartz":3,"minecraft:netherrack":124,"minecraft:stone_hoe":1,"minecraft:iron_ingot":1,"minecraft:oak_slab":8,"minecraft:wheat_seeds":49,"minecraft:iron_helmet":2,"minecraft:feather":2,"minecraft:cobblestone":158,"minecraft:spectral_arrow":17,"minecraft:apple":4,"minecraft:stick":68,"minecraft:ink_sac":2,"minecraft:torch":21,"minecraft:wooden_axe":2,"minecraft:melon_slice":5,"minecraft:iron_leggings":2,"minecraft:iron_axe":2,"minecraft:string":7,"minecraft:bucket":1,"minecraft:redstone":8,"minecraft:soul_soil":1,"minecraft:oak_trapdoor":8,"minecraft:cocoa_beans":39,"minecraft:stone_shovel":3,"minecraft:clay_ball":2,"minecraft:iron_boots":1,"minecraft:shield":1,"minecraft:diamond_pickaxe":1,"minecraft:iron_chestplate":1,"minecraft:oak_sapling":15,"minecraft:golden_sword":1,"minecraft:bow":2,"minecraft:stone_pickaxe":4,"minecraft:wooden_pickaxe":1,"minecraft:magma_cream":3},"minecraft:crafted":{"minecraft:oak_planks":1156,"minecraft:cobblestone_slab":48,"minecraft:oak_sign":3,"minecraft:cooked_chicken":2,"minecraft:birch_slab":12,"minecraft:stone":122,"minecraft:cobblestone_stairs":24,"minecraft:warped_planks":24,"minecraft:glass":54,"minecraft:diamond_helmet":1,"minecraft:bow":1,"minecraft:diamond_leggings":1,"minecraft:iron_boots":2,"minecraft:melon_seeds":22,"minecraft:birch_fence_gate":1,"minecraft:chest":30,"minecraft:oak_button":1,"minecraft:stone_hoe":2,"minecraft:oak_fence":36,"minecraft:oak_slab":6,"minecraft:emerald":1,"minecraft:crafting_table":25,"minecraft:jungle_boat":1,"minecraft:wooden_pickaxe":7,"minecraft:baked_potato":24,"minecraft:birch_planks":36,"minecraft:pumpkin_seeds":20,"minecraft:campfire":2,"minecraft:iron_chestplate":2,"minecraft:charcoal":10,"minecraft:shield":5,"minecraft:birch_fence":3,"minecraft:stick":427,"minecraft:iron_ingot":57,"minecraft:iron_pickaxe":6,"minecraft:stone_sword":1,"minecraft:gold_ingot":4,"minecraft:birch_stairs":8,"minecraft:jungle_sign":3,"minecraft:wooden_sword":1,"minecraft:oak_door":6,"minecraft:cookie":152,"minecraft:stone_shovel":55,"minecraft:stone_button":8,"minecraft:furnace":15,"minecraft:jungle_trapdoor":2,"minecraft:mushroom_stew":3,"minecraft:bone_meal":24,"minecraft:glass_pane":112,"minecraft:oak_trapdoor":6,"minecraft:iron_axe":1,"minecraft:ladder":6,"minecraft:stone_pickaxe":75,"minecraft:jungle_fence":12,"minecraft:golden_helmet":1,"minecraft:wheat":45,"minecraft:cooked_beef":7,"minecraft:iron_sword":2,"minecraft:bowl":8,"minecraft:cooked_salmon":13,"minecraft:bucket":7,"minecraft:stone_axe":31,"minecraft:jungle_slab":12,"minecraft:air":0,"minecraft:acacia_boat":1,"minecraft:jungle_planks":800,"minecraft:oak_boat":4,"minecraft:oak_stairs":40,"minecraft:wooden_axe":3,"minecraft:iron_shovel":1,"minecraft:iron_leggings":1,"minecraft:acacia_planks":12,"minecraft:torch":336},"minecraft:custom":{"minecraft:animals_bred":13,"minecraft:interact_with_crafting_table":355,"minecraft:bell_ring":1,"minecraft:leave_game":55,"minecraft:time_since_death":165626,"minecraft:sprint_one_cm":2794919,"minecraft:damage_blocked_by_shield":9450,"minecraft:drop":145,"minecraft:talked_to_villager":37,"minecraft:play_time":1878984,"minecraft:deaths":37,"minecraft:jump":29643,"minecraft:interact_with_brewingstand":1,"minecraft:walk_on_water_one_cm":347284,"minecraft:enchant_item":9,"minecraft:interact_with_furnace":228,"minecraft:traded_with_villager":1,"minecraft:sleep_in_bed":32,"minecraft:damage_dealt":46127,"minecraft:player_kills":7,"minecraft:crouch_one_cm":465556,"minecraft:horse_one_cm":1332,"minecraft:interact_with_anvil":2,"minecraft:mob_kills":259,"minecraft:inspect_hopper":3,"minecraft:interact_with_campfire":10,"minecraft:climb_one_cm":138839,"minecraft:walk_one_cm":6369078,"minecraft:sneak_time":140256,"minecraft:walk_under_water_one_cm":352776,"minecraft:boat_one_cm":660605,"minecraft:total_world_time":1878984,"minecraft:time_since_rest":28890,"minecraft:damage_taken":21939,"minecraft:swim_one_cm":688854,"minecraft:fly_one_cm":3804434,"minecraft:open_chest":606,"minecraft:fall_one_cm":626560},"minecraft:used":{"minecraft:iron_shovel":94,"minecraft:ladder":5,"minecraft:oak_sign":4,"minecraft:polished_basalt":1,"minecraft:chest":34,"minecraft:shield":243,"minecraft:iron_sword":91,"minecraft:stone":73,"minecraft:bell":1,"minecraft:rotten_flesh":170,"minecraft:iron_chestplate":8,"minecraft:cocoa_beans":75,"minecraft:jungle_planks":712,"minecraft:carrot":42,"minecraft:jungle_slab":12,"minecraft:tuff":63,"minecraft:glass":8,"minecraft:jungle_sapling":3,"minecraft:lava_bucket":28,"minecraft:iron_helmet":3,"minecraft:golden_sword":5,"minecraft:bow":24,"minecraft:hay_block":2,"minecraft:oak_sapling":5,"minecraft:furnace":18,"minecraft:egg":16,"minecraft:potato":44,"minecraft:diorite":24,"minecraft:cactus":4,"minecraft:stone_pickaxe":7146,"minecraft:oak_planks":467,"minecraft:jungle_fence":13,"minecraft:ender_pearl":3,"minecraft:blackstone":28,"minecraft:wooden_pickaxe":316,"minecraft:sandstone":4,"minecraft:sugar_cane":36,"minecraft:jungle_boat":5,"minecraft:cookie":112,"minecraft:white_wool":1,"minecraft:golden_hoe":1,"minecraft:sand":17,"minecraft:mushroom_stew":3,"minecraft:crossbow":1,"minecraft:pumpkin_seeds":6,"minecraft:birch_fence":3,"minecraft:birch_fence_gate":1,"minecraft:stone_button":9,"minecraft:melon_slice":210,"minecraft:birch_slab":21,"minecraft:bread":6,"minecraft:oak_pressure_plate":2,"minecraft:gravel":39,"minecraft:jungle_sign":4,"minecraft:fire_charge":1,"minecraft:wooden_sword":31,"minecraft:andesite":1,"minecraft:oak_boat":5,"minecraft:bone_meal":24,"minecraft:oak_fence":37,"minecraft:oak_trapdoor":8,"minecraft:stone_sword":110,"minecraft:stone_shovel":6829,"minecraft:cooked_salmon":23,"minecraft:stone_hoe":223,"minecraft:cooked_chicken":2,"minecraft:netherrack":526,"minecraft:dirt":638,"minecraft:oak_door":8,"minecraft:torch":326,"minecraft:diamond_helmet":2,"minecraft:jungle_trapdoor":2,"minecraft:wooden_axe":83,"minecraft:iron_axe":130,"minecraft:oak_stairs":43,"minecraft:jungle_log":15,"minecraft:iron_boots":6,"minecraft:melon_seeds":30,"minecraft:basalt":105,"minecraft:stone_pressure_plate":1,"minecraft:cooked_beef":16,"minecraft:cobbled_deepslate":122,"minecraft:iron_leggings":6,"minecraft:wheat_seeds":87,"minecraft:acacia_boat":3,"minecraft:water_bucket":159,"minecraft:cobblestone_stairs":7,"minecraft:birch_planks":3,"minecraft:baked_potato":44,"minecraft:cobblestone_slab":32,"minecraft:leather_boots":1,"minecraft:polished_blackstone_bricks":15,"minecraft:tnt":1,"minecraft:oak_slab":2,"minecraft:crafting_table":44,"minecraft:white_bed":3,"minecraft:campfire":2,"minecraft:oak_log":5,"minecraft:apple":30,"minecraft:cracked_polished_blackstone_bricks":1,"minecraft:oak_button":1,"minecraft:iron_pickaxe":963,"minecraft:stone_axe":2242,"minecraft:cobblestone":2808,"minecraft:cooked_porkchop":10,"minecraft:bucket":192,"minecraft:glass_pane":91,"minecraft:pumpkin_pie":17,"minecraft:yellow_bed":1,"minecraft:diamond_leggings":2,"minecraft:birch_stairs":6},"minecraft:broken":{"minecraft:iron_chestplate":1,"minecraft:iron_leggings":1,"minecraft:stone_pickaxe":51,"minecraft:stone_axe":19,"minecraft:stone_shovel":52,"minecraft:stone_sword":1,"minecraft:wooden_pickaxe":5,"minecraft:shield":2,"minecraft:iron_axe":1,"minecraft:leather_boots":1,"minecraft:iron_pickaxe":3,"minecraft:iron_helmet":1},"minecraft:mined":{"minecraft:stone_pressure_plate":1,"minecraft:white_bed":3,"minecraft:oak_sapling":3,"minecraft:farmland":5,"minecraft:sculk_vein":1,"minecraft:jungle_leaves":196,"minecraft:granite":48,"minecraft:acacia_log":3,"minecraft:grass_block":3623,"minecraft:jungle_log":476,"minecraft:cracked_polished_blackstone_bricks":12,"minecraft:soul_soil":45,"minecraft:polished_diorite":1,"minecraft:crimson_fungus":1,"minecraft:oak_wall_sign":1,"minecraft:polished_blackstone_bricks":15,"minecraft:tall_seagrass":4,"minecraft:magma_block":1,"minecraft:iron_ore":179,"minecraft:cobbled_deepslate":45,"minecraft:fire":20,"minecraft:pumpkin":6,"minecraft:deepslate_lapis_ore":3,"minecraft:dirt_path":2,"minecraft:oak_stairs":10,"minecraft:cut_sandstone":10,"minecraft:deepslate_redstone_ore":13,"minecraft:brown_mushroom":15,"minecraft:blackstone":38,"minecraft:melon_stem":2,"minecraft:soul_fire":1,"minecraft:amethyst_cluster":1,"minecraft:orange_terracotta":1,"minecraft:clay":30,"minecraft:torch":7,"minecraft:melon":60,"minecraft:chest":6,"minecraft:dead_bush":13,"minecraft:cobblestone":280,"minecraft:nether_quartz_ore":2,"minecraft:oak_planks":79,"minecraft:sugar_cane":61,"minecraft:wall_torch":11,"minecraft:seagrass":7,"minecraft:birch_log":211,"minecraft:lapis_block":1,"minecraft:wheat":48,"minecraft:warped_fungus":2,"minecraft:tnt":10,"minecraft:grass":801,"minecraft:oak_log":1043,"minecraft:sand":162,"minecraft:dirt":3236,"minecraft:netherrack":908,"minecraft:oak_leaves":675,"minecraft:deepslate":1450,"minecraft:nether_gold_ore":1,"minecraft:tuff":165,"minecraft:deepslate_diamond_ore":6,"minecraft:oak_door":1,"minecraft:glow_lichen":1,"minecraft:stone_button":1,"minecraft:jungle_planks":12,"minecraft:birch_slab":10,"minecraft:red_mushroom":3,"minecraft:sandstone":47,"minecraft:hay_block":10,"minecraft:oak_trapdoor":2,"minecraft:furnace":3,"minecraft:carrots":25,"minecraft:polished_basalt":2,"minecraft:chiseled_sandstone":1,"minecraft:andesite":41,"minecraft:gold_block":6,"minecraft:potatoes":30,"minecraft:cobblestone_slab":2,"minecraft:deepslate_iron_ore":8,"minecraft:vine":43,"minecraft:warped_stem":7,"minecraft:bamboo":4,"minecraft:stone":4426,"minecraft:podzol":1,"minecraft:birch_stairs":1,"minecraft:soul_sand":88,"minecraft:glass_pane":12,"minecraft:basalt":118,"minecraft:jungle_sign":1,"minecraft:oak_fence":6,"minecraft:crafting_table":20,"minecraft:rose_bush":7,"minecraft:copper_ore":17,"minecraft:tall_grass":45,"minecraft:deepslate_gold_ore":2,"minecraft:polished_blackstone_brick_stairs":1,"minecraft:sculk":37,"minecraft:diorite":124,"minecraft:birch_planks":3,"minecraft:cactus":6,"minecraft:birch_leaves":31,"minecraft:jungle_fence":1,"minecraft:yellow_bed":1,"minecraft:coal_ore":307,"minecraft:cocoa":44,"minecraft:gravel":201,"minecraft:dripstone_block":1,"minecraft:acacia_planks":2,"minecraft:fern":42}},"DataVersion":3105}