{"stats":{"minecraft:killed_by":{"minecraft:drowned":1,"minecraft:witch":3,"minecraft:zombie":1,"minecraft:player":1,"minecraft:spider":1,"minecraft:skeleton":4},"minecraft:broken":{"minecraft:iron_chestplate":1,"minecraft:iron_leggings":1,"minecraft:stone_pickaxe":27,"minecraft:stone_axe":14,"minecraft:stone_shovel":49,"minecraft:stone_sword":1,"minecraft:shield":1,"minecraft:iron_axe":1,"minecraft:leather_boots":1,"minecraft:iron_pickaxe":1,"minecraft:iron_helmet":1},"minecraft:killed":{"minecraft:spider":22,"minecraft:skeleton":34,"minecraft:magma_cube":1,"minecraft:piglin":1,"minecraft:salmon":27,"minecraft:creeper":5,"minecraft:zombie":62,"minecraft:cow":2,"minecraft:slime":14,"minecraft:drowned":18,"minecraft:husk":3,"minecraft:enderman":2},"minecraft:used":{"minecraft:iron_shovel":94,"minecraft:ladder":5,"minecraft:oak_sign":4,"minecraft:chest":26,"minecraft:shield":108,"minecraft:stone":35,"minecraft:iron_sword":87,"minecraft:rotten_flesh":133,"minecraft:iron_chestplate":6,"minecraft:cocoa_beans":23,"minecraft:carrot":16,"minecraft:tuff":13,"minecraft:jungle_sapling":3,"minecraft:lava_bucket":10,"minecraft:iron_helmet":2,"minecraft:bow":22,"minecraft:hay_block":2,"minecraft:oak_sapling":4,"minecraft:furnace":10,"minecraft:egg":11,"minecraft:potato":14,"minecraft:diorite":10,"minecraft:stone_pickaxe":4248,"minecraft:oak_planks":292,"minecraft:wooden_pickaxe":8,"minecraft:sugar_cane":18,"minecraft:cookie":108,"minecraft:white_wool":1,"minecraft:golden_hoe":1,"minecraft:sand":9,"minecraft:birch_fence":2,"minecraft:melon_slice":49,"minecraft:birch_slab":16,"minecraft:bread":6,"minecraft:stone_button":9,"minecraft:oak_pressure_plate":1,"minecraft:gravel":6,"minecraft:fire_charge":1,"minecraft:oak_boat":5,"minecraft:bone_meal":21,"minecraft:oak_fence":10,"minecraft:oak_trapdoor":8,"minecraft:stone_sword":89,"minecraft:stone_shovel":6507,"minecraft:cooked_salmon":23,"minecraft:stone_hoe":114,"minecraft:cooked_chicken":2,"minecraft:oak_door":7,"minecraft:torch":158,"minecraft:dirt":336,"minecraft:diamond_helmet":2,"minecraft:wooden_axe":30,"minecraft:iron_axe":32,"minecraft:oak_stairs":43,"minecraft:jungle_log":2,"minecraft:iron_boots":3,"minecraft:melon_seeds":6,"minecraft:stone_pressure_plate":1,"minecraft:cooked_beef":13,"minecraft:cobbled_deepslate":21,"minecraft:iron_leggings":5,"minecraft:wheat_seeds":33,"minecraft:acacia_boat":3,"minecraft:water_bucket":4,"minecraft:cobblestone_stairs":7,"minecraft:birch_planks":3,"minecraft:baked_potato":25,"minecraft:cobblestone_slab":32,"minecraft:leather_boots":1,"minecraft:oak_slab":2,"minecraft:tnt":1,"minecraft:crafting_table":28,"minecraft:white_bed":2,"minecraft:campfire":2,"minecraft:oak_log":1,"minecraft:apple":28,"minecraft:oak_button":1,"minecraft:iron_pickaxe":336,"minecraft:stone_axe":1559,"minecraft:cobblestone":2154,"minecraft:cooked_porkchop":10,"minecraft:bucket":18,"minecraft:glass_pane":65,"minecraft:pumpkin_pie":17,"minecraft:yellow_bed":1,"minecraft:diamond_leggings":2,"minecraft:birch_stairs":6},"minecraft:dropped":{"minecraft:iron_sword":1,"minecraft:lapis_lazuli":2,"minecraft:cooked_beef":9,"minecraft:oak_log":46,"minecraft:diamond":3,"minecraft:cooked_porkchop":4,"minecraft:cookie":75,"minecraft:leather":14,"minecraft:birch_slab":1,"minecraft:flint":2,"minecraft:gold_block":7,"minecraft:dirt":1,"minecraft:birch_fence":1,"minecraft:bone_meal":3,"minecraft:amethyst_shard":4,"minecraft:iron_pickaxe":1,"minecraft:birch_stairs":3,"minecraft:gold_ingot":6,"minecraft:bone":18,"minecraft:stone_axe":1,"minecraft:sugar_cane":3,"minecraft:rotten_flesh":22,"minecraft:oak_planks":69,"minecraft:white_bed":1,"minecraft:chest":2,"minecraft:beef":1,"minecraft:stone_hoe":1,"minecraft:iron_ingot":1,"minecraft:oak_slab":8,"minecraft:wheat_seeds":48,"minecraft:cobblestone":94,"minecraft:apple":4,"minecraft:stick":7,"minecraft:ink_sac":2,"minecraft:torch":8,"minecraft:wooden_axe":2,"minecraft:melon_slice":5,"minecraft:iron_leggings":1,"minecraft:iron_axe":1,"minecraft:redstone":8,"minecraft:cocoa_beans":39,"minecraft:stone_shovel":2,"minecraft:clay_ball":2,"minecraft:bow":1,"minecraft:stone_pickaxe":4,"minecraft:wooden_pickaxe":1},"minecraft:custom":{"minecraft:animals_bred":4,"minecraft:interact_with_crafting_table":199,"minecraft:leave_game":22,"minecraft:time_since_death":619080,"minecraft:sprint_one_cm":1747196,"minecraft:damage_blocked_by_shield":4400,"minecraft:drop":90,"minecraft:talked_to_villager":12,"minecraft:play_time":1028103,"minecraft:deaths":11,"minecraft:jump":18059,"minecraft:walk_on_water_one_cm":246424,"minecraft:enchant_item":5,"minecraft:interact_with_furnace":141,"minecraft:traded_with_villager":1,"minecraft:sleep_in_bed":27,"minecraft:damage_dealt":31761,"minecraft:player_kills":6,"minecraft:crouch_one_cm":213301,"minecraft:horse_one_cm":1332,"minecraft:mob_kills":193,"minecraft:inspect_hopper":2,"minecraft:interact_with_campfire":10,"minecraft:climb_one_cm":24290,"minecraft:walk_one_cm":4095428,"minecraft:sneak_time":59246,"minecraft:walk_under_water_one_cm":181071,"minecraft:boat_one_cm":431509,"minecraft:total_world_time":1028103,"minecraft:time_since_rest":112224,"minecraft:damage_taken":11369,"minecraft:swim_one_cm":433209,"minecraft:fly_one_cm":2286886,"minecraft:open_chest":338,"minecraft:fall_one_cm":392141},"minecraft:picked_up":{"minecraft:wooden_axe":2,"minecraft:iron_chestplate":5,"minecraft:wheat":19,"minecraft:oak_stairs":10,"minecraft:lapis_block":19,"minecraft:string":25,"minecraft:soul_soil":14,"minecraft:raw_copper":7,"minecraft:cooked_salmon":10,"minecraft:iron_leggings":6,"minecraft:oak_sign":1,"minecraft:cobbled_deepslate":320,"minecraft:bucket":3,"minecraft:rose_bush":10,"minecraft:cobblestone_slab":16,"minecraft:iron_pickaxe":4,"minecraft:melon_slice":55,"minecraft:furnace":3,"minecraft:iron_boots":5,"minecraft:stick":235,"minecraft:oak_fence":4,"minecraft:torch":15,"minecraft:acacia_log":3,"minecraft:diorite":72,"minecraft:stone_sword":1,"minecraft:cactus":4,"minecraft:rotten_flesh":142,"minecraft:cobblestone":4002,"minecraft:nautilus_shell":2,"minecraft:birch_log":210,"minecraft:magma_block":1,"minecraft:cooked_beef":17,"minecraft:feather":3,"minecraft:birch_slab":7,"minecraft:jungle_log":12,"minecraft:potato":37,"minecraft:flint":16,"minecraft:tuff":27,"minecraft:acacia_boat":2,"minecraft:lapis_lazuli":13,"minecraft:dirt":6484,"minecraft:bone":54,"minecraft:bow":9,"minecraft:wheat_seeds":236,"minecraft:raw_gold":2,"minecraft:bell":1,"minecraft:stone_hoe":4,"minecraft:oak_planks":205,"minecraft:cooked_porkchop":14,"minecraft:oak_pressure_plate":1,"minecraft:sand":62,"minecraft:ink_sac":7,"minecraft:grass_block":1,"minecraft:chiseled_sandstone":1,"minecraft:diamond":3,"minecraft:bone_meal":19,"minecraft:golden_horse_armor":1,"minecraft:bread":7,"minecraft:oak_sapling":293,"minecraft:cocoa_beans":96,"minecraft:crafting_table":21,"minecraft:chicken":1,"minecraft:clay_ball":2,"minecraft:wooden_pickaxe":1,"minecraft:shield":2,"minecraft:oak_trapdoor":2,"minecraft:iron_axe":2,"minecraft:birch_fence":1,"minecraft:iron_shovel":3,"minecraft:beef":4,"minecraft:oak_boat":2,"minecraft:jungle_sapling":3,"minecraft:light_gray_wool":1,"minecraft:chest":6,"minecraft:sugar_cane":76,"minecraft:birch_sapling":44,"minecraft:egg":34,"minecraft:raw_iron":172,"minecraft:sandstone":47,"minecraft:oak_door":4,"minecraft:copper_ingot":2,"minecraft:stone_button":1,"minecraft:cookie":31,"minecraft:carrot":14,"minecraft:redstone":27,"minecraft:stone_pressure_plate":1,"minecraft:tnt":10,"minecraft:arrow":54,"minecraft:pumpkin_pie":17,"minecraft:shears":1,"minecraft:hay_block":22,"minecraft:saddle":1,"minecraft:gold_ingot":15,"minecraft:white_wool":5,"minecraft:glow_ink_sac":6,"minecraft:salmon":26,"minecraft:cut_sandstone":10,"minecraft:leather":16,"minecraft:birch_planks":3,"minecraft:oak_log":965,"minecraft:yellow_bed":1,"minecraft:gunpowder":12,"minecraft:orange_terracotta":1,"minecraft:apple":49,"minecraft:iron_ingot":13,"minecraft:stone_pickaxe":5,"minecraft:soul_sand":45,"minecraft:iron_sword":1,"minecraft:oak_slab":8,"minecraft:gravel":191,"minecraft:lava_bucket":1,"minecraft:birch_stairs":4,"minecraft:amethyst_shard":20,"minecraft:white_bed":3,"minecraft:spider_eye":21,"minecraft:slime_ball":10,"minecraft:stone_axe":1,"minecraft:iron_helmet":5,"minecraft:baked_potato":1,"minecraft:melon_seeds":1,"minecraft:coal":315},"minecraft:crafted":{"minecraft:oak_planks":720,"minecraft:cobblestone_slab":48,"minecraft:oak_sign":3,"minecraft:cooked_chicken":2,"minecraft:birch_slab":12,"minecraft:stone":46,"minecraft:cobblestone_stairs":24,"minecraft:glass":33,"minecraft:diamond_helmet":1,"minecraft:bow":1,"minecraft:diamond_leggings":1,"minecraft:iron_boots":1,"minecraft:melon_seeds":1,"minecraft:chest":22,"minecraft:oak_button":1,"minecraft:stone_hoe":1,"minecraft:oak_fence":9,"minecraft:oak_slab":6,"minecraft:emerald":1,"minecraft:crafting_table":12,"minecraft:baked_potato":24,"minecraft:birch_planks":36,"minecraft:campfire":2,"minecraft:iron_chestplate":1,"minecraft:shield":1,"minecraft:birch_fence":3,"minecraft:stick":192,"minecraft:iron_ingot":34,"minecraft:iron_pickaxe":2,"minecraft:stone_sword":1,"minecraft:gold_ingot":4,"minecraft:birch_stairs":8,"minecraft:cookie":152,"minecraft:oak_door":3,"minecraft:stone_shovel":51,"minecraft:furnace":7,"minecraft:stone_button":8,"minecraft:bone_meal":21,"minecraft:oak_trapdoor":6,"minecraft:glass_pane":80,"minecraft:ladder":6,"minecraft:stone_pickaxe":34,"minecraft:wheat":45,"minecraft:cooked_beef":5,"minecraft:iron_sword":1,"minecraft:cooked_salmon":13,"minecraft:bucket":5,"minecraft:stone_axe":14,"minecraft:acacia_boat":1,"minecraft:air":0,"minecraft:oak_boat":4,"minecraft:wooden_axe":2,"minecraft:oak_stairs":40,"minecraft:iron_shovel":1,"minecraft:acacia_planks":12,"minecraft:torch":160},"minecraft:mined":{"minecraft:stone_pressure_plate":1,"minecraft:white_bed":2,"minecraft:oak_sapling":3,"minecraft:farmland":4,"minecraft:sculk_vein":1,"minecraft:jungle_leaves":3,"minecraft:acacia_log":3,"minecraft:grass_block":3534,"minecraft:jungle_log":12,"minecraft:soul_soil":14,"minecraft:polished_diorite":1,"minecraft:oak_wall_sign":1,"minecraft:tall_seagrass":4,"minecraft:magma_block":1,"minecraft:iron_ore":165,"minecraft:cobbled_deepslate":5,"minecraft:fire":3,"minecraft:dirt_path":2,"minecraft:oak_stairs":10,"minecraft:cut_sandstone":10,"minecraft:melon_stem":2,"minecraft:soul_fire":1,"minecraft:amethyst_cluster":1,"minecraft:orange_terracotta":1,"minecraft:torch":3,"minecraft:melon":7,"minecraft:chest":4,"minecraft:dead_bush":3,"minecraft:cobblestone":177,"minecraft:sugar_cane":39,"minecraft:oak_planks":52,"minecraft:wall_torch":2,"minecraft:seagrass":7,"minecraft:birch_log":211,"minecraft:lapis_block":1,"minecraft:wheat":11,"minecraft:tnt":10,"minecraft:grass":661,"minecraft:oak_log":939,"minecraft:sand":59,"minecraft:dirt":2928,"minecraft:oak_leaves":440,"minecraft:deepslate":134,"minecraft:tuff":27,"minecraft:deepslate_diamond_ore":3,"minecraft:oak_door":1,"minecraft:glow_lichen":1,"minecraft:stone_button":1,"minecraft:birch_slab":6,"minecraft:sandstone":47,"minecraft:hay_block":10,"minecraft:oak_trapdoor":2,"minecraft:furnace":3,"minecraft:carrots":4,"minecraft:chiseled_sandstone":1,"minecraft:potatoes":4,"minecraft:deepslate_iron_ore":4,"minecraft:stone":3568,"minecraft:birch_stairs":1,"minecraft:glass_pane":12,"minecraft:soul_sand":45,"minecraft:oak_fence":4,"minecraft:crafting_table":17,"minecraft:rose_bush":7,"minecraft:tall_grass":45,"minecraft:copper_ore":1,"minecraft:deepslate_gold_ore":2,"minecraft:sculk":33,"minecraft:diorite":73,"minecraft:birch_planks":3,"minecraft:cactus":4,"minecraft:birch_leaves":31,"minecraft:yellow_bed":1,"minecraft:coal_ore":274,"minecraft:cocoa":19,"minecraft:gravel":106,"minecraft:fern":12}},"DataVersion":3105}