{"stats":{"minecraft:killed_by":{"minecraft:drowned":1,"minecraft:witch":3,"minecraft:zombie":2,"minecraft:player":1,"minecraft:spider":1,"minecraft:skeleton":4},"minecraft:broken":{"minecraft:iron_chestplate":1,"minecraft:iron_leggings":1,"minecraft:stone_pickaxe":28,"minecraft:stone_axe":14,"minecraft:stone_shovel":49,"minecraft:stone_sword":1,"minecraft:shield":2,"minecraft:iron_axe":1,"minecraft:leather_boots":1,"minecraft:iron_pickaxe":1,"minecraft:iron_helmet":1},"minecraft:killed":{"minecraft:witch":1,"minecraft:spider":24,"minecraft:skeleton":39,"minecraft:magma_cube":1,"minecraft:piglin":1,"minecraft:salmon":27,"minecraft:creeper":6,"minecraft:zombie":70,"minecraft:cow":2,"minecraft:slime":14,"minecraft:drowned":18,"minecraft:husk":3,"minecraft:enderman":2},"minecraft:used":{"minecraft:iron_shovel":94,"minecraft:ladder":5,"minecraft:oak_sign":4,"minecraft:polished_basalt":1,"minecraft:chest":28,"minecraft:shield":174,"minecraft:stone":39,"minecraft:iron_sword":87,"minecraft:rotten_flesh":143,"minecraft:iron_chestplate":6,"minecraft:cocoa_beans":23,"minecraft:carrot":18,"minecraft:tuff":13,"minecraft:jungle_sapling":3,"minecraft:lava_bucket":10,"minecraft:iron_helmet":2,"minecraft:bow":24,"minecraft:hay_block":2,"minecraft:oak_sapling":4,"minecraft:furnace":10,"minecraft:egg":11,"minecraft:potato":14,"minecraft:diorite":10,"minecraft:stone_pickaxe":4281,"minecraft:oak_planks":372,"minecraft:blackstone":6,"minecraft:wooden_pickaxe":8,"minecraft:sugar_cane":18,"minecraft:cookie":108,"minecraft:white_wool":1,"minecraft:golden_hoe":1,"minecraft:sand":9,"minecraft:crossbow":1,"minecraft:birch_fence":2,"minecraft:melon_slice":49,"minecraft:birch_slab":17,"minecraft:bread":6,"minecraft:stone_button":9,"minecraft:oak_pressure_plate":1,"minecraft:gravel":6,"minecraft:fire_charge":1,"minecraft:oak_boat":5,"minecraft:bone_meal":21,"minecraft:oak_fence":10,"minecraft:oak_trapdoor":8,"minecraft:stone_sword":110,"minecraft:stone_shovel":6507,"minecraft:cooked_salmon":23,"minecraft:stone_hoe":114,"minecraft:cooked_chicken":2,"minecraft:netherrack":147,"minecraft:oak_door":7,"minecraft:torch":234,"minecraft:dirt":347,"minecraft:diamond_helmet":2,"minecraft:wooden_axe":30,"minecraft:iron_axe":125,"minecraft:oak_stairs":43,"minecraft:jungle_log":2,"minecraft:iron_boots":3,"minecraft:melon_seeds":6,"minecraft:basalt":4,"minecraft:stone_pressure_plate":1,"minecraft:cooked_beef":16,"minecraft:cobbled_deepslate":21,"minecraft:iron_leggings":5,"minecraft:wheat_seeds":33,"minecraft:acacia_boat":3,"minecraft:water_bucket":7,"minecraft:cobblestone_stairs":7,"minecraft:birch_planks":3,"minecraft:baked_potato":44,"minecraft:cobblestone_slab":32,"minecraft:leather_boots":1,"minecraft:polished_blackstone_bricks":15,"minecraft:oak_slab":2,"minecraft:tnt":1,"minecraft:crafting_table":30,"minecraft:white_bed":2,"minecraft:campfire":2,"minecraft:oak_log":1,"minecraft:apple":28,"minecraft:cracked_polished_blackstone_bricks":1,"minecraft:oak_button":1,"minecraft:iron_pickaxe":568,"minecraft:stone_axe":1559,"minecraft:cobblestone":2508,"minecraft:cooked_porkchop":10,"minecraft:bucket":22,"minecraft:glass_pane":65,"minecraft:pumpkin_pie":17,"minecraft:yellow_bed":1,"minecraft:diamond_leggings":2,"minecraft:birch_stairs":6},"minecraft:dropped":{"minecraft:iron_sword":2,"minecraft:lapis_lazuli":2,"minecraft:cooked_beef":11,"minecraft:oak_log":110,"minecraft:baked_potato":11,"minecraft:diamond":3,"minecraft:cooked_porkchop":4,"minecraft:crossbow":1,"minecraft:cookie":104,"minecraft:leather":14,"minecraft:birch_slab":1,"minecraft:flint":2,"minecraft:gold_block":7,"minecraft:dirt":1,"minecraft:birch_fence":1,"minecraft:polished_blackstone_brick_stairs":1,"minecraft:mutton":1,"minecraft:gold_nugget":3,"minecraft:bone_meal":3,"minecraft:amethyst_shard":4,"minecraft:polished_blackstone_bricks":8,"minecraft:iron_pickaxe":1,"minecraft:birch_stairs":3,"minecraft:gold_ingot":6,"minecraft:bone":24,"minecraft:blackstone":2,"minecraft:stone_axe":1,"minecraft:sugar_cane":3,"minecraft:rotten_flesh":22,"minecraft:oak_planks":74,"minecraft:white_bed":2,"minecraft:carrot":9,"minecraft:gunpowder":8,"minecraft:chest":2,"minecraft:arrow":30,"minecraft:beef":1,"minecraft:quartz":3,"minecraft:netherrack":71,"minecraft:stone_hoe":1,"minecraft:iron_ingot":1,"minecraft:oak_slab":8,"minecraft:wheat_seeds":48,"minecraft:feather":2,"minecraft:iron_helmet":1,"minecraft:cobblestone":158,"minecraft:spectral_arrow":17,"minecraft:apple":4,"minecraft:stick":68,"minecraft:ink_sac":2,"minecraft:torch":21,"minecraft:wooden_axe":2,"minecraft:melon_slice":5,"minecraft:iron_leggings":2,"minecraft:iron_axe":2,"minecraft:string":7,"minecraft:bucket":1,"minecraft:redstone":8,"minecraft:soul_soil":1,"minecraft:oak_trapdoor":8,"minecraft:cocoa_beans":39,"minecraft:stone_shovel":2,"minecraft:clay_ball":2,"minecraft:iron_boots":1,"minecraft:shield":1,"minecraft:diamond_pickaxe":1,"minecraft:iron_chestplate":1,"minecraft:oak_sapling":15,"minecraft:bow":2,"minecraft:stone_pickaxe":4,"minecraft:wooden_pickaxe":1,"minecraft:magma_cream":3},"minecraft:custom":{"minecraft:animals_bred":4,"minecraft:interact_with_crafting_table":207,"minecraft:leave_game":22,"minecraft:time_since_death":0,"minecraft:sprint_one_cm":1913859,"minecraft:damage_blocked_by_shield":6485,"minecraft:drop":133,"minecraft:talked_to_villager":12,"minecraft:play_time":1154103,"minecraft:deaths":13,"minecraft:jump":19540,"minecraft:walk_on_water_one_cm":260505,"minecraft:enchant_item":9,"minecraft:interact_with_furnace":154,"minecraft:traded_with_villager":1,"minecraft:sleep_in_bed":29,"minecraft:damage_dealt":35405,"minecraft:player_kills":6,"minecraft:crouch_one_cm":276273,"minecraft:horse_one_cm":1332,"minecraft:interact_with_anvil":2,"minecraft:mob_kills":210,"minecraft:inspect_hopper":3,"minecraft:interact_with_campfire":10,"minecraft:climb_one_cm":24834,"minecraft:walk_one_cm":4422208,"minecraft:sneak_time":75232,"minecraft:walk_under_water_one_cm":191443,"minecraft:boat_one_cm":431509,"minecraft:total_world_time":1154103,"minecraft:time_since_rest":181,"minecraft:damage_taken":13112,"minecraft:swim_one_cm":443152,"minecraft:fly_one_cm":2478584,"minecraft:open_chest":364,"minecraft:fall_one_cm":426918},"minecraft:picked_up":{"minecraft:wooden_axe":2,"minecraft:iron_chestplate":7,"minecraft:wheat":19,"minecraft:oak_stairs":10,"minecraft:lapis_block":19,"minecraft:polished_blackstone_brick_stairs":1,"minecraft:string":46,"minecraft:soul_soil":15,"minecraft:raw_copper":7,"minecraft:cooked_salmon":10,"minecraft:iron_leggings":8,"minecraft:oak_sign":1,"minecraft:gold_nugget":6,"minecraft:cobbled_deepslate":346,"minecraft:bucket":4,"minecraft:rose_bush":10,"minecraft:cobblestone_slab":16,"minecraft:iron_pickaxe":5,"minecraft:melon_slice":55,"minecraft:furnace":3,"minecraft:iron_boots":7,"minecraft:stick":255,"minecraft:oak_fence":4,"minecraft:torch":44,"minecraft:acacia_log":3,"minecraft:diorite":72,"minecraft:stone_sword":2,"minecraft:cactus":4,"minecraft:rotten_flesh":166,"minecraft:polished_basalt":1,"minecraft:cobblestone":4251,"minecraft:nautilus_shell":4,"minecraft:birch_log":210,"minecraft:magma_block":1,"minecraft:magma_cream":6,"minecraft:cooked_beef":20,"minecraft:feather":5,"minecraft:birch_slab":8,"minecraft:jungle_log":12,"minecraft:potato":37,"minecraft:flint":17,"minecraft:tuff":27,"minecraft:acacia_boat":2,"minecraft:lapis_lazuli":18,"minecraft:dirt":6558,"minecraft:bone":73,"minecraft:bow":11,"minecraft:wheat_seeds":241,"minecraft:raw_gold":2,"minecraft:bell":1,"minecraft:stone_hoe":4,"minecraft:oak_planks":248,"minecraft:cooked_porkchop":14,"minecraft:oak_pressure_plate":1,"minecraft:sand":62,"minecraft:ink_sac":7,"minecraft:grass_block":1,"minecraft:spectral_arrow":17,"minecraft:chiseled_sandstone":1,"minecraft:diamond":3,"minecraft:cracked_polished_blackstone_bricks":1,"minecraft:crossbow":2,"minecraft:bone_meal":20,"minecraft:golden_horse_armor":1,"minecraft:bread":7,"minecraft:oak_sapling":333,"minecraft:netherrack":218,"minecraft:diamond_pickaxe":1,"minecraft:cocoa_beans":96,"minecraft:crafting_table":21,"minecraft:chicken":1,"minecraft:clay_ball":2,"minecraft:brown_mushroom":4,"minecraft:wooden_pickaxe":1,"minecraft:gold_block":6,"minecraft:shield":4,"minecraft:oak_trapdoor":10,"minecraft:iron_axe":4,"minecraft:birch_fence":1,"minecraft:iron_shovel":3,"minecraft:blackstone":8,"minecraft:glass_pane":15,"minecraft:beef":4,"minecraft:oak_boat":2,"minecraft:jungle_sapling":3,"minecraft:light_gray_wool":1,"minecraft:chest":6,"minecraft:sugar_cane":76,"minecraft:birch_sapling":44,"minecraft:egg":34,"minecraft:raw_iron":172,"minecraft:sandstone":47,"minecraft:stone":22,"minecraft:oak_door":4,"minecraft:copper_ingot":3,"minecraft:polished_blackstone_bricks":23,"minecraft:stone_button":1,"minecraft:cookie":66,"minecraft:carrot":23,"minecraft:redstone":27,"minecraft:stone_pressure_plate":1,"minecraft:tnt":10,"minecraft:arrow":89,"minecraft:pumpkin_pie":17,"minecraft:shears":1,"minecraft:hay_block":22,"minecraft:saddle":1,"minecraft:gold_ingot":15,"minecraft:mutton":1,"minecraft:white_wool":5,"minecraft:basalt":4,"minecraft:glow_ink_sac":6,"minecraft:salmon":26,"minecraft:cut_sandstone":10,"minecraft:leather":16,"minecraft:birch_planks":3,"minecraft:oak_log":1007,"minecraft:yellow_bed":1,"minecraft:gunpowder":20,"minecraft:orange_terracotta":1,"minecraft:apple":50,"minecraft:iron_ingot":18,"minecraft:stone_pickaxe":6,"minecraft:soul_sand":45,"minecraft:iron_sword":2,"minecraft:oak_slab":8,"minecraft:quartz":5,"minecraft:gravel":191,"minecraft:lava_bucket":1,"minecraft:birch_stairs":4,"minecraft:amethyst_shard":20,"minecraft:white_bed":4,"minecraft:spider_eye":27,"minecraft:slime_ball":10,"minecraft:stone_axe":1,"minecraft:iron_helmet":7,"minecraft:baked_potato":40,"minecraft:melon_seeds":1,"minecraft:coal":354},"minecraft:crafted":{"minecraft:oak_planks":888,"minecraft:cobblestone_slab":48,"minecraft:oak_sign":3,"minecraft:cooked_chicken":2,"minecraft:birch_slab":12,"minecraft:stone":72,"minecraft:cobblestone_stairs":24,"minecraft:glass":33,"minecraft:diamond_helmet":1,"minecraft:bow":1,"minecraft:diamond_leggings":1,"minecraft:iron_boots":1,"minecraft:melon_seeds":1,"minecraft:chest":24,"minecraft:oak_button":1,"minecraft:stone_hoe":1,"minecraft:oak_fence":9,"minecraft:oak_slab":6,"minecraft:emerald":1,"minecraft:crafting_table":14,"minecraft:baked_potato":24,"minecraft:birch_planks":36,"minecraft:campfire":2,"minecraft:iron_chestplate":1,"minecraft:shield":2,"minecraft:birch_fence":3,"minecraft:stick":328,"minecraft:iron_ingot":46,"minecraft:iron_pickaxe":3,"minecraft:stone_sword":1,"minecraft:gold_ingot":4,"minecraft:birch_stairs":8,"minecraft:cookie":152,"minecraft:oak_door":3,"minecraft:stone_shovel":51,"minecraft:furnace":7,"minecraft:stone_button":8,"minecraft:bone_meal":21,"minecraft:oak_trapdoor":6,"minecraft:glass_pane":80,"minecraft:iron_axe":1,"minecraft:ladder":6,"minecraft:stone_pickaxe":34,"minecraft:wheat":45,"minecraft:cooked_beef":7,"minecraft:iron_sword":1,"minecraft:cooked_salmon":13,"minecraft:bucket":6,"minecraft:stone_axe":14,"minecraft:acacia_boat":1,"minecraft:air":0,"minecraft:oak_boat":4,"minecraft:wooden_axe":2,"minecraft:oak_stairs":40,"minecraft:iron_shovel":1,"minecraft:acacia_planks":12,"minecraft:torch":260},"minecraft:mined":{"minecraft:stone_pressure_plate":1,"minecraft:white_bed":2,"minecraft:oak_sapling":3,"minecraft:farmland":4,"minecraft:sculk_vein":1,"minecraft:jungle_leaves":3,"minecraft:acacia_log":3,"minecraft:grass_block":3540,"minecraft:cracked_polished_blackstone_bricks":3,"minecraft:jungle_log":12,"minecraft:soul_soil":14,"minecraft:polished_diorite":1,"minecraft:oak_wall_sign":1,"minecraft:polished_blackstone_bricks":15,"minecraft:tall_seagrass":4,"minecraft:magma_block":1,"minecraft:iron_ore":165,"minecraft:cobbled_deepslate":5,"minecraft:fire":4,"minecraft:deepslate_lapis_ore":3,"minecraft:dirt_path":2,"minecraft:oak_stairs":10,"minecraft:cut_sandstone":10,"minecraft:brown_mushroom":4,"minecraft:blackstone":12,"minecraft:melon_stem":2,"minecraft:soul_fire":1,"minecraft:amethyst_cluster":1,"minecraft:orange_terracotta":1,"minecraft:torch":3,"minecraft:melon":7,"minecraft:chest":6,"minecraft:dead_bush":3,"minecraft:nether_quartz_ore":2,"minecraft:cobblestone":185,"minecraft:sugar_cane":39,"minecraft:oak_planks":63,"minecraft:wall_torch":2,"minecraft:seagrass":7,"minecraft:birch_log":211,"minecraft:lapis_block":1,"minecraft:wheat":11,"minecraft:tnt":10,"minecraft:grass":684,"minecraft:oak_log":981,"minecraft:sand":59,"minecraft:dirt":2935,"minecraft:netherrack":203,"minecraft:oak_leaves":470,"minecraft:deepslate":134,"minecraft:nether_gold_ore":1,"minecraft:tuff":27,"minecraft:deepslate_diamond_ore":3,"minecraft:oak_door":1,"minecraft:glow_lichen":1,"minecraft:stone_button":1,"minecraft:birch_slab":7,"minecraft:sandstone":47,"minecraft:hay_block":10,"minecraft:oak_trapdoor":2,"minecraft:furnace":3,"minecraft:carrots":4,"minecraft:polished_basalt":2,"minecraft:chiseled_sandstone":1,"minecraft:gold_block":6,"minecraft:potatoes":4,"minecraft:cobblestone_slab":2,"minecraft:deepslate_iron_ore":4,"minecraft:stone":3572,"minecraft:birch_stairs":1,"minecraft:glass_pane":12,"minecraft:soul_sand":45,"minecraft:basalt":2,"minecraft:oak_fence":4,"minecraft:crafting_table":17,"minecraft:rose_bush":7,"minecraft:tall_grass":45,"minecraft:copper_ore":1,"minecraft:deepslate_gold_ore":2,"minecraft:polished_blackstone_brick_stairs":1,"minecraft:sculk":33,"minecraft:diorite":73,"minecraft:birch_planks":3,"minecraft:cactus":4,"minecraft:birch_leaves":31,"minecraft:yellow_bed":1,"minecraft:coal_ore":274,"minecraft:cocoa":19,"minecraft:gravel":106,"minecraft:fern":12}},"DataVersion":3105}