{"stats":{"minecraft:broken":{"minecraft:iron_chestplate":1,"minecraft:iron_leggings":1,"minecraft:stone_pickaxe":56,"minecraft:stone_axe":20,"minecraft:stone_shovel":52,"minecraft:stone_sword":1,"minecraft:wooden_pickaxe":5,"minecraft:shield":2,"minecraft:iron_axe":1,"minecraft:leather_boots":1,"minecraft:iron_pickaxe":3,"minecraft:iron_helmet":1},"minecraft:killed":{"minecraft:witch":1,"minecraft:spider":29,"minecraft:skeleton":55,"minecraft:magma_cube":1,"minecraft:piglin":2,"minecraft:zombie_villager":1,"minecraft:salmon":27,"minecraft:creeper":13,"minecraft:pillager":3,"minecraft:zombie":94,"minecraft:cow":2,"minecraft:slime":14,"minecraft:phantom":1,"minecraft:drowned":18,"minecraft:husk":7,"minecraft:enderman":4},"minecraft:custom":{"minecraft:animals_bred":13,"minecraft:interact_with_crafting_table":374,"minecraft:open_barrel":19,"minecraft:bell_ring":1,"minecraft:leave_game":69,"minecraft:time_since_death":12409,"minecraft:sprint_one_cm":3253940,"minecraft:damage_blocked_by_shield":11211,"minecraft:drop":153,"minecraft:talked_to_villager":41,"minecraft:play_time":2118130,"minecraft:deaths":40,"minecraft:jump":33744,"minecraft:interact_with_brewingstand":1,"minecraft:walk_on_water_one_cm":355762,"minecraft:enchant_item":11,"minecraft:interact_with_furnace":290,"minecraft:traded_with_villager":1,"minecraft:sleep_in_bed":36,"minecraft:damage_dealt":51215,"minecraft:player_kills":17,"minecraft:crouch_one_cm":482728,"minecraft:horse_one_cm":1332,"minecraft:interact_with_anvil":2,"minecraft:mob_kills":275,"minecraft:inspect_hopper":3,"minecraft:interact_with_campfire":10,"minecraft:climb_one_cm":141929,"minecraft:walk_one_cm":7062598,"minecraft:sneak_time":147997,"minecraft:walk_under_water_one_cm":380901,"minecraft:boat_one_cm":660605,"minecraft:total_world_time":2118130,"minecraft:time_since_rest":12442,"minecraft:damage_taken":23914,"minecraft:swim_one_cm":762286,"minecraft:fly_one_cm":4378828,"minecraft:open_chest":824,"minecraft:fall_one_cm":695202},"minecraft:dropped":{"minecraft:iron_sword":2,"minecraft:lapis_lazuli":2,"minecraft:cooked_beef":11,"minecraft:oak_log":110,"minecraft:baked_potato":11,"minecraft:ender_pearl":2,"minecraft:diamond":3,"minecraft:cooked_porkchop":4,"minecraft:crossbow":1,"minecraft:cookie":104,"minecraft:leather":14,"minecraft:birch_slab":1,"minecraft:flint":2,"minecraft:gold_block":7,"minecraft:dirt":1,"minecraft:birch_fence":1,"minecraft:polished_blackstone_brick_stairs":1,"minecraft:mutton":1,"minecraft:pumpkin_pie":2,"minecraft:gold_nugget":3,"minecraft:bone_meal":3,"minecraft:amethyst_shard":4,"minecraft:polished_blackstone_bricks":8,"minecraft:iron_pickaxe":1,"minecraft:birch_stairs":3,"minecraft:gold_ingot":6,"minecraft:bone":24,"minecraft:sugar_cane":3,"minecraft:blackstone":2,"minecraft:stone_axe":7,"minecraft:wheat":1,"minecraft:rotten_flesh":49,"minecraft:oak_planks":74,"minecraft:white_bed":2,"minecraft:carrot":9,"minecraft:gunpowder":8,"minecraft:chest":2,"minecraft:arrow":30,"minecraft:beef":1,"minecraft:quartz":3,"minecraft:netherrack":124,"minecraft:water_bucket":1,"minecraft:stone_hoe":1,"minecraft:iron_ingot":1,"minecraft:oak_slab":8,"minecraft:wheat_seeds":49,"minecraft:iron_helmet":2,"minecraft:feather":2,"minecraft:cobblestone":158,"minecraft:spectral_arrow":17,"minecraft:apple":4,"minecraft:stick":80,"minecraft:oxeye_daisy":1,"minecraft:ink_sac":2,"minecraft:torch":21,"minecraft:wooden_axe":2,"minecraft:melon_slice":5,"minecraft:iron_leggings":2,"minecraft:iron_axe":2,"minecraft:string":7,"minecraft:bucket":1,"minecraft:redstone":8,"minecraft:soul_soil":1,"minecraft:oak_trapdoor":8,"minecraft:cocoa_beans":39,"minecraft:stone_shovel":3,"minecraft:clay_ball":2,"minecraft:iron_boots":3,"minecraft:shield":1,"minecraft:diamond_pickaxe":1,"minecraft:iron_chestplate":1,"minecraft:oak_sapling":15,"minecraft:golden_sword":1,"minecraft:bow":2,"minecraft:stone_pickaxe":4,"minecraft:wooden_pickaxe":1,"minecraft:magma_cream":3},"minecraft:picked_up":{"minecraft:wooden_axe":2,"minecraft:iron_chestplate":9,"minecraft:wheat":47,"minecraft:oak_stairs":10,"minecraft:golden_sword":4,"minecraft:lapis_block":19,"minecraft:polished_blackstone_brick_stairs":1,"minecraft:string":72,"minecraft:soul_soil":56,"minecraft:raw_copper":63,"minecraft:cooked_salmon":10,"minecraft:iron_leggings":11,"minecraft:oak_sign":1,"minecraft:gold_nugget":24,"minecraft:cobbled_deepslate":1531,"minecraft:bucket":7,"minecraft:rose_bush":10,"minecraft:cobblestone_slab":16,"minecraft:iron_pickaxe":7,"minecraft:melon_slice":455,"minecraft:iron_boots":12,"minecraft:furnace":3,"minecraft:stick":422,"minecraft:oak_fence":5,"minecraft:torch":107,"minecraft:acacia_log":3,"minecraft:golden_axe":1,"minecraft:diorite":121,"minecraft:stone_sword":2,"minecraft:cactus":11,"minecraft:rotten_flesh":217,"minecraft:polished_basalt":1,"minecraft:cobblestone":5430,"minecraft:nautilus_shell":4,"minecraft:birch_log":210,"minecraft:magma_block":1,"minecraft:feather":5,"minecraft:cooked_beef":20,"minecraft:magma_cream":8,"minecraft:birch_slab":13,"minecraft:water_bucket":3,"minecraft:andesite":41,"minecraft:jungle_log":472,"minecraft:potato":89,"minecraft:flint":25,"minecraft:tuff":153,"minecraft:acacia_boat":2,"minecraft:lapis_lazuli":47,"minecraft:dirt":7182,"minecraft:glass":22,"minecraft:bone":86,"minecraft:acacia_planks":2,"minecraft:bow":12,"minecraft:wheat_seeds":353,"minecraft:raw_gold":2,"minecraft:bell":2,"minecraft:bamboo":33,"minecraft:stone_hoe":6,"minecraft:oak_planks":273,"minecraft:cooked_porkchop":14,"minecraft:oak_pressure_plate":3,"minecraft:poisonous_potato":1,"minecraft:sand":337,"minecraft:jungle_planks":93,"minecraft:ink_sac":7,"minecraft:grass_block":2,"minecraft:spectral_arrow":20,"minecraft:chiseled_sandstone":1,"minecraft:diamond":12,"minecraft:deepslate":2,"minecraft:cracked_polished_blackstone_bricks":9,"minecraft:crossbow":2,"minecraft:granite":48,"minecraft:bone_meal":20,"minecraft:emerald":2,"minecraft:golden_horse_armor":1,"minecraft:bread":7,"minecraft:oak_sapling":369,"minecraft:netherrack":1009,"minecraft:diamond_pickaxe":1,"minecraft:cocoa_beans":226,"minecraft:crafting_table":24,"minecraft:chicken":1,"minecraft:clay_ball":66,"minecraft:leather_leggings":1,"minecraft:brown_mushroom":15,"minecraft:wooden_pickaxe":2,"minecraft:gold_block":6,"minecraft:shield":6,"minecraft:oak_trapdoor":18,"minecraft:iron_axe":4,"minecraft:iron_shovel":3,"minecraft:birch_fence":1,"minecraft:blackstone":31,"minecraft:glass_pane":15,"minecraft:beef":4,"minecraft:oak_boat":2,"minecraft:jungle_sapling":37,"minecraft:light_gray_wool":1,"minecraft:sugar_cane":128,"minecraft:chest":7,"minecraft:birch_sapling":44,"minecraft:egg":41,"minecraft:raw_iron":274,"minecraft:sandstone":52,"minecraft:stone":34,"minecraft:oak_door":4,"minecraft:copper_ingot":3,"minecraft:polished_blackstone_bricks":23,"minecraft:stone_button":1,"minecraft:cookie":79,"minecraft:carrot":93,"minecraft:redstone":92,"minecraft:stone_pressure_plate":1,"minecraft:jungle_sign":1,"minecraft:tnt":10,"minecraft:arrow":180,"minecraft:stone_shovel":7,"minecraft:pumpkin_pie":19,"minecraft:shears":1,"minecraft:hay_block":22,"minecraft:saddle":1,"minecraft:gold_ingot":20,"minecraft:mutton":1,"minecraft:bone_block":4,"minecraft:white_wool":5,"minecraft:oxeye_daisy":1,"minecraft:jungle_boat":6,"minecraft:basalt":115,"minecraft:glow_ink_sac":6,"minecraft:salmon":26,"minecraft:cut_sandstone":10,"minecraft:leather":16,"minecraft:jungle_fence":1,"minecraft:red_mushroom":3,"minecraft:birch_planks":3,"minecraft:crimson_fungus":1,"minecraft:oak_log":1075,"minecraft:yellow_bed":2,"minecraft:gunpowder":39,"minecraft:orange_terracotta":1,"minecraft:cooked_mutton":2,"minecraft:apple":55,"minecraft:stone_bricks":1,"minecraft:warped_stem":6,"minecraft:iron_ingot":56,"minecraft:stone_pickaxe":14,"minecraft:iron_sword":3,"minecraft:soul_sand":85,"minecraft:oak_slab":8,"minecraft:warped_fungus":2,"minecraft:pumpkin":6,"minecraft:quartz":39,"minecraft:dripstone_block":1,"minecraft:gravel":280,"minecraft:lava_bucket":1,"minecraft:birch_stairs":4,"minecraft:amethyst_shard":20,"minecraft:white_bed":7,"minecraft:spider_eye":30,"minecraft:pumpkin_seeds":19,"minecraft:slime_ball":10,"minecraft:stone_axe":13,"minecraft:chainmail_leggings":1,"minecraft:iron_helmet":12,"minecraft:baked_potato":40,"minecraft:melon_seeds":4,"minecraft:coal":497,"minecraft:ender_pearl":9},"minecraft:mined":{"minecraft:stone_pressure_plate":1,"minecraft:white_bed":5,"minecraft:oak_sapling":3,"minecraft:farmland":5,"minecraft:sculk_vein":1,"minecraft:jungle_leaves":196,"minecraft:granite":48,"minecraft:acacia_log":3,"minecraft:grass_block":3623,"minecraft:jungle_log":476,"minecraft:cracked_polished_blackstone_bricks":12,"minecraft:oak_pressure_plate":1,"minecraft:soul_soil":55,"minecraft:polished_diorite":1,"minecraft:crimson_fungus":1,"minecraft:oak_wall_sign":1,"minecraft:polished_blackstone_bricks":15,"minecraft:tall_seagrass":5,"minecraft:magma_block":1,"minecraft:iron_ore":263,"minecraft:cobbled_deepslate":46,"minecraft:fire":20,"minecraft:pumpkin":6,"minecraft:deepslate_lapis_ore":7,"minecraft:dirt_path":2,"minecraft:oak_stairs":10,"minecraft:cut_sandstone":10,"minecraft:deepslate_redstone_ore":19,"minecraft:brown_mushroom":15,"minecraft:blackstone":38,"minecraft:melon_stem":2,"minecraft:soul_fire":1,"minecraft:amethyst_cluster":1,"minecraft:orange_terracotta":1,"minecraft:clay":30,"minecraft:torch":8,"minecraft:melon":83,"minecraft:chest":6,"minecraft:dead_bush":13,"minecraft:glass":1,"minecraft:cobblestone":315,"minecraft:nether_quartz_ore":31,"minecraft:oak_planks":81,"minecraft:sugar_cane":70,"minecraft:wall_torch":12,"minecraft:seagrass":7,"minecraft:birch_log":211,"minecraft:lapis_block":1,"minecraft:wheat":48,"minecraft:warped_fungus":2,"minecraft:tnt":10,"minecraft:grass":801,"minecraft:oak_log":1049,"minecraft:sand":162,"minecraft:dirt":3246,"minecraft:netherrack":972,"minecraft:oak_leaves":676,"minecraft:deepslate":1526,"minecraft:nether_gold_ore":3,"minecraft:tuff":165,"minecraft:deepslate_diamond_ore":12,"minecraft:oak_door":1,"minecraft:glow_lichen":1,"minecraft:stone_button":1,"minecraft:jungle_planks":14,"minecraft:birch_slab":12,"minecraft:red_mushroom":3,"minecraft:sandstone":47,"minecraft:hay_block":10,"minecraft:oak_trapdoor":2,"minecraft:furnace":3,"minecraft:carrots":25,"minecraft:polished_basalt":2,"minecraft:chiseled_sandstone":1,"minecraft:andesite":41,"minecraft:gold_block":6,"minecraft:potatoes":30,"minecraft:cobblestone_slab":2,"minecraft:deepslate_iron_ore":8,"minecraft:vine":43,"minecraft:warped_stem":7,"minecraft:bamboo":4,"minecraft:stone":4536,"minecraft:podzol":1,"minecraft:birch_stairs":1,"minecraft:soul_sand":88,"minecraft:glass_pane":12,"minecraft:basalt":118,"minecraft:jungle_sign":1,"minecraft:oak_fence":6,"minecraft:crafting_table":20,"minecraft:emerald_ore":2,"minecraft:rose_bush":7,"minecraft:copper_ore":17,"minecraft:tall_grass":45,"minecraft:deepslate_gold_ore":2,"minecraft:polished_blackstone_brick_stairs":1,"minecraft:sculk":37,"minecraft:diorite":124,"minecraft:birch_planks":3,"minecraft:cactus":6,"minecraft:birch_leaves":31,"minecraft:jungle_fence":1,"minecraft:yellow_bed":2,"minecraft:coal_ore":417,"minecraft:cocoa":60,"minecraft:gravel":206,"minecraft:dripstone_block":1,"minecraft:acacia_planks":2,"minecraft:fern":42},"minecraft:killed_by":{"minecraft:creeper":1,"minecraft:drowned":1,"minecraft:witch":3,"minecraft:zombie":6,"minecraft:player":13,"minecraft:spider":1,"minecraft:enderman":1,"minecraft:iron_golem":1,"minecraft:skeleton":7},"minecraft:crafted":{"minecraft:oak_planks":1204,"minecraft:cobblestone_slab":48,"minecraft:barrel":3,"minecraft:oak_sign":3,"minecraft:cooked_chicken":2,"minecraft:birch_slab":12,"minecraft:stone":178,"minecraft:cobblestone_stairs":24,"minecraft:warped_planks":24,"minecraft:glass":182,"minecraft:diamond_helmet":1,"minecraft:bow":1,"minecraft:diamond_leggings":1,"minecraft:iron_boots":2,"minecraft:melon_seeds":31,"minecraft:birch_fence_gate":1,"minecraft:chest":32,"minecraft:oak_button":1,"minecraft:stone_hoe":3,"minecraft:stone_bricks":16,"minecraft:oak_fence":36,"minecraft:oak_slab":24,"minecraft:deepslate":1,"minecraft:emerald":1,"minecraft:crafting_table":25,"minecraft:jungle_boat":1,"minecraft:iron_helmet":1,"minecraft:wooden_pickaxe":7,"minecraft:baked_potato":24,"minecraft:birch_planks":36,"minecraft:pumpkin_seeds":20,"minecraft:campfire":2,"minecraft:iron_chestplate":2,"minecraft:charcoal":10,"minecraft:shield":6,"minecraft:birch_fence":3,"minecraft:stick":431,"minecraft:iron_ingot":142,"minecraft:iron_pickaxe":6,"minecraft:stone_sword":1,"minecraft:gold_ingot":4,"minecraft:birch_stairs":8,"minecraft:jungle_sign":3,"minecraft:wooden_sword":1,"minecraft:oak_door":6,"minecraft:cookie":152,"minecraft:stone_shovel":55,"minecraft:iron_nugget":9,"minecraft:stone_button":8,"minecraft:furnace":17,"minecraft:jungle_trapdoor":2,"minecraft:mushroom_stew":3,"minecraft:bone_meal":30,"minecraft:glass_pane":112,"minecraft:oak_trapdoor":6,"minecraft:lantern":1,"minecraft:iron_axe":1,"minecraft:ladder":6,"minecraft:stone_pickaxe":78,"minecraft:jungle_fence":12,"minecraft:golden_helmet":1,"minecraft:wheat":45,"minecraft:cooked_beef":7,"minecraft:iron_sword":3,"minecraft:bowl":8,"minecraft:cooked_salmon":13,"minecraft:bucket":7,"minecraft:stone_axe":35,"minecraft:jungle_slab":12,"minecraft:air":0,"minecraft:acacia_boat":1,"minecraft:jungle_planks":800,"minecraft:oak_boat":4,"minecraft:oak_stairs":40,"minecraft:wooden_axe":3,"minecraft:iron_shovel":1,"minecraft:iron_leggings":1,"minecraft:acacia_planks":12,"minecraft:torch":340},"minecraft:used":{"minecraft:iron_shovel":94,"minecraft:ladder":5,"minecraft:oak_sign":4,"minecraft:polished_basalt":1,"minecraft:chest":36,"minecraft:shield":282,"minecraft:iron_sword":109,"minecraft:stone":104,"minecraft:rotten_flesh":178,"minecraft:bell":1,"minecraft:iron_chestplate":9,"minecraft:cocoa_beans":91,"minecraft:jungle_planks":743,"minecraft:carrot":42,"minecraft:jungle_slab":12,"minecraft:tuff":63,"minecraft:glass":9,"minecraft:jungle_sapling":3,"minecraft:lava_bucket":28,"minecraft:lantern":1,"minecraft:iron_helmet":4,"minecraft:stone_bricks":13,"minecraft:golden_sword":5,"minecraft:bow":24,"minecraft:hay_block":2,"minecraft:oak_sapling":5,"minecraft:furnace":20,"minecraft:egg":16,"minecraft:potato":44,"minecraft:diorite":24,"minecraft:cactus":4,"minecraft:stone_pickaxe":7629,"minecraft:oak_planks":469,"minecraft:jungle_fence":13,"minecraft:ender_pearl":5,"minecraft:blackstone":28,"minecraft:wooden_pickaxe":316,"minecraft:sandstone":4,"minecraft:sugar_cane":39,"minecraft:jungle_boat":6,"minecraft:cookie":112,"minecraft:white_wool":1,"minecraft:golden_hoe":1,"minecraft:sand":25,"minecraft:mushroom_stew":3,"minecraft:crossbow":1,"minecraft:pumpkin_seeds":6,"minecraft:birch_fence":3,"minecraft:birch_fence_gate":1,"minecraft:stone_button":9,"minecraft:melon_slice":310,"minecraft:birch_slab":23,"minecraft:bread":6,"minecraft:oak_pressure_plate":2,"minecraft:gravel":41,"minecraft:jungle_sign":4,"minecraft:fire_charge":1,"minecraft:wooden_sword":31,"minecraft:andesite":1,"minecraft:oak_boat":5,"minecraft:bone_meal":30,"minecraft:oak_fence":37,"minecraft:oak_trapdoor":8,"minecraft:stone_sword":110,"minecraft:stone_shovel":6839,"minecraft:cooked_salmon":23,"minecraft:stone_hoe":258,"minecraft:cooked_chicken":2,"minecraft:netherrack":568,"minecraft:dirt":671,"minecraft:oak_door":8,"minecraft:torch":327,"minecraft:diamond_helmet":2,"minecraft:jungle_trapdoor":2,"minecraft:wooden_axe":83,"minecraft:iron_axe":130,"minecraft:oak_stairs":43,"minecraft:jungle_log":15,"minecraft:iron_boots":9,"minecraft:barrel":3,"minecraft:melon_seeds":39,"minecraft:basalt":105,"minecraft:stone_pressure_plate":1,"minecraft:cooked_beef":16,"minecraft:cobbled_deepslate":126,"minecraft:iron_leggings":8,"minecraft:wheat_seeds":87,"minecraft:cooked_mutton":6,"minecraft:acacia_boat":3,"minecraft:water_bucket":163,"minecraft:cobblestone_stairs":7,"minecraft:birch_planks":3,"minecraft:baked_potato":44,"minecraft:cobblestone_slab":32,"minecraft:leather_boots":1,"minecraft:polished_blackstone_bricks":15,"minecraft:tnt":1,"minecraft:oak_slab":2,"minecraft:crafting_table":44,"minecraft:white_bed":5,"minecraft:campfire":2,"minecraft:oak_log":5,"minecraft:apple":30,"minecraft:cracked_polished_blackstone_bricks":1,"minecraft:oak_button":1,"minecraft:iron_pickaxe":1009,"minecraft:stone_axe":2349,"minecraft:cobblestone":2841,"minecraft:cooked_porkchop":10,"minecraft:bucket":196,"minecraft:glass_pane":91,"minecraft:pumpkin_pie":17,"minecraft:yellow_bed":2,"minecraft:diamond_leggings":2,"minecraft:birch_stairs":6}},"DataVersion":3105}