{"stats":{"minecraft:killed":{"minecraft:spider":1,"minecraft:creeper":1,"minecraft:skeleton":3,"minecraft:zombie":13,"minecraft:cow":1},"minecraft:mined":{"minecraft:tuff":14,"minecraft:deepslate_diamond_ore":3,"minecraft:jungle_leaves":3,"minecraft:amethyst_cluster":1,"minecraft:crafting_table":2,"minecraft:glow_lichen":1,"minecraft:grass_block":6,"minecraft:jungle_log":12,"minecraft:dead_bush":1,"minecraft:tall_grass":9,"minecraft:copper_ore":1,"minecraft:sculk":10,"minecraft:diorite":5,"minecraft:wall_torch":1,"minecraft:seagrass":2,"minecraft:tall_seagrass":1,"minecraft:furnace":1,"minecraft:iron_ore":60,"minecraft:grass":40,"minecraft:oak_log":63,"minecraft:coal_ore":97,"minecraft:cocoa":1,"minecraft:sand":15,"minecraft:dirt":11,"minecraft:stone":116,"minecraft:deepslate":12,"minecraft:oak_leaves":54,"minecraft:fern":7},"minecraft:broken":{"minecraft:stone_pickaxe":1,"minecraft:stone_axe":1},"minecraft:dropped":{"minecraft:diamond":1,"minecraft:cooked_porkchop":4,"minecraft:oak_planks":25,"minecraft:ink_sac":1,"minecraft:torch":8,"minecraft:melon_slice":5,"minecraft:amethyst_shard":4,"minecraft:wooden_pickaxe":1,"minecraft:stone_pickaxe":1},"minecraft:crafted":{"minecraft:cooked_beef":5,"minecraft:oak_planks":40,"minecraft:crafting_table":2,"minecraft:cooked_chicken":2,"minecraft:stone_axe":2,"minecraft:air":0,"minecraft:stick":36,"minecraft:iron_ingot":1,"minecraft:stone_pickaxe":3,"minecraft:chest":1,"minecraft:iron_shovel":1,"minecraft:torch":80},"minecraft:killed_by":{"minecraft:skeleton":1,"minecraft:witch":3},"minecraft:custom":{"minecraft:interact_with_furnace":45,"minecraft:mob_kills":19,"minecraft:interact_with_crafting_table":8,"minecraft:leave_game":3,"minecraft:time_since_death":63261,"minecraft:sleep_in_bed":3,"minecraft:climb_one_cm":848,"minecraft:time_since_rest":22993,"minecraft:sprint_one_cm":180823,"minecraft:damage_taken":2008,"minecraft:walk_one_cm":215027,"minecraft:damage_blocked_by_shield":750,"minecraft:drop":15,"minecraft:damage_dealt":4276,"minecraft:swim_one_cm":20204,"minecraft:fly_one_cm":268384,"minecraft:player_kills":2,"minecraft:open_chest":5,"minecraft:crouch_one_cm":13695,"minecraft:play_time":84709,"minecraft:deaths":4,"minecraft:sneak_time":4968,"minecraft:walk_under_water_one_cm":5063,"minecraft:jump":2036,"minecraft:walk_on_water_one_cm":10444,"minecraft:total_world_time":84709,"minecraft:fall_one_cm":57431},"minecraft:used":{"minecraft:diorite":3,"minecraft:iron_shovel":34,"minecraft:stone_pickaxe":291,"minecraft:shield":14,"minecraft:chest":1,"minecraft:wooden_pickaxe":8,"minecraft:sugar_cane":1,"minecraft:cooked_chicken":2,"minecraft:rotten_flesh":1,"minecraft:torch":74,"minecraft:dirt":12,"minecraft:sand":1,"minecraft:crafting_table":3,"minecraft:white_bed":1,"minecraft:melon_slice":13,"minecraft:iron_pickaxe":25,"minecraft:stone_axe":147,"minecraft:furnace":1,"minecraft:cooked_porkchop":5,"minecraft:cooked_beef":5,"minecraft:iron_leggings":1},"minecraft:picked_up":{"minecraft:cocoa_beans":5,"minecraft:crafting_table":2,"minecraft:iron_chestplate":1,"minecraft:jungle_log":12,"minecraft:leather":2,"minecraft:wooden_pickaxe":1,"minecraft:tuff":14,"minecraft:oak_log":63,"minecraft:gunpowder":1,"minecraft:shield":1,"minecraft:dirt":28,"minecraft:string":2,"minecraft:raw_copper":3,"minecraft:iron_leggings":1,"minecraft:bone":4,"minecraft:apple":2,"minecraft:bow":1,"minecraft:wheat_seeds":6,"minecraft:cobbled_deepslate":17,"minecraft:beef":2,"minecraft:stone_pickaxe":1,"minecraft:jungle_sapling":3,"minecraft:iron_pickaxe":1,"minecraft:sugar_cane":1,"minecraft:melon_slice":18,"minecraft:oak_planks":21,"minecraft:iron_boots":1,"minecraft:furnace":1,"minecraft:stick":4,"minecraft:raw_iron":60,"minecraft:cooked_porkchop":13,"minecraft:torch":2,"minecraft:sand":15,"minecraft:amethyst_shard":8,"minecraft:ink_sac":2,"minecraft:diorite":4,"minecraft:white_bed":1,"minecraft:spider_eye":1,"minecraft:arrow":4,"minecraft:rotten_flesh":14,"minecraft:diamond":3,"minecraft:iron_helmet":1,"minecraft:oak_sapling":12,"minecraft:coal":101,"minecraft:white_wool":1,"minecraft:cobblestone":114}},"DataVersion":3105}