{"stats":{"minecraft:broken":{"minecraft:iron_chestplate":1,"minecraft:iron_leggings":1,"minecraft:stone_pickaxe":31,"minecraft:stone_axe":17,"minecraft:stone_shovel":51,"minecraft:stone_sword":1,"minecraft:wooden_pickaxe":1,"minecraft:shield":2,"minecraft:iron_axe":1,"minecraft:leather_boots":1,"minecraft:iron_pickaxe":1,"minecraft:iron_helmet":1},"minecraft:killed_by":{"minecraft:creeper":1,"minecraft:drowned":1,"minecraft:witch":3,"minecraft:zombie":4,"minecraft:player":1,"minecraft:spider":1,"minecraft:iron_golem":1,"minecraft:skeleton":6},"minecraft:mined":{"minecraft:stone_pressure_plate":1,"minecraft:white_bed":3,"minecraft:oak_sapling":3,"minecraft:farmland":4,"minecraft:sculk_vein":1,"minecraft:jungle_leaves":171,"minecraft:granite":40,"minecraft:acacia_log":3,"minecraft:grass_block":3608,"minecraft:jungle_log":377,"minecraft:cracked_polished_blackstone_bricks":12,"minecraft:soul_soil":14,"minecraft:polished_diorite":1,"minecraft:oak_wall_sign":1,"minecraft:polished_blackstone_bricks":15,"minecraft:tall_seagrass":4,"minecraft:magma_block":1,"minecraft:iron_ore":170,"minecraft:cobbled_deepslate":5,"minecraft:fire":4,"minecraft:deepslate_lapis_ore":3,"minecraft:dirt_path":2,"minecraft:oak_stairs":10,"minecraft:cut_sandstone":10,"minecraft:brown_mushroom":4,"minecraft:blackstone":33,"minecraft:melon_stem":2,"minecraft:soul_fire":1,"minecraft:amethyst_cluster":1,"minecraft:orange_terracotta":1,"minecraft:clay":30,"minecraft:torch":3,"minecraft:melon":12,"minecraft:chest":6,"minecraft:dead_bush":12,"minecraft:nether_quartz_ore":2,"minecraft:cobblestone":187,"minecraft:oak_planks":67,"minecraft:sugar_cane":39,"minecraft:wall_torch":7,"minecraft:seagrass":7,"minecraft:lapis_block":1,"minecraft:birch_log":211,"minecraft:wheat":11,"minecraft:tnt":10,"minecraft:grass":767,"minecraft:oak_log":1030,"minecraft:sand":144,"minecraft:dirt":3172,"minecraft:netherrack":219,"minecraft:oak_leaves":652,"minecraft:deepslate":242,"minecraft:nether_gold_ore":1,"minecraft:tuff":34,"minecraft:deepslate_diamond_ore":3,"minecraft:oak_door":1,"minecraft:glow_lichen":1,"minecraft:stone_button":1,"minecraft:jungle_planks":9,"minecraft:birch_slab":7,"minecraft:sandstone":47,"minecraft:hay_block":10,"minecraft:oak_trapdoor":2,"minecraft:furnace":3,"minecraft:carrots":4,"minecraft:polished_basalt":2,"minecraft:chiseled_sandstone":1,"minecraft:andesite":1,"minecraft:gold_block":6,"minecraft:potatoes":4,"minecraft:cobblestone_slab":2,"minecraft:deepslate_iron_ore":4,"minecraft:vine":36,"minecraft:bamboo":4,"minecraft:stone":3838,"minecraft:podzol":1,"minecraft:birch_stairs":1,"minecraft:glass_pane":12,"minecraft:soul_sand":45,"minecraft:basalt":3,"minecraft:jungle_sign":1,"minecraft:oak_fence":4,"minecraft:crafting_table":19,"minecraft:rose_bush":7,"minecraft:copper_ore":1,"minecraft:tall_grass":45,"minecraft:deepslate_gold_ore":2,"minecraft:polished_blackstone_brick_stairs":1,"minecraft:sculk":33,"minecraft:diorite":76,"minecraft:birch_planks":3,"minecraft:cactus":6,"minecraft:birch_leaves":31,"minecraft:jungle_fence":1,"minecraft:yellow_bed":1,"minecraft:coal_ore":274,"minecraft:cocoa":19,"minecraft:gravel":110,"minecraft:fern":38},"minecraft:used":{"minecraft:iron_shovel":94,"minecraft:ladder":5,"minecraft:oak_sign":4,"minecraft:polished_basalt":1,"minecraft:chest":32,"minecraft:shield":177,"minecraft:stone":39,"minecraft:iron_sword":87,"minecraft:rotten_flesh":145,"minecraft:iron_chestplate":7,"minecraft:cocoa_beans":23,"minecraft:jungle_planks":567,"minecraft:carrot":18,"minecraft:jungle_slab":12,"minecraft:tuff":13,"minecraft:glass":8,"minecraft:jungle_sapling":3,"minecraft:lava_bucket":10,"minecraft:iron_helmet":3,"minecraft:bow":24,"minecraft:hay_block":2,"minecraft:oak_sapling":4,"minecraft:furnace":16,"minecraft:egg":11,"minecraft:potato":14,"minecraft:diorite":10,"minecraft:stone_pickaxe":4722,"minecraft:jungle_fence":13,"minecraft:oak_planks":372,"minecraft:blackstone":25,"minecraft:wooden_pickaxe":67,"minecraft:sugar_cane":18,"minecraft:jungle_boat":2,"minecraft:cookie":112,"minecraft:white_wool":1,"minecraft:golden_hoe":1,"minecraft:sand":9,"minecraft:crossbow":1,"minecraft:birch_fence":2,"minecraft:stone_button":9,"minecraft:melon_slice":61,"minecraft:birch_slab":17,"minecraft:bread":6,"minecraft:oak_pressure_plate":1,"minecraft:gravel":6,"minecraft:jungle_sign":4,"minecraft:fire_charge":1,"minecraft:oak_boat":5,"minecraft:bone_meal":21,"minecraft:oak_fence":10,"minecraft:oak_trapdoor":8,"minecraft:stone_sword":110,"minecraft:stone_shovel":6765,"minecraft:cooked_salmon":23,"minecraft:stone_hoe":199,"minecraft:cooked_chicken":2,"minecraft:netherrack":155,"minecraft:dirt":559,"minecraft:oak_door":8,"minecraft:torch":268,"minecraft:diamond_helmet":2,"minecraft:jungle_trapdoor":1,"minecraft:wooden_axe":83,"minecraft:iron_axe":130,"minecraft:oak_stairs":43,"minecraft:jungle_log":5,"minecraft:iron_boots":4,"minecraft:melon_seeds":12,"minecraft:basalt":4,"minecraft:stone_pressure_plate":1,"minecraft:cooked_beef":16,"minecraft:cobbled_deepslate":28,"minecraft:iron_leggings":6,"minecraft:wheat_seeds":47,"minecraft:acacia_boat":3,"minecraft:water_bucket":8,"minecraft:cobblestone_stairs":7,"minecraft:birch_planks":3,"minecraft:baked_potato":44,"minecraft:cobblestone_slab":32,"minecraft:leather_boots":1,"minecraft:polished_blackstone_bricks":15,"minecraft:tnt":1,"minecraft:oak_slab":2,"minecraft:crafting_table":35,"minecraft:white_bed":2,"minecraft:campfire":2,"minecraft:oak_log":1,"minecraft:apple":30,"minecraft:cracked_polished_blackstone_bricks":1,"minecraft:oak_button":1,"minecraft:iron_pickaxe":568,"minecraft:stone_axe":1965,"minecraft:cobblestone":2586,"minecraft:cooked_porkchop":10,"minecraft:bucket":24,"minecraft:glass_pane":91,"minecraft:pumpkin_pie":17,"minecraft:yellow_bed":1,"minecraft:diamond_leggings":2,"minecraft:birch_stairs":6},"minecraft:dropped":{"minecraft:iron_sword":2,"minecraft:lapis_lazuli":2,"minecraft:cooked_beef":11,"minecraft:oak_log":110,"minecraft:baked_potato":11,"minecraft:diamond":3,"minecraft:cooked_porkchop":4,"minecraft:crossbow":1,"minecraft:cookie":104,"minecraft:leather":14,"minecraft:birch_slab":1,"minecraft:flint":2,"minecraft:gold_block":7,"minecraft:dirt":1,"minecraft:birch_fence":1,"minecraft:polished_blackstone_brick_stairs":1,"minecraft:mutton":1,"minecraft:gold_nugget":3,"minecraft:amethyst_shard":4,"minecraft:bone_meal":3,"minecraft:polished_blackstone_bricks":8,"minecraft:iron_pickaxe":1,"minecraft:birch_stairs":3,"minecraft:gold_ingot":6,"minecraft:bone":24,"minecraft:stone_axe":2,"minecraft:blackstone":2,"minecraft:sugar_cane":3,"minecraft:rotten_flesh":22,"minecraft:oak_planks":74,"minecraft:white_bed":2,"minecraft:carrot":9,"minecraft:gunpowder":8,"minecraft:chest":2,"minecraft:arrow":30,"minecraft:beef":1,"minecraft:quartz":3,"minecraft:netherrack":71,"minecraft:stone_hoe":1,"minecraft:iron_ingot":1,"minecraft:oak_slab":8,"minecraft:wheat_seeds":48,"minecraft:iron_helmet":1,"minecraft:feather":2,"minecraft:cobblestone":158,"minecraft:spectral_arrow":17,"minecraft:apple":4,"minecraft:stick":68,"minecraft:ink_sac":2,"minecraft:torch":21,"minecraft:wooden_axe":2,"minecraft:melon_slice":5,"minecraft:iron_leggings":2,"minecraft:iron_axe":2,"minecraft:string":7,"minecraft:bucket":1,"minecraft:redstone":8,"minecraft:soul_soil":1,"minecraft:oak_trapdoor":8,"minecraft:cocoa_beans":39,"minecraft:stone_shovel":2,"minecraft:clay_ball":2,"minecraft:iron_boots":1,"minecraft:shield":1,"minecraft:diamond_pickaxe":1,"minecraft:iron_chestplate":1,"minecraft:oak_sapling":15,"minecraft:bow":2,"minecraft:stone_pickaxe":4,"minecraft:wooden_pickaxe":1,"minecraft:magma_cream":3},"minecraft:killed":{"minecraft:witch":1,"minecraft:spider":24,"minecraft:skeleton":41,"minecraft:magma_cube":1,"minecraft:piglin":1,"minecraft:salmon":27,"minecraft:creeper":7,"minecraft:zombie":77,"minecraft:cow":2,"minecraft:slime":14,"minecraft:drowned":18,"minecraft:husk":4,"minecraft:enderman":2},"minecraft:picked_up":{"minecraft:wooden_axe":2,"minecraft:iron_chestplate":7,"minecraft:wheat":19,"minecraft:oak_stairs":10,"minecraft:lapis_block":19,"minecraft:polished_blackstone_brick_stairs":1,"minecraft:string":64,"minecraft:soul_soil":15,"minecraft:raw_copper":7,"minecraft:cooked_salmon":10,"minecraft:iron_leggings":8,"minecraft:oak_sign":1,"minecraft:gold_nugget":6,"minecraft:cobbled_deepslate":461,"minecraft:bucket":6,"minecraft:rose_bush":10,"minecraft:cobblestone_slab":16,"minecraft:iron_pickaxe":5,"minecraft:melon_slice":80,"minecraft:furnace":3,"minecraft:iron_boots":7,"minecraft:stick":317,"minecraft:oak_fence":4,"minecraft:torch":70,"minecraft:acacia_log":3,"minecraft:diorite":75,"minecraft:stone_sword":2,"minecraft:cactus":8,"minecraft:rotten_flesh":179,"minecraft:polished_basalt":1,"minecraft:cobblestone":4519,"minecraft:nautilus_shell":4,"minecraft:birch_log":210,"minecraft:andesite":1,"minecraft:magma_block":1,"minecraft:feather":5,"minecraft:cooked_beef":20,"minecraft:magma_cream":6,"minecraft:birch_slab":8,"minecraft:jungle_log":373,"minecraft:potato":37,"minecraft:flint":18,"minecraft:tuff":34,"minecraft:acacia_boat":2,"minecraft:lapis_lazuli":18,"minecraft:dirt":6925,"minecraft:bone":75,"minecraft:bow":12,"minecraft:wheat_seeds":255,"minecraft:raw_gold":2,"minecraft:bell":1,"minecraft:bamboo":30,"minecraft:stone_hoe":5,"minecraft:oak_planks":252,"minecraft:cooked_porkchop":14,"minecraft:oak_pressure_plate":1,"minecraft:sand":147,"minecraft:jungle_planks":8,"minecraft:ink_sac":7,"minecraft:grass_block":1,"minecraft:spectral_arrow":20,"minecraft:chiseled_sandstone":1,"minecraft:diamond":3,"minecraft:cracked_polished_blackstone_bricks":9,"minecraft:crossbow":2,"minecraft:granite":40,"minecraft:bone_meal":20,"minecraft:golden_horse_armor":1,"minecraft:bread":7,"minecraft:oak_sapling":365,"minecraft:netherrack":233,"minecraft:diamond_pickaxe":1,"minecraft:cocoa_beans":96,"minecraft:crafting_table":23,"minecraft:chicken":1,"minecraft:clay_ball":66,"minecraft:brown_mushroom":4,"minecraft:wooden_pickaxe":1,"minecraft:gold_block":6,"minecraft:shield":4,"minecraft:oak_trapdoor":18,"minecraft:iron_axe":4,"minecraft:birch_fence":1,"minecraft:iron_shovel":3,"minecraft:blackstone":27,"minecraft:glass_pane":15,"minecraft:beef":4,"minecraft:oak_boat":2,"minecraft:jungle_sapling":33,"minecraft:light_gray_wool":1,"minecraft:sugar_cane":76,"minecraft:chest":6,"minecraft:birch_sapling":44,"minecraft:egg":34,"minecraft:raw_iron":177,"minecraft:sandstone":47,"minecraft:stone":22,"minecraft:oak_door":4,"minecraft:copper_ingot":3,"minecraft:polished_blackstone_bricks":23,"minecraft:stone_button":1,"minecraft:cookie":79,"minecraft:carrot":29,"minecraft:redstone":27,"minecraft:stone_pressure_plate":1,"minecraft:jungle_sign":1,"minecraft:tnt":10,"minecraft:stone_shovel":1,"minecraft:arrow":123,"minecraft:pumpkin_pie":17,"minecraft:shears":1,"minecraft:hay_block":22,"minecraft:saddle":1,"minecraft:gold_ingot":15,"minecraft:mutton":1,"minecraft:bone_block":4,"minecraft:white_wool":5,"minecraft:jungle_boat":2,"minecraft:basalt":5,"minecraft:glow_ink_sac":6,"minecraft:jungle_fence":1,"minecraft:salmon":26,"minecraft:cut_sandstone":10,"minecraft:leather":16,"minecraft:birch_planks":3,"minecraft:oak_log":1056,"minecraft:yellow_bed":1,"minecraft:gunpowder":22,"minecraft:orange_terracotta":1,"minecraft:apple":53,"minecraft:iron_ingot":18,"minecraft:stone_pickaxe":6,"minecraft:iron_sword":2,"minecraft:soul_sand":45,"minecraft:oak_slab":8,"minecraft:quartz":5,"minecraft:gravel":194,"minecraft:lava_bucket":1,"minecraft:birch_stairs":4,"minecraft:amethyst_shard":20,"minecraft:white_bed":5,"minecraft:spider_eye":29,"minecraft:slime_ball":10,"minecraft:stone_axe":2,"minecraft:iron_helmet":7,"minecraft:baked_potato":40,"minecraft:melon_seeds":1,"minecraft:coal":354},"minecraft:crafted":{"minecraft:oak_planks":940,"minecraft:cobblestone_slab":48,"minecraft:oak_sign":3,"minecraft:cooked_chicken":2,"minecraft:birch_slab":12,"minecraft:stone":72,"minecraft:cobblestone_stairs":24,"minecraft:glass":54,"minecraft:diamond_helmet":1,"minecraft:bow":1,"minecraft:diamond_leggings":1,"minecraft:iron_boots":1,"minecraft:melon_seeds":7,"minecraft:chest":28,"minecraft:oak_button":1,"minecraft:stone_hoe":2,"minecraft:oak_fence":9,"minecraft:oak_slab":6,"minecraft:emerald":1,"minecraft:crafting_table":17,"minecraft:wooden_pickaxe":1,"minecraft:baked_potato":24,"minecraft:birch_planks":36,"minecraft:campfire":2,"minecraft:iron_chestplate":1,"minecraft:charcoal":7,"minecraft:shield":4,"minecraft:birch_fence":3,"minecraft:stick":347,"minecraft:iron_ingot":51,"minecraft:iron_pickaxe":3,"minecraft:stone_sword":1,"minecraft:gold_ingot":4,"minecraft:birch_stairs":8,"minecraft:jungle_sign":3,"minecraft:oak_door":6,"minecraft:cookie":152,"minecraft:stone_shovel":53,"minecraft:furnace":13,"minecraft:stone_button":8,"minecraft:jungle_trapdoor":2,"minecraft:bone_meal":21,"minecraft:oak_trapdoor":6,"minecraft:glass_pane":112,"minecraft:iron_axe":1,"minecraft:ladder":6,"minecraft:stone_pickaxe":51,"minecraft:jungle_fence":12,"minecraft:wheat":45,"minecraft:cooked_beef":7,"minecraft:iron_sword":1,"minecraft:bowl":4,"minecraft:cooked_salmon":13,"minecraft:bucket":7,"minecraft:stone_axe":24,"minecraft:jungle_slab":12,"minecraft:air":0,"minecraft:acacia_boat":1,"minecraft:jungle_planks":648,"minecraft:oak_boat":4,"minecraft:oak_stairs":40,"minecraft:wooden_axe":3,"minecraft:iron_shovel":1,"minecraft:acacia_planks":12,"minecraft:torch":288},"minecraft:custom":{"minecraft:animals_bred":4,"minecraft:interact_with_crafting_table":272,"minecraft:leave_game":25,"minecraft:time_since_death":44661,"minecraft:sprint_one_cm":2040993,"minecraft:damage_blocked_by_shield":6605,"minecraft:drop":134,"minecraft:talked_to_villager":12,"minecraft:play_time":1354797,"minecraft:deaths":20,"minecraft:jump":21604,"minecraft:walk_on_water_one_cm":302347,"minecraft:enchant_item":9,"minecraft:interact_with_furnace":185,"minecraft:traded_with_villager":1,"minecraft:sleep_in_bed":29,"minecraft:damage_dealt":37630,"minecraft:player_kills":6,"minecraft:crouch_one_cm":343250,"minecraft:horse_one_cm":1332,"minecraft:interact_with_anvil":2,"minecraft:mob_kills":221,"minecraft:inspect_hopper":3,"minecraft:interact_with_campfire":10,"minecraft:climb_one_cm":86852,"minecraft:walk_one_cm":4919846,"minecraft:sneak_time":101060,"minecraft:walk_under_water_one_cm":244797,"minecraft:boat_one_cm":520266,"minecraft:total_world_time":1354797,"minecraft:time_since_rest":44705,"minecraft:damage_taken":15357,"minecraft:swim_one_cm":585193,"minecraft:fly_one_cm":2697582,"minecraft:open_chest":392,"minecraft:fall_one_cm":470603}},"DataVersion":3105}