{"stats":{"minecraft:broken":{"minecraft:iron_chestplate":1,"minecraft:iron_leggings":1,"minecraft:stone_pickaxe":35,"minecraft:stone_axe":19,"minecraft:stone_shovel":51,"minecraft:stone_sword":1,"minecraft:wooden_pickaxe":4,"minecraft:shield":2,"minecraft:iron_axe":1,"minecraft:leather_boots":1,"minecraft:iron_pickaxe":3,"minecraft:iron_helmet":1},"minecraft:killed":{"minecraft:witch":1,"minecraft:spider":26,"minecraft:skeleton":43,"minecraft:magma_cube":1,"minecraft:piglin":2,"minecraft:zombie_villager":1,"minecraft:salmon":27,"minecraft:creeper":9,"minecraft:pillager":3,"minecraft:zombie":81,"minecraft:cow":2,"minecraft:slime":14,"minecraft:phantom":1,"minecraft:drowned":18,"minecraft:husk":7,"minecraft:enderman":4},"minecraft:custom":{"minecraft:animals_bred":7,"minecraft:interact_with_crafting_table":316,"minecraft:leave_game":40,"minecraft:time_since_death":0,"minecraft:sprint_one_cm":2493027,"minecraft:damage_blocked_by_shield":8895,"minecraft:drop":140,"minecraft:talked_to_villager":12,"minecraft:play_time":1614688,"minecraft:deaths":23,"minecraft:jump":25711,"minecraft:walk_on_water_one_cm":334667,"minecraft:enchant_item":9,"minecraft:interact_with_furnace":209,"minecraft:traded_with_villager":1,"minecraft:sleep_in_bed":30,"minecraft:damage_dealt":42193,"minecraft:player_kills":6,"minecraft:crouch_one_cm":441822,"minecraft:horse_one_cm":1332,"minecraft:interact_with_anvil":2,"minecraft:mob_kills":243,"minecraft:inspect_hopper":3,"minecraft:interact_with_campfire":10,"minecraft:climb_one_cm":138455,"minecraft:walk_one_cm":5703812,"minecraft:sneak_time":128019,"minecraft:walk_under_water_one_cm":274596,"minecraft:boat_one_cm":644723,"minecraft:total_world_time":1614688,"minecraft:time_since_rest":122,"minecraft:damage_taken":17738,"minecraft:swim_one_cm":627104,"minecraft:fly_one_cm":3322341,"minecraft:open_chest":480,"minecraft:fall_one_cm":557488},"minecraft:dropped":{"minecraft:iron_sword":2,"minecraft:lapis_lazuli":2,"minecraft:cooked_beef":11,"minecraft:oak_log":110,"minecraft:baked_potato":11,"minecraft:diamond":3,"minecraft:cooked_porkchop":4,"minecraft:crossbow":1,"minecraft:cookie":104,"minecraft:leather":14,"minecraft:birch_slab":1,"minecraft:flint":2,"minecraft:gold_block":7,"minecraft:dirt":1,"minecraft:birch_fence":1,"minecraft:polished_blackstone_brick_stairs":1,"minecraft:mutton":1,"minecraft:gold_nugget":3,"minecraft:bone_meal":3,"minecraft:amethyst_shard":4,"minecraft:polished_blackstone_bricks":8,"minecraft:iron_pickaxe":1,"minecraft:birch_stairs":3,"minecraft:gold_ingot":6,"minecraft:bone":24,"minecraft:stone_axe":2,"minecraft:blackstone":2,"minecraft:sugar_cane":3,"minecraft:wheat":1,"minecraft:rotten_flesh":49,"minecraft:oak_planks":74,"minecraft:white_bed":2,"minecraft:carrot":9,"minecraft:gunpowder":8,"minecraft:chest":2,"minecraft:arrow":30,"minecraft:beef":1,"minecraft:quartz":3,"minecraft:netherrack":124,"minecraft:stone_hoe":1,"minecraft:iron_ingot":1,"minecraft:oak_slab":8,"minecraft:wheat_seeds":49,"minecraft:iron_helmet":2,"minecraft:feather":2,"minecraft:cobblestone":158,"minecraft:spectral_arrow":17,"minecraft:apple":4,"minecraft:stick":68,"minecraft:ink_sac":2,"minecraft:torch":21,"minecraft:wooden_axe":2,"minecraft:melon_slice":5,"minecraft:iron_leggings":2,"minecraft:iron_axe":2,"minecraft:string":7,"minecraft:bucket":1,"minecraft:redstone":8,"minecraft:soul_soil":1,"minecraft:oak_trapdoor":8,"minecraft:cocoa_beans":39,"minecraft:stone_shovel":2,"minecraft:clay_ball":2,"minecraft:iron_boots":1,"minecraft:shield":1,"minecraft:diamond_pickaxe":1,"minecraft:iron_chestplate":1,"minecraft:oak_sapling":15,"minecraft:golden_sword":1,"minecraft:bow":2,"minecraft:stone_pickaxe":4,"minecraft:wooden_pickaxe":1,"minecraft:magma_cream":3},"minecraft:picked_up":{"minecraft:wooden_axe":2,"minecraft:iron_chestplate":7,"minecraft:wheat":40,"minecraft:oak_stairs":10,"minecraft:golden_sword":4,"minecraft:lapis_block":19,"minecraft:polished_blackstone_brick_stairs":1,"minecraft:string":67,"minecraft:soul_soil":46,"minecraft:raw_copper":7,"minecraft:cooked_salmon":10,"minecraft:iron_leggings":8,"minecraft:oak_sign":1,"minecraft:gold_nugget":6,"minecraft:cobbled_deepslate":473,"minecraft:bucket":6,"minecraft:rose_bush":10,"minecraft:cobblestone_slab":16,"minecraft:iron_pickaxe":6,"minecraft:melon_slice":278,"minecraft:iron_boots":7,"minecraft:furnace":3,"minecraft:stick":322,"minecraft:oak_fence":5,"minecraft:torch":74,"minecraft:acacia_log":3,"minecraft:diorite":86,"minecraft:stone_sword":2,"minecraft:cactus":8,"minecraft:rotten_flesh":189,"minecraft:polished_basalt":1,"minecraft:cobblestone":4774,"minecraft:nautilus_shell":4,"minecraft:birch_log":210,"minecraft:magma_block":1,"minecraft:feather":5,"minecraft:cooked_beef":20,"minecraft:magma_cream":8,"minecraft:birch_slab":9,"minecraft:andesite":2,"minecraft:jungle_log":470,"minecraft:potato":50,"minecraft:flint":18,"minecraft:tuff":56,"minecraft:acacia_boat":2,"minecraft:lapis_lazuli":18,"minecraft:dirt":6956,"minecraft:glass":22,"minecraft:bone":76,"minecraft:bow":12,"minecraft:wheat_seeds":328,"minecraft:raw_gold":2,"minecraft:bell":1,"minecraft:bamboo":33,"minecraft:stone_hoe":5,"minecraft:oak_planks":256,"minecraft:cooked_porkchop":14,"minecraft:oak_pressure_plate":1,"minecraft:sand":197,"minecraft:jungle_planks":18,"minecraft:ink_sac":7,"minecraft:grass_block":2,"minecraft:spectral_arrow":20,"minecraft:chiseled_sandstone":1,"minecraft:diamond":3,"minecraft:cracked_polished_blackstone_bricks":9,"minecraft:crossbow":2,"minecraft:granite":41,"minecraft:bone_meal":20,"minecraft:golden_horse_armor":1,"minecraft:bread":7,"minecraft:oak_sapling":367,"minecraft:netherrack":942,"minecraft:diamond_pickaxe":1,"minecraft:cocoa_beans":129,"minecraft:crafting_table":24,"minecraft:chicken":1,"minecraft:clay_ball":66,"minecraft:brown_mushroom":15,"minecraft:wooden_pickaxe":1,"minecraft:gold_block":6,"minecraft:shield":4,"minecraft:oak_trapdoor":18,"minecraft:iron_axe":4,"minecraft:iron_shovel":3,"minecraft:birch_fence":1,"minecraft:blackstone":30,"minecraft:glass_pane":15,"minecraft:beef":4,"minecraft:oak_boat":2,"minecraft:jungle_sapling":37,"minecraft:light_gray_wool":1,"minecraft:sugar_cane":100,"minecraft:chest":7,"minecraft:birch_sapling":44,"minecraft:egg":36,"minecraft:raw_iron":177,"minecraft:sandstone":52,"minecraft:stone":22,"minecraft:oak_door":4,"minecraft:copper_ingot":3,"minecraft:polished_blackstone_bricks":23,"minecraft:stone_button":1,"minecraft:cookie":79,"minecraft:carrot":51,"minecraft:redstone":27,"minecraft:stone_pressure_plate":1,"minecraft:jungle_sign":1,"minecraft:tnt":10,"minecraft:arrow":127,"minecraft:stone_shovel":1,"minecraft:pumpkin_pie":17,"minecraft:shears":1,"minecraft:hay_block":22,"minecraft:saddle":1,"minecraft:gold_ingot":20,"minecraft:mutton":1,"minecraft:bone_block":4,"minecraft:white_wool":5,"minecraft:jungle_boat":5,"minecraft:basalt":57,"minecraft:glow_ink_sac":6,"minecraft:jungle_fence":1,"minecraft:salmon":26,"minecraft:cut_sandstone":10,"minecraft:leather":16,"minecraft:red_mushroom":3,"minecraft:birch_planks":3,"minecraft:crimson_fungus":1,"minecraft:oak_log":1057,"minecraft:yellow_bed":1,"minecraft:gunpowder":24,"minecraft:orange_terracotta":1,"minecraft:apple":55,"minecraft:warped_stem":6,"minecraft:iron_ingot":45,"minecraft:stone_pickaxe":6,"minecraft:iron_sword":2,"minecraft:soul_sand":85,"minecraft:oak_slab":8,"minecraft:warped_fungus":2,"minecraft:pumpkin":6,"minecraft:quartz":10,"minecraft:gravel":194,"minecraft:lava_bucket":1,"minecraft:birch_stairs":4,"minecraft:amethyst_shard":20,"minecraft:white_bed":5,"minecraft:spider_eye":30,"minecraft:slime_ball":10,"minecraft:stone_axe":2,"minecraft:chainmail_leggings":1,"minecraft:iron_helmet":9,"minecraft:baked_potato":40,"minecraft:melon_seeds":4,"minecraft:coal":369,"minecraft:ender_pearl":3},"minecraft:mined":{"minecraft:stone_pressure_plate":1,"minecraft:white_bed":3,"minecraft:oak_sapling":3,"minecraft:farmland":4,"minecraft:sculk_vein":1,"minecraft:jungle_leaves":196,"minecraft:granite":41,"minecraft:acacia_log":3,"minecraft:grass_block":3622,"minecraft:jungle_log":474,"minecraft:cracked_polished_blackstone_bricks":12,"minecraft:soul_soil":45,"minecraft:polished_diorite":1,"minecraft:crimson_fungus":1,"minecraft:oak_wall_sign":1,"minecraft:polished_blackstone_bricks":15,"minecraft:tall_seagrass":4,"minecraft:magma_block":1,"minecraft:iron_ore":170,"minecraft:cobbled_deepslate":5,"minecraft:fire":20,"minecraft:pumpkin":6,"minecraft:deepslate_lapis_ore":3,"minecraft:dirt_path":2,"minecraft:oak_stairs":10,"minecraft:cut_sandstone":10,"minecraft:brown_mushroom":15,"minecraft:blackstone":37,"minecraft:melon_stem":2,"minecraft:soul_fire":1,"minecraft:amethyst_cluster":1,"minecraft:orange_terracotta":1,"minecraft:clay":30,"minecraft:torch":5,"minecraft:melon":50,"minecraft:chest":6,"minecraft:dead_bush":13,"minecraft:cobblestone":221,"minecraft:nether_quartz_ore":2,"minecraft:oak_planks":72,"minecraft:sugar_cane":55,"minecraft:wall_torch":7,"minecraft:seagrass":7,"minecraft:birch_log":211,"minecraft:lapis_block":1,"minecraft:wheat":40,"minecraft:warped_fungus":2,"minecraft:tnt":10,"minecraft:grass":787,"minecraft:oak_log":1031,"minecraft:sand":162,"minecraft:dirt":3175,"minecraft:netherrack":905,"minecraft:oak_leaves":671,"minecraft:deepslate":254,"minecraft:nether_gold_ore":1,"minecraft:tuff":56,"minecraft:deepslate_diamond_ore":3,"minecraft:oak_door":1,"minecraft:glow_lichen":1,"minecraft:stone_button":1,"minecraft:jungle_planks":12,"minecraft:birch_slab":8,"minecraft:red_mushroom":3,"minecraft:sandstone":47,"minecraft:hay_block":10,"minecraft:oak_trapdoor":2,"minecraft:furnace":3,"minecraft:carrots":13,"minecraft:polished_basalt":2,"minecraft:chiseled_sandstone":1,"minecraft:andesite":2,"minecraft:gold_block":6,"minecraft:potatoes":15,"minecraft:cobblestone_slab":2,"minecraft:deepslate_iron_ore":4,"minecraft:vine":43,"minecraft:warped_stem":7,"minecraft:bamboo":4,"minecraft:stone":4061,"minecraft:podzol":1,"minecraft:birch_stairs":1,"minecraft:glass_pane":12,"minecraft:soul_sand":88,"minecraft:basalt":58,"minecraft:jungle_sign":1,"minecraft:oak_fence":5,"minecraft:crafting_table":20,"minecraft:rose_bush":7,"minecraft:copper_ore":1,"minecraft:tall_grass":45,"minecraft:deepslate_gold_ore":2,"minecraft:polished_blackstone_brick_stairs":1,"minecraft:sculk":33,"minecraft:diorite":87,"minecraft:birch_planks":3,"minecraft:cactus":6,"minecraft:birch_leaves":31,"minecraft:jungle_fence":1,"minecraft:yellow_bed":1,"minecraft:coal_ore":289,"minecraft:cocoa":30,"minecraft:gravel":110,"minecraft:fern":42},"minecraft:killed_by":{"minecraft:creeper":1,"minecraft:drowned":1,"minecraft:witch":3,"minecraft:zombie":5,"minecraft:player":2,"minecraft:spider":1,"minecraft:enderman":1,"minecraft:iron_golem":1,"minecraft:skeleton":6},"minecraft:crafted":{"minecraft:oak_planks":1076,"minecraft:cobblestone_slab":48,"minecraft:oak_sign":3,"minecraft:cooked_chicken":2,"minecraft:birch_slab":12,"minecraft:stone":94,"minecraft:cobblestone_stairs":24,"minecraft:warped_planks":24,"minecraft:glass":54,"minecraft:diamond_helmet":1,"minecraft:bow":1,"minecraft:diamond_leggings":1,"minecraft:iron_boots":2,"minecraft:melon_seeds":22,"minecraft:birch_fence_gate":1,"minecraft:chest":29,"minecraft:oak_button":1,"minecraft:stone_hoe":2,"minecraft:oak_fence":27,"minecraft:oak_slab":6,"minecraft:emerald":1,"minecraft:crafting_table":24,"minecraft:jungle_boat":1,"minecraft:wooden_pickaxe":5,"minecraft:baked_potato":24,"minecraft:birch_planks":36,"minecraft:pumpkin_seeds":4,"minecraft:campfire":2,"minecraft:iron_chestplate":2,"minecraft:charcoal":10,"minecraft:shield":4,"minecraft:birch_fence":3,"minecraft:stick":375,"minecraft:iron_ingot":51,"minecraft:iron_pickaxe":5,"minecraft:stone_sword":1,"minecraft:gold_ingot":4,"minecraft:birch_stairs":8,"minecraft:jungle_sign":3,"minecraft:wooden_sword":1,"minecraft:oak_door":6,"minecraft:cookie":152,"minecraft:stone_shovel":53,"minecraft:stone_button":8,"minecraft:furnace":15,"minecraft:jungle_trapdoor":2,"minecraft:mushroom_stew":3,"minecraft:bone_meal":24,"minecraft:glass_pane":112,"minecraft:oak_trapdoor":6,"minecraft:iron_axe":1,"minecraft:ladder":6,"minecraft:stone_pickaxe":58,"minecraft:jungle_fence":12,"minecraft:golden_helmet":1,"minecraft:wheat":45,"minecraft:cooked_beef":7,"minecraft:iron_sword":2,"minecraft:bowl":8,"minecraft:cooked_salmon":13,"minecraft:bucket":7,"minecraft:stone_axe":28,"minecraft:jungle_slab":12,"minecraft:air":0,"minecraft:acacia_boat":1,"minecraft:jungle_planks":800,"minecraft:oak_boat":4,"minecraft:oak_stairs":40,"minecraft:wooden_axe":3,"minecraft:iron_shovel":1,"minecraft:iron_leggings":1,"minecraft:acacia_planks":12,"minecraft:torch":304},"minecraft:used":{"minecraft:iron_shovel":94,"minecraft:ladder":5,"minecraft:oak_sign":4,"minecraft:polished_basalt":1,"minecraft:chest":33,"minecraft:shield":228,"minecraft:iron_sword":91,"minecraft:stone":54,"minecraft:rotten_flesh":154,"minecraft:iron_chestplate":8,"minecraft:cocoa_beans":55,"minecraft:jungle_planks":712,"minecraft:carrot":30,"minecraft:jungle_slab":12,"minecraft:tuff":36,"minecraft:glass":8,"minecraft:jungle_sapling":3,"minecraft:lava_bucket":28,"minecraft:iron_helmet":3,"minecraft:golden_sword":2,"minecraft:bow":24,"minecraft:hay_block":2,"minecraft:oak_sapling":4,"minecraft:furnace":18,"minecraft:egg":16,"minecraft:potato":27,"minecraft:diorite":24,"minecraft:cactus":4,"minecraft:stone_pickaxe":5246,"minecraft:oak_planks":465,"minecraft:jungle_fence":13,"minecraft:ender_pearl":1,"minecraft:blackstone":28,"minecraft:wooden_pickaxe":257,"minecraft:sandstone":4,"minecraft:sugar_cane":36,"minecraft:jungle_boat":5,"minecraft:cookie":112,"minecraft:white_wool":1,"minecraft:golden_hoe":1,"minecraft:sand":17,"minecraft:mushroom_stew":3,"minecraft:crossbow":1,"minecraft:pumpkin_seeds":3,"minecraft:birch_fence":3,"minecraft:birch_fence_gate":1,"minecraft:stone_button":9,"minecraft:melon_slice":194,"minecraft:birch_slab":19,"minecraft:bread":6,"minecraft:oak_pressure_plate":1,"minecraft:gravel":6,"minecraft:jungle_sign":4,"minecraft:fire_charge":1,"minecraft:wooden_sword":31,"minecraft:andesite":1,"minecraft:oak_boat":5,"minecraft:bone_meal":24,"minecraft:oak_fence":32,"minecraft:oak_trapdoor":8,"minecraft:stone_sword":110,"minecraft:stone_shovel":6765,"minecraft:cooked_salmon":23,"minecraft:stone_hoe":223,"minecraft:cooked_chicken":2,"minecraft:netherrack":446,"minecraft:dirt":598,"minecraft:oak_door":8,"minecraft:torch":286,"minecraft:diamond_helmet":2,"minecraft:jungle_trapdoor":2,"minecraft:wooden_axe":83,"minecraft:iron_axe":130,"minecraft:oak_stairs":43,"minecraft:jungle_log":13,"minecraft:iron_boots":5,"minecraft:melon_seeds":30,"minecraft:basalt":56,"minecraft:stone_pressure_plate":1,"minecraft:cooked_beef":16,"minecraft:cobbled_deepslate":70,"minecraft:iron_leggings":6,"minecraft:wheat_seeds":79,"minecraft:acacia_boat":3,"minecraft:water_bucket":32,"minecraft:cobblestone_stairs":7,"minecraft:birch_planks":3,"minecraft:baked_potato":44,"minecraft:cobblestone_slab":32,"minecraft:leather_boots":1,"minecraft:polished_blackstone_bricks":15,"minecraft:tnt":1,"minecraft:oak_slab":2,"minecraft:crafting_table":43,"minecraft:white_bed":3,"minecraft:campfire":2,"minecraft:oak_log":5,"minecraft:apple":30,"minecraft:cracked_polished_blackstone_bricks":1,"minecraft:oak_button":1,"minecraft:iron_pickaxe":923,"minecraft:stone_axe":2152,"minecraft:cobblestone":2706,"minecraft:cooked_porkchop":10,"minecraft:bucket":65,"minecraft:glass_pane":91,"minecraft:pumpkin_pie":17,"minecraft:yellow_bed":1,"minecraft:diamond_leggings":2,"minecraft:birch_stairs":6}},"DataVersion":3105}