{"stats":{"minecraft:killed":{"minecraft:witch":1,"minecraft:spider":34,"minecraft:skeleton":56,"minecraft:magma_cube":1,"minecraft:piglin":2,"minecraft:zombie_villager":1,"minecraft:salmon":106,"minecraft:creeper":16,"minecraft:pillager":3,"minecraft:zombie":100,"minecraft:cow":2,"minecraft:slime":14,"minecraft:phantom":1,"minecraft:drowned":37,"minecraft:husk":7,"minecraft:enderman":4},"minecraft:mined":{"minecraft:stone_pressure_plate":1,"minecraft:white_bed":5,"minecraft:oak_sapling":3,"minecraft:farmland":5,"minecraft:sculk_vein":1,"minecraft:jungle_leaves":196,"minecraft:granite":48,"minecraft:grass_block":3628,"minecraft:acacia_log":3,"minecraft:jungle_log":476,"minecraft:cracked_polished_blackstone_bricks":12,"minecraft:oak_pressure_plate":1,"minecraft:soul_soil":55,"minecraft:polished_diorite":1,"minecraft:crimson_fungus":1,"minecraft:oak_wall_sign":1,"minecraft:nether_wart":5,"minecraft:polished_blackstone_bricks":15,"minecraft:tall_seagrass":5,"minecraft:magma_block":1,"minecraft:iron_ore":263,"minecraft:sticky_piston":4,"minecraft:fire":20,"minecraft:cobbled_deepslate":46,"minecraft:pumpkin":8,"minecraft:deepslate_lapis_ore":9,"minecraft:dirt_path":2,"minecraft:oak_stairs":10,"minecraft:cut_sandstone":10,"minecraft:deepslate_redstone_ore":19,"minecraft:brown_mushroom":15,"minecraft:blackstone":38,"minecraft:melon_stem":2,"minecraft:soul_fire":1,"minecraft:amethyst_cluster":1,"minecraft:orange_terracotta":1,"minecraft:clay":30,"minecraft:torch":9,"minecraft:melon":94,"minecraft:chest":6,"minecraft:dead_bush":13,"minecraft:glass":1,"minecraft:cobblestone":593,"minecraft:nether_quartz_ore":31,"minecraft:oak_planks":81,"minecraft:sugar_cane":74,"minecraft:wall_torch":12,"minecraft:cauldron":1,"minecraft:seagrass":7,"minecraft:birch_log":211,"minecraft:lapis_block":1,"minecraft:wheat":48,"minecraft:warped_fungus":2,"minecraft:tnt":10,"minecraft:stone_brick_stairs":1,"minecraft:grass":816,"minecraft:oak_log":1073,"minecraft:sand":162,"minecraft:dirt":3273,"minecraft:netherrack":973,"minecraft:oak_leaves":737,"minecraft:deepslate":1526,"minecraft:nether_gold_ore":3,"minecraft:tuff":165,"minecraft:deepslate_diamond_ore":12,"minecraft:oak_door":1,"minecraft:glow_lichen":1,"minecraft:lever":2,"minecraft:stone_button":7,"minecraft:jungle_planks":14,"minecraft:redstone_wire":33,"minecraft:birch_slab":12,"minecraft:red_mushroom":3,"minecraft:sandstone":47,"minecraft:hay_block":10,"minecraft:oak_trapdoor":2,"minecraft:furnace":3,"minecraft:carrots":25,"minecraft:polished_basalt":2,"minecraft:chiseled_sandstone":1,"minecraft:andesite":41,"minecraft:gold_block":6,"minecraft:potatoes":30,"minecraft:cobblestone_slab":3,"minecraft:deepslate_iron_ore":8,"minecraft:vine":43,"minecraft:warped_stem":7,"minecraft:bamboo":4,"minecraft:stone":4979,"minecraft:redstone_wall_torch":3,"minecraft:podzol":1,"minecraft:birch_stairs":1,"minecraft:soul_sand":100,"minecraft:glass_pane":12,"minecraft:basalt":118,"minecraft:jungle_sign":1,"minecraft:oak_fence":6,"minecraft:crafting_table":22,"minecraft:emerald_ore":2,"minecraft:rose_bush":7,"minecraft:copper_ore":31,"minecraft:tall_grass":51,"minecraft:deepslate_gold_ore":2,"minecraft:polished_blackstone_brick_stairs":1,"minecraft:sculk":37,"minecraft:diorite":124,"minecraft:birch_planks":3,"minecraft:cactus":6,"minecraft:redstone_torch":6,"minecraft:birch_leaves":31,"minecraft:jungle_fence":1,"minecraft:yellow_bed":2,"minecraft:coal_ore":432,"minecraft:cocoa":60,"minecraft:gravel":207,"minecraft:dripstone_block":1,"minecraft:acacia_planks":2,"minecraft:stone_bricks":16,"minecraft:fern":42},"minecraft:broken":{"minecraft:iron_chestplate":1,"minecraft:iron_leggings":1,"minecraft:stone_pickaxe":59,"minecraft:stone_axe":20,"minecraft:stone_shovel":52,"minecraft:stone_sword":1,"minecraft:wooden_pickaxe":5,"minecraft:shield":3,"minecraft:iron_axe":1,"minecraft:leather_boots":1,"minecraft:iron_pickaxe":4,"minecraft:iron_helmet":2},"minecraft:dropped":{"minecraft:iron_sword":2,"minecraft:lapis_lazuli":2,"minecraft:cooked_beef":11,"minecraft:oak_log":116,"minecraft:baked_potato":11,"minecraft:ender_pearl":2,"minecraft:diamond":3,"minecraft:cooked_porkchop":4,"minecraft:crossbow":1,"minecraft:cookie":104,"minecraft:leather":14,"minecraft:jungle_planks":32,"minecraft:birch_slab":1,"minecraft:flint":2,"minecraft:gold_block":7,"minecraft:dirt":99,"minecraft:birch_fence":1,"minecraft:polished_blackstone_brick_stairs":1,"minecraft:mutton":1,"minecraft:bone_meal":3,"minecraft:gold_nugget":3,"minecraft:pumpkin_pie":2,"minecraft:amethyst_shard":4,"minecraft:sand":29,"minecraft:polished_blackstone_bricks":8,"minecraft:iron_pickaxe":1,"minecraft:birch_stairs":3,"minecraft:gold_ingot":6,"minecraft:bone":26,"minecraft:sugar_cane":3,"minecraft:blackstone":2,"minecraft:stone_axe":7,"minecraft:wheat":1,"minecraft:rotten_flesh":54,"minecraft:oak_planks":74,"minecraft:white_bed":2,"minecraft:carrot":9,"minecraft:gunpowder":8,"minecraft:chest":2,"minecraft:arrow":30,"minecraft:beef":1,"minecraft:quartz":21,"minecraft:netherrack":124,"minecraft:water_bucket":1,"minecraft:stone_hoe":1,"minecraft:iron_ingot":48,"minecraft:oak_slab":8,"minecraft:wheat_seeds":49,"minecraft:iron_helmet":3,"minecraft:feather":2,"minecraft:cobblestone":168,"minecraft:observer":1,"minecraft:spectral_arrow":17,"minecraft:apple":4,"minecraft:stick":212,"minecraft:oxeye_daisy":1,"minecraft:lava_bucket":1,"minecraft:ink_sac":2,"minecraft:torch":21,"minecraft:wooden_axe":2,"minecraft:melon_slice":11,"minecraft:iron_leggings":3,"minecraft:iron_axe":2,"minecraft:string":11,"minecraft:bucket":2,"minecraft:redstone_block":6,"minecraft:redstone":59,"minecraft:soul_soil":1,"minecraft:oak_trapdoor":8,"minecraft:cocoa_beans":39,"minecraft:stone_shovel":3,"minecraft:clay_ball":2,"minecraft:iron_boots":6,"minecraft:stone":66,"minecraft:shield":1,"minecraft:diamond_pickaxe":1,"minecraft:iron_chestplate":2,"minecraft:oak_sapling":15,"minecraft:golden_sword":1,"minecraft:redstone_torch":3,"minecraft:spider_eye":2,"minecraft:bow":2,"minecraft:stone_pickaxe":4,"minecraft:wooden_pickaxe":1,"minecraft:magma_cream":3},"minecraft:crafted":{"minecraft:oak_planks":1244,"minecraft:cobblestone_slab":48,"minecraft:barrel":3,"minecraft:oak_sign":3,"minecraft:cooked_chicken":2,"minecraft:birch_slab":12,"minecraft:cobblestone_stairs":24,"minecraft:stone":421,"minecraft:cooked_mutton":2,"minecraft:warped_planks":24,"minecraft:glass":182,"minecraft:diamond_helmet":1,"minecraft:bow":1,"minecraft:diamond_leggings":1,"minecraft:iron_boots":4,"minecraft:melon_seeds":34,"minecraft:birch_fence_gate":1,"minecraft:stone_pressure_plate":1,"minecraft:chest":33,"minecraft:oak_button":1,"minecraft:stone_hoe":3,"minecraft:stone_bricks":268,"minecraft:oak_fence":36,"minecraft:smoker":1,"minecraft:oak_slab":24,"minecraft:deepslate":1,"minecraft:emerald":1,"minecraft:crafting_table":26,"minecraft:jungle_boat":1,"minecraft:iron_helmet":1,"minecraft:wooden_pickaxe":7,"minecraft:baked_potato":24,"minecraft:sticky_piston":2,"minecraft:pumpkin_seeds":20,"minecraft:birch_planks":36,"minecraft:campfire":2,"minecraft:stone_brick_stairs":12,"minecraft:iron_chestplate":3,"minecraft:charcoal":10,"minecraft:shield":7,"minecraft:birch_fence":3,"minecraft:stick":447,"minecraft:iron_ingot":142,"minecraft:iron_pickaxe":6,"minecraft:stone_sword":1,"minecraft:gold_ingot":4,"minecraft:redstone_torch":1,"minecraft:birch_stairs":8,"minecraft:jungle_sign":3,"minecraft:wooden_sword":1,"minecraft:oak_door":6,"minecraft:cookie":152,"minecraft:stone_shovel":55,"minecraft:iron_nugget":9,"minecraft:stone_button":9,"minecraft:furnace":20,"minecraft:piston":2,"minecraft:jungle_trapdoor":2,"minecraft:mushroom_stew":3,"minecraft:bone_meal":36,"minecraft:glass_pane":112,"minecraft:oak_trapdoor":6,"minecraft:lantern":1,"minecraft:iron_axe":1,"minecraft:ladder":6,"minecraft:stone_pickaxe":81,"minecraft:jungle_fence":12,"minecraft:golden_helmet":1,"minecraft:wheat":45,"minecraft:cooked_beef":7,"minecraft:sugar":6,"minecraft:iron_sword":3,"minecraft:bowl":8,"minecraft:cooked_salmon":84,"minecraft:bucket":7,"minecraft:stone_axe":35,"minecraft:jungle_slab":12,"minecraft:air":0,"minecraft:acacia_boat":1,"minecraft:jungle_planks":800,"minecraft:oak_boat":4,"minecraft:oak_stairs":40,"minecraft:wooden_axe":3,"minecraft:iron_shovel":1,"minecraft:iron_leggings":2,"minecraft:pumpkin_pie":2,"minecraft:acacia_planks":12,"minecraft:torch":340},"minecraft:killed_by":{"minecraft:creeper":1,"minecraft:drowned":1,"minecraft:witch":3,"minecraft:zombie":6,"minecraft:player":13,"minecraft:spider":1,"minecraft:enderman":1,"minecraft:iron_golem":1,"minecraft:skeleton":7},"minecraft:custom":{"minecraft:animals_bred":13,"minecraft:interact_with_crafting_table":405,"minecraft:open_barrel":28,"minecraft:bell_ring":2,"minecraft:leave_game":77,"minecraft:time_since_death":206005,"minecraft:sprint_one_cm":3459017,"minecraft:damage_blocked_by_shield":13261,"minecraft:drop":189,"minecraft:talked_to_villager":41,"minecraft:play_time":2311726,"minecraft:deaths":40,"minecraft:jump":37234,"minecraft:interact_with_brewingstand":1,"minecraft:walk_on_water_one_cm":399804,"minecraft:enchant_item":14,"minecraft:interact_with_furnace":401,"minecraft:traded_with_villager":1,"minecraft:sleep_in_bed":39,"minecraft:damage_dealt":60083,"minecraft:player_kills":17,"minecraft:crouch_one_cm":496233,"minecraft:interact_with_smoker":29,"minecraft:use_cauldron":1,"minecraft:horse_one_cm":1332,"minecraft:interact_with_anvil":4,"minecraft:mob_kills":388,"minecraft:inspect_hopper":3,"minecraft:interact_with_campfire":10,"minecraft:climb_one_cm":142915,"minecraft:walk_one_cm":7654717,"minecraft:sneak_time":155222,"minecraft:walk_under_water_one_cm":503059,"minecraft:boat_one_cm":660605,"minecraft:total_world_time":2311726,"minecraft:time_since_rest":79706,"minecraft:damage_taken":24607,"minecraft:swim_one_cm":905753,"minecraft:fly_one_cm":4970439,"minecraft:open_chest":971,"minecraft:fall_one_cm":748864},"minecraft:used":{"minecraft:iron_shovel":94,"minecraft:oak_sign":4,"minecraft:ladder":5,"minecraft:polished_basalt":1,"minecraft:chest":37,"minecraft:shield":314,"minecraft:nether_wart":23,"minecraft:iron_sword":294,"minecraft:stone":123,"minecraft:rotten_flesh":188,"minecraft:bell":1,"minecraft:iron_chestplate":9,"minecraft:soul_sand":12,"minecraft:cocoa_beans":91,"minecraft:jungle_planks":743,"minecraft:carrot":42,"minecraft:jungle_slab":12,"minecraft:tuff":63,"minecraft:glass":9,"minecraft:jungle_sapling":3,"minecraft:lava_bucket":28,"minecraft:lantern":1,"minecraft:iron_helmet":4,"minecraft:stone_brick_stairs":7,"minecraft:stone_bricks":264,"minecraft:golden_sword":5,"minecraft:bow":24,"minecraft:hay_block":2,"minecraft:oak_sapling":10,"minecraft:furnace":22,"minecraft:egg":16,"minecraft:potato":44,"minecraft:diorite":24,"minecraft:cactus":4,"minecraft:stone_pickaxe":8040,"minecraft:oak_planks":469,"minecraft:jungle_fence":13,"minecraft:ender_pearl":5,"minecraft:blackstone":28,"minecraft:wooden_pickaxe":316,"minecraft:sandstone":4,"minecraft:sugar_cane":39,"minecraft:jungle_boat":6,"minecraft:cookie":112,"minecraft:white_wool":1,"minecraft:golden_hoe":1,"minecraft:sand":25,"minecraft:mushroom_stew":3,"minecraft:crossbow":1,"minecraft:pumpkin_seeds":6,"minecraft:birch_fence":3,"minecraft:redstone_torch":10,"minecraft:sticky_piston":6,"minecraft:lever":1,"minecraft:birch_fence_gate":1,"minecraft:stone_button":16,"minecraft:melon_slice":316,"minecraft:birch_slab":23,"minecraft:bread":6,"minecraft:oak_pressure_plate":2,"minecraft:gravel":41,"minecraft:jungle_sign":4,"minecraft:fire_charge":1,"minecraft:wooden_sword":31,"minecraft:andesite":1,"minecraft:oak_boat":5,"minecraft:bone_meal":34,"minecraft:oak_fence":37,"minecraft:oak_trapdoor":8,"minecraft:stone_sword":110,"minecraft:stone_shovel":6851,"minecraft:redstone":47,"minecraft:cooked_salmon":36,"minecraft:dirt":685,"minecraft:stone_hoe":284,"minecraft:cooked_chicken":2,"minecraft:netherrack":568,"minecraft:oak_door":8,"minecraft:torch":336,"minecraft:diamond_helmet":2,"minecraft:jungle_trapdoor":2,"minecraft:wooden_axe":83,"minecraft:iron_axe":130,"minecraft:oak_stairs":43,"minecraft:jungle_log":15,"minecraft:iron_boots":9,"minecraft:barrel":3,"minecraft:melon_seeds":42,"minecraft:basalt":105,"minecraft:stone_pressure_plate":2,"minecraft:cooked_beef":16,"minecraft:cobbled_deepslate":126,"minecraft:iron_leggings":8,"minecraft:wheat_seeds":87,"minecraft:cooked_mutton":8,"minecraft:acacia_boat":3,"minecraft:water_bucket":169,"minecraft:cobblestone_stairs":7,"minecraft:birch_planks":3,"minecraft:baked_potato":44,"minecraft:cauldron":1,"minecraft:cobblestone_slab":33,"minecraft:leather_boots":1,"minecraft:polished_blackstone_bricks":15,"minecraft:tnt":1,"minecraft:oak_slab":2,"minecraft:crafting_table":47,"minecraft:white_bed":5,"minecraft:campfire":2,"minecraft:smoker":1,"minecraft:oak_log":5,"minecraft:apple":30,"minecraft:cracked_polished_blackstone_bricks":1,"minecraft:oak_button":1,"minecraft:iron_pickaxe":1381,"minecraft:stone_axe":2396,"minecraft:cobblestone":2935,"minecraft:cooked_porkchop":10,"minecraft:bucket":202,"minecraft:glass_pane":91,"minecraft:pumpkin_pie":19,"minecraft:yellow_bed":2,"minecraft:diamond_leggings":2,"minecraft:birch_stairs":6},"minecraft:picked_up":{"minecraft:wooden_axe":2,"minecraft:iron_chestplate":10,"minecraft:wheat":47,"minecraft:redstone_block":6,"minecraft:oak_stairs":10,"minecraft:stone_brick_stairs":1,"minecraft:golden_sword":4,"minecraft:lapis_block":19,"minecraft:polished_blackstone_brick_stairs":1,"minecraft:string":77,"minecraft:soul_soil":56,"minecraft:raw_copper":115,"minecraft:cooked_salmon":10,"minecraft:iron_leggings":12,"minecraft:sticky_piston":4,"minecraft:oak_sign":1,"minecraft:gold_nugget":24,"minecraft:cobbled_deepslate":1531,"minecraft:bucket":9,"minecraft:rose_bush":10,"minecraft:redstone_torch":12,"minecraft:cobblestone_slab":17,"minecraft:iron_pickaxe":7,"minecraft:melon_slice":505,"minecraft:iron_boots":15,"minecraft:furnace":3,"minecraft:stick":553,"minecraft:oak_fence":5,"minecraft:torch":109,"minecraft:acacia_log":3,"minecraft:golden_axe":1,"minecraft:diorite":121,"minecraft:cauldron":1,"minecraft:stone_sword":2,"minecraft:cactus":11,"minecraft:rotten_flesh":244,"minecraft:polished_basalt":1,"minecraft:cobblestone":6188,"minecraft:nautilus_shell":4,"minecraft:birch_log":210,"minecraft:magma_block":1,"minecraft:feather":5,"minecraft:cooked_beef":20,"minecraft:magma_cream":8,"minecraft:birch_slab":13,"minecraft:water_bucket":3,"minecraft:andesite":41,"minecraft:jungle_log":472,"minecraft:potato":89,"minecraft:flint":25,"minecraft:tuff":153,"minecraft:acacia_boat":2,"minecraft:lapis_lazuli":58,"minecraft:dirt":7214,"minecraft:glass":22,"minecraft:bone":89,"minecraft:acacia_planks":2,"minecraft:bow":12,"minecraft:wheat_seeds":355,"minecraft:raw_gold":2,"minecraft:bell":2,"minecraft:bamboo":33,"minecraft:stone_hoe":6,"minecraft:oak_planks":273,"minecraft:cooked_porkchop":14,"minecraft:oak_pressure_plate":3,"minecraft:poisonous_potato":1,"minecraft:sand":337,"minecraft:jungle_planks":103,"minecraft:ink_sac":7,"minecraft:grass_block":2,"minecraft:spectral_arrow":20,"minecraft:chiseled_sandstone":1,"minecraft:diamond":12,"minecraft:deepslate":2,"minecraft:lever":2,"minecraft:cracked_polished_blackstone_bricks":9,"minecraft:crossbow":2,"minecraft:granite":48,"minecraft:bone_meal":23,"minecraft:emerald":2,"minecraft:golden_horse_armor":1,"minecraft:bread":7,"minecraft:oak_sapling":378,"minecraft:netherrack":1010,"minecraft:diamond_pickaxe":1,"minecraft:cocoa_beans":226,"minecraft:crafting_table":26,"minecraft:chicken":1,"minecraft:nether_wart":38,"minecraft:clay_ball":66,"minecraft:leather_leggings":1,"minecraft:brown_mushroom":15,"minecraft:wooden_pickaxe":2,"minecraft:gold_block":6,"minecraft:shield":6,"minecraft:oak_trapdoor":18,"minecraft:iron_axe":4,"minecraft:iron_shovel":3,"minecraft:birch_fence":1,"minecraft:blackstone":31,"minecraft:glass_pane":15,"minecraft:beef":4,"minecraft:oak_boat":2,"minecraft:observer":1,"minecraft:jungle_sapling":37,"minecraft:light_gray_wool":1,"minecraft:sugar_cane":134,"minecraft:chest":7,"minecraft:birch_sapling":44,"minecraft:egg":41,"minecraft:raw_iron":274,"minecraft:sandstone":52,"minecraft:stone":34,"minecraft:oak_door":4,"minecraft:copper_ingot":5,"minecraft:polished_blackstone_bricks":23,"minecraft:stone_button":7,"minecraft:cookie":79,"minecraft:carrot":93,"minecraft:redstone":151,"minecraft:stone_pressure_plate":1,"minecraft:jungle_sign":1,"minecraft:tnt":10,"minecraft:arrow":182,"minecraft:stone_shovel":7,"minecraft:pumpkin_pie":19,"minecraft:shears":1,"minecraft:hay_block":22,"minecraft:saddle":1,"minecraft:gold_ingot":20,"minecraft:mutton":1,"minecraft:bone_block":4,"minecraft:white_wool":5,"minecraft:oxeye_daisy":1,"minecraft:jungle_boat":6,"minecraft:basalt":115,"minecraft:glow_ink_sac":6,"minecraft:salmon":101,"minecraft:cut_sandstone":10,"minecraft:leather":16,"minecraft:jungle_fence":1,"minecraft:red_mushroom":3,"minecraft:birch_planks":3,"minecraft:crimson_fungus":1,"minecraft:oak_log":1110,"minecraft:yellow_bed":2,"minecraft:gunpowder":43,"minecraft:orange_terracotta":1,"minecraft:cooked_mutton":2,"minecraft:apple":55,"minecraft:stone_bricks":17,"minecraft:warped_stem":6,"minecraft:iron_ingot":65,"minecraft:stone_pickaxe":14,"minecraft:iron_sword":3,"minecraft:soul_sand":97,"minecraft:oak_slab":8,"minecraft:warped_fungus":2,"minecraft:pumpkin":8,"minecraft:quartz":48,"minecraft:dandelion":1,"minecraft:dripstone_block":1,"minecraft:gravel":281,"minecraft:lava_bucket":1,"minecraft:birch_stairs":4,"minecraft:amethyst_shard":20,"minecraft:white_bed":7,"minecraft:spider_eye":33,"minecraft:pumpkin_seeds":19,"minecraft:slime_ball":10,"minecraft:stone_axe":13,"minecraft:chainmail_leggings":1,"minecraft:iron_helmet":13,"minecraft:baked_potato":40,"minecraft:melon_seeds":4,"minecraft:coal":512,"minecraft:ender_pearl":9}},"DataVersion":3105}