{"stats":{"minecraft:killed_by":{"minecraft:drowned":1,"minecraft:witch":3,"minecraft:zombie":1,"minecraft:player":1,"minecraft:spider":1,"minecraft:skeleton":4},"minecraft:picked_up":{"minecraft:wooden_axe":2,"minecraft:iron_chestplate":4,"minecraft:wheat":15,"minecraft:oak_stairs":10,"minecraft:lapis_block":19,"minecraft:string":16,"minecraft:raw_copper":7,"minecraft:cooked_salmon":4,"minecraft:iron_leggings":4,"minecraft:cobbled_deepslate":294,"minecraft:bucket":3,"minecraft:iron_pickaxe":4,"minecraft:melon_slice":55,"minecraft:iron_boots":4,"minecraft:furnace":3,"minecraft:stick":146,"minecraft:oak_fence":3,"minecraft:torch":12,"minecraft:acacia_log":3,"minecraft:diorite":4,"minecraft:stone_sword":1,"minecraft:cactus":4,"minecraft:rotten_flesh":82,"minecraft:cobblestone":1527,"minecraft:birch_log":130,"minecraft:magma_block":1,"minecraft:cooked_beef":9,"minecraft:feather":3,"minecraft:birch_slab":5,"minecraft:jungle_log":12,"minecraft:potato":27,"minecraft:flint":8,"minecraft:tuff":27,"minecraft:acacia_boat":2,"minecraft:lapis_lazuli":13,"minecraft:dirt":235,"minecraft:bone":38,"minecraft:bow":8,"minecraft:wheat_seeds":215,"minecraft:raw_gold":2,"minecraft:bell":1,"minecraft:stone_hoe":4,"minecraft:oak_planks":200,"minecraft:cooked_porkchop":14,"minecraft:sand":55,"minecraft:ink_sac":7,"minecraft:chiseled_sandstone":1,"minecraft:diamond":3,"minecraft:bone_meal":18,"minecraft:golden_horse_armor":1,"minecraft:bread":7,"minecraft:oak_sapling":176,"minecraft:cocoa_beans":96,"minecraft:crafting_table":21,"minecraft:chicken":1,"minecraft:clay_ball":2,"minecraft:wooden_pickaxe":1,"minecraft:shield":2,"minecraft:oak_trapdoor":2,"minecraft:birch_fence":1,"minecraft:iron_shovel":3,"minecraft:beef":4,"minecraft:oak_boat":2,"minecraft:jungle_sapling":3,"minecraft:light_gray_wool":1,"minecraft:chest":4,"minecraft:sugar_cane":76,"minecraft:birch_sapling":31,"minecraft:egg":23,"minecraft:raw_iron":105,"minecraft:sandstone":47,"minecraft:oak_door":4,"minecraft:copper_ingot":1,"minecraft:stone_button":1,"minecraft:carrot":4,"minecraft:redstone":27,"minecraft:stone_pressure_plate":1,"minecraft:tnt":10,"minecraft:arrow":40,"minecraft:shears":1,"minecraft:hay_block":22,"minecraft:saddle":1,"minecraft:gold_ingot":15,"minecraft:white_wool":5,"minecraft:glow_ink_sac":6,"minecraft:salmon":13,"minecraft:cut_sandstone":10,"minecraft:leather":16,"minecraft:birch_planks":3,"minecraft:oak_log":535,"minecraft:yellow_bed":1,"minecraft:gunpowder":5,"minecraft:orange_terracotta":1,"minecraft:apple":30,"minecraft:iron_ingot":13,"minecraft:stone_pickaxe":4,"minecraft:iron_sword":1,"minecraft:oak_slab":8,"minecraft:gravel":33,"minecraft:lava_bucket":1,"minecraft:birch_stairs":4,"minecraft:amethyst_shard":20,"minecraft:white_bed":3,"minecraft:spider_eye":13,"minecraft:slime_ball":10,"minecraft:stone_axe":1,"minecraft:iron_helmet":4,"minecraft:baked_potato":1,"minecraft:melon_seeds":1,"minecraft:coal":265},"minecraft:killed":{"minecraft:spider":9,"minecraft:skeleton":18,"minecraft:salmon":13,"minecraft:creeper":4,"minecraft:zombie":40,"minecraft:cow":2,"minecraft:slime":14,"minecraft:drowned":6,"minecraft:husk":3,"minecraft:enderman":2},"minecraft:dropped":{"minecraft:iron_sword":1,"minecraft:lapis_lazuli":2,"minecraft:cooked_beef":9,"minecraft:oak_log":30,"minecraft:diamond":3,"minecraft:cooked_porkchop":4,"minecraft:cookie":75,"minecraft:leather":14,"minecraft:birch_slab":1,"minecraft:dirt":1,"minecraft:birch_fence":1,"minecraft:bone_meal":3,"minecraft:amethyst_shard":4,"minecraft:birch_stairs":3,"minecraft:bone":16,"minecraft:stone_axe":1,"minecraft:sugar_cane":3,"minecraft:rotten_flesh":15,"minecraft:oak_planks":50,"minecraft:white_bed":1,"minecraft:chest":2,"minecraft:beef":1,"minecraft:iron_ingot":1,"minecraft:oak_slab":8,"minecraft:wheat_seeds":47,"minecraft:apple":4,"minecraft:stick":7,"minecraft:ink_sac":2,"minecraft:torch":8,"minecraft:wooden_axe":2,"minecraft:melon_slice":5,"minecraft:redstone":8,"minecraft:cocoa_beans":39,"minecraft:clay_ball":2,"minecraft:bow":1,"minecraft:stone_pickaxe":2,"minecraft:wooden_pickaxe":1},"minecraft:crafted":{"minecraft:oak_planks":544,"minecraft:cobblestone_slab":48,"minecraft:cooked_chicken":2,"minecraft:birch_slab":12,"minecraft:cobblestone_stairs":24,"minecraft:stone":8,"minecraft:glass":26,"minecraft:diamond_helmet":1,"minecraft:diamond_leggings":1,"minecraft:iron_boots":1,"minecraft:melon_seeds":1,"minecraft:chest":16,"minecraft:stone_hoe":1,"minecraft:oak_fence":9,"minecraft:oak_slab":6,"minecraft:emerald":1,"minecraft:crafting_table":8,"minecraft:campfire":1,"minecraft:birch_planks":36,"minecraft:iron_chestplate":1,"minecraft:shield":1,"minecraft:birch_fence":3,"minecraft:stick":80,"minecraft:iron_pickaxe":1,"minecraft:iron_ingot":34,"minecraft:gold_ingot":4,"minecraft:birch_stairs":8,"minecraft:cookie":152,"minecraft:oak_door":3,"minecraft:stone_shovel":1,"minecraft:furnace":4,"minecraft:stone_button":8,"minecraft:bone_meal":18,"minecraft:oak_trapdoor":6,"minecraft:glass_pane":48,"minecraft:ladder":6,"minecraft:stone_pickaxe":14,"minecraft:wheat":45,"minecraft:cooked_beef":5,"minecraft:iron_sword":1,"minecraft:cooked_salmon":6,"minecraft:bucket":4,"minecraft:stone_axe":10,"minecraft:acacia_boat":1,"minecraft:air":0,"minecraft:oak_boat":3,"minecraft:wooden_axe":2,"minecraft:oak_stairs":40,"minecraft:iron_shovel":1,"minecraft:acacia_planks":12,"minecraft:torch":140},"minecraft:custom":{"minecraft:animals_bred":2,"minecraft:interact_with_crafting_table":132,"minecraft:leave_game":15,"minecraft:time_since_death":212031,"minecraft:sprint_one_cm":1154587,"minecraft:damage_blocked_by_shield":4400,"minecraft:drop":67,"minecraft:talked_to_villager":11,"minecraft:play_time":621054,"minecraft:deaths":11,"minecraft:jump":12491,"minecraft:walk_on_water_one_cm":184128,"minecraft:enchant_item":5,"minecraft:interact_with_furnace":101,"minecraft:traded_with_villager":1,"minecraft:sleep_in_bed":17,"minecraft:damage_dealt":18661,"minecraft:player_kills":5,"minecraft:crouch_one_cm":112314,"minecraft:mob_kills":113,"minecraft:interact_with_campfire":4,"minecraft:climb_one_cm":18610,"minecraft:walk_one_cm":1975615,"minecraft:sneak_time":32888,"minecraft:walk_under_water_one_cm":100350,"minecraft:boat_one_cm":317838,"minecraft:total_world_time":621054,"minecraft:time_since_rest":1826,"minecraft:damage_taken":7005,"minecraft:swim_one_cm":326537,"minecraft:fly_one_cm":1557912,"minecraft:open_chest":205,"minecraft:fall_one_cm":289081},"minecraft:used":{"minecraft:iron_shovel":94,"minecraft:ladder":5,"minecraft:chest":18,"minecraft:shield":108,"minecraft:iron_sword":87,"minecraft:rotten_flesh":87,"minecraft:iron_chestplate":6,"minecraft:cocoa_beans":23,"minecraft:tuff":13,"minecraft:jungle_sapling":3,"minecraft:lava_bucket":10,"minecraft:iron_helmet":2,"minecraft:bow":7,"minecraft:hay_block":2,"minecraft:furnace":7,"minecraft:oak_sapling":4,"minecraft:egg":9,"minecraft:diorite":3,"minecraft:stone_pickaxe":1739,"minecraft:oak_planks":280,"minecraft:wooden_pickaxe":8,"minecraft:sugar_cane":12,"minecraft:cookie":77,"minecraft:white_wool":1,"minecraft:golden_hoe":1,"minecraft:sand":9,"minecraft:birch_fence":2,"minecraft:birch_slab":15,"minecraft:bread":6,"minecraft:melon_slice":49,"minecraft:stone_button":9,"minecraft:gravel":1,"minecraft:fire_charge":1,"minecraft:oak_boat":4,"minecraft:bone_meal":18,"minecraft:oak_trapdoor":8,"minecraft:oak_fence":9,"minecraft:stone_sword":78,"minecraft:stone_shovel":81,"minecraft:cooked_salmon":9,"minecraft:stone_hoe":31,"minecraft:cooked_chicken":2,"minecraft:oak_door":6,"minecraft:torch":141,"minecraft:dirt":75,"minecraft:diamond_helmet":2,"minecraft:wooden_axe":30,"minecraft:oak_stairs":43,"minecraft:jungle_log":2,"minecraft:iron_boots":3,"minecraft:melon_seeds":6,"minecraft:stone_pressure_plate":1,"minecraft:cooked_beef":5,"minecraft:cobbled_deepslate":21,"minecraft:iron_leggings":5,"minecraft:wheat_seeds":13,"minecraft:acacia_boat":3,"minecraft:water_bucket":1,"minecraft:cobblestone_stairs":7,"minecraft:birch_planks":3,"minecraft:baked_potato":1,"minecraft:cobblestone_slab":32,"minecraft:tnt":1,"minecraft:oak_slab":2,"minecraft:crafting_table":24,"minecraft:campfire":1,"minecraft:white_bed":2,"minecraft:oak_log":1,"minecraft:apple":26,"minecraft:iron_pickaxe":336,"minecraft:stone_axe":880,"minecraft:cobblestone":815,"minecraft:cooked_porkchop":10,"minecraft:bucket":15,"minecraft:glass_pane":48,"minecraft:yellow_bed":1,"minecraft:diamond_leggings":2,"minecraft:birch_stairs":6},"minecraft:broken":{"minecraft:stone_pickaxe":11,"minecraft:stone_axe":8,"minecraft:stone_sword":1,"minecraft:shield":1,"minecraft:iron_pickaxe":1},"minecraft:mined":{"minecraft:stone_pressure_plate":1,"minecraft:white_bed":2,"minecraft:farmland":4,"minecraft:sculk_vein":1,"minecraft:jungle_leaves":3,"minecraft:acacia_log":3,"minecraft:grass_block":115,"minecraft:jungle_log":12,"minecraft:polished_diorite":1,"minecraft:tall_seagrass":3,"minecraft:magma_block":1,"minecraft:iron_ore":98,"minecraft:oak_stairs":10,"minecraft:cut_sandstone":10,"minecraft:melon_stem":2,"minecraft:amethyst_cluster":1,"minecraft:orange_terracotta":1,"minecraft:torch":1,"minecraft:melon":7,"minecraft:chest":2,"minecraft:dead_bush":3,"minecraft:cobblestone":88,"minecraft:sugar_cane":39,"minecraft:oak_planks":47,"minecraft:wall_torch":2,"minecraft:seagrass":5,"minecraft:birch_log":131,"minecraft:lapis_block":1,"minecraft:wheat":7,"minecraft:tnt":10,"minecraft:grass":607,"minecraft:oak_log":506,"minecraft:sand":52,"minecraft:dirt":55,"minecraft:oak_leaves":219,"minecraft:deepslate":134,"minecraft:tuff":27,"minecraft:deepslate_diamond_ore":3,"minecraft:oak_door":1,"minecraft:glow_lichen":1,"minecraft:stone_button":1,"minecraft:birch_slab":4,"minecraft:sandstone":47,"minecraft:hay_block":10,"minecraft:oak_trapdoor":2,"minecraft:furnace":3,"minecraft:carrots":1,"minecraft:chiseled_sandstone":1,"minecraft:potatoes":1,"minecraft:deepslate_iron_ore":4,"minecraft:stone":1375,"minecraft:birch_stairs":1,"minecraft:glass_pane":4,"minecraft:oak_fence":3,"minecraft:crafting_table":17,"minecraft:tall_grass":45,"minecraft:copper_ore":1,"minecraft:deepslate_gold_ore":2,"minecraft:sculk":33,"minecraft:diorite":5,"minecraft:birch_planks":3,"minecraft:cactus":4,"minecraft:birch_leaves":18,"minecraft:yellow_bed":1,"minecraft:coal_ore":248,"minecraft:cocoa":19,"minecraft:gravel":35,"minecraft:fern":12}},"DataVersion":3105}